Date,Adj Close,Close,High,Low,Open,Volume
2014-04-24,402.7237243652344,421.6000061035156,421.6000061035156,358.3999938964844,361.6000061035156,14042500
2014-04-25,355.7265319824219,372.3999938964844,472.0,334.79998779296875,433.6000061035156,27035000
2014-04-28,309.8756408691406,324.3999938964844,370.7999877929688,318.3999938964844,368.7999877929688,5790000
2014-04-30,264.7889099121094,277.20001220703125,333.6000061035156,274.3999938964844,330.3999938964844,8247500
2014-05-01,302.9980163574219,317.20001220703125,317.20001220703125,286.3999938964844,293.20001220703125,9297500
2014-05-02,301.85174560546875,316.0,345.6000061035156,308.79998779296875,328.0,11860000
2014-05-07,359.16534423828125,376.0,376.0,353.20001220703125,354.0,8722500
2014-05-08,384.7654418945313,402.7999877929688,427.2000122070313,376.7999877929688,406.0,23712500
2014-05-09,306.8189392089844,321.20001220703125,374.7999877929688,321.20001220703125,372.7999877929688,8487500
2014-05-12,324.3951721191406,339.6000061035156,356.79998779296875,322.3999938964844,339.20001220703125,9390000
2014-05-13,315.98907470703125,330.79998779296875,358.0,324.0,355.6000061035156,4520000
2014-05-14,343.1175537109375,359.20001220703125,365.6000061035156,329.20001220703125,329.6000061035156,5827500
2014-05-15,400.4312133789063,419.2000122070313,419.2000122070313,342.79998779296875,347.20001220703125,11107500
2014-05-16,372.53857421875,390.0,456.7999877929688,381.6000061035156,424.3999938964844,20672500
2014-05-19,315.2249450683594,330.0,384.0,330.0,376.3999938964844,8232500
2014-05-20,323.6308898925781,338.79998779296875,364.0,330.3999938964844,344.0,6940000
2014-05-21,320.1921081542969,335.20001220703125,345.6000061035156,324.79998779296875,326.79998779296875,2995000
2014-05-22,322.4846496582031,337.6000061035156,347.20001220703125,328.3999938964844,342.3999938964844,2955000
2014-05-23,321.33837890625,336.3999938964844,345.20001220703125,327.20001220703125,336.0,2110000
2014-05-26,336.23992919921875,352.0,360.7999877929688,338.79998779296875,339.6000061035156,3907500
2014-05-27,379.0340576171875,396.7999877929688,412.0,365.2000122070313,366.7999877929688,7807500
2014-05-28,374.83111572265625,392.3999938964844,417.6000061035156,380.0,414.7999877929688,8387500
2014-05-29,370.6280822753906,388.0,416.0,380.0,384.0,7717500
2014-05-30,355.3444519042969,372.0,401.2000122070313,368.3999938964844,397.6000061035156,5145000
2014-06-02,412.6580505371094,432.0,432.0,376.3999938964844,390.0,7180000
2014-06-03,527.2852783203125,552.0,552.0,537.2000122070312,542.0,2360000
2014-06-04,515.8226318359375,540.0,598.0,515.5999755859375,576.0,18427500
2014-06-05,630.4498901367188,660.0,660.0,522.0,564.0,12402500
2014-06-06,732.0859985351562,766.4000244140625,804.0,644.0,646.7999877929688,50282500
2014-06-09,783.2861938476562,820.0,892.7999877929688,804.0,874.4000244140625,17172500
2014-06-10,709.5426025390625,742.7999877929688,812.0,733.5999755859375,801.2000122070312,13865000
2014-06-11,775.6443481445312,812.0,902.7999877929688,726.7999877929688,740.0,33217500
2014-06-12,727.5008544921875,761.5999755859375,793.5999755859375,733.5999755859375,766.0,9322500
2014-06-13,729.4112548828125,763.5999755859375,792.0,737.2000122070312,760.7999877929688,4287500
2014-06-16,649.5543823242188,680.0,758.0,678.7999877929688,752.4000244140625,3712500
2014-06-17,664.8380126953125,696.0,761.5999755859375,621.5999755859375,666.0,7520000
2014-06-18,651.0827026367188,681.5999755859375,725.5999755859375,664.7999877929688,696.0,2807500
2014-06-19,803.9190063476562,841.5999755859375,841.5999755859375,685.2000122070312,697.2000122070312,8077500
2014-06-20,749.280029296875,784.4000244140625,949.2000122070312,776.7999877929688,899.5999755859375,9665000
2014-06-23,748.515869140625,783.5999755859375,844.7999877929688,745.5999755859375,784.4000244140625,3525000
2014-06-24,723.2979125976562,757.2000122070312,796.0,753.2000122070312,753.2000122070312,1955000
2014-06-25,711.0709838867188,744.4000244140625,774.0,743.5999755859375,752.4000244140625,790000
2014-06-26,729.7933959960938,764.0,787.5999755859375,748.4000244140625,760.4000244140625,1402500
2014-06-27,695.0231323242188,727.5999755859375,779.5999755859375,700.0,779.5999755859375,1490000
2014-06-30,682.4142456054688,714.4000244140625,737.2000122070312,706.0,711.5999755859375,690000
2014-07-01,730.939697265625,765.2000122070312,778.0,708.0,716.7999877929688,1180000
2014-07-02,783.2861938476562,820.0,824.4000244140625,772.4000244140625,787.5999755859375,2142500
2014-07-03,817.6743774414062,856.0,895.5999755859375,805.2000122070312,811.5999755859375,4257500
2014-07-04,798.5697631835938,836.0,912.4000244140624,820.4000244140625,882.7999877929688,2550000
2014-07-07,821.495361328125,860.0,860.4000244140625,808.0,831.2000122070312,1137500
2014-07-08,810.0325317382812,848.0,876.7999877929688,832.0,862.0,1307500
2014-07-09,939.943359375,984.0,984.0,822.4000244140625,828.7999877929688,7685000
2014-07-10,866.5819091796875,907.2000122070312,972.0,906.0,944.0,3657500
2014-07-11,933.4478759765624,977.2000122070312,1004.7999877929688,873.2000122070312,880.0,4467500
2014-07-14,1035.0841064453125,1083.5999755859375,1100.0,988.0,988.0,4002500
2014-07-15,1060.6842041015625,1110.4000244140625,1143.199951171875,1072.4000244140625,1121.199951171875,2777500
2014-07-16,1114.1767578125,1166.4000244140625,1234.0,1089.199951171875,1114.0,4605000
2014-07-17,1274.27294921875,1334.0,1336.0,1181.5999755859375,1181.5999755859375,3682500
2014-07-18,1197.8546142578125,1254.0,1332.0,1142.4000244140625,1278.0,4192500
2014-07-22,1074.05712890625,1124.4000244140625,1342.0,1096.0,1320.0,3325000
2014-07-23,1066.0335693359375,1116.0,1147.5999755859375,1052.0,1084.4000244140625,2142500
2014-07-24,1057.2454833984375,1106.800048828125,1180.4000244140625,1084.4000244140625,1180.0,2065000
2014-07-25,1109.973876953125,1162.0,1178.0,1080.800048828125,1086.800048828125,1655000
2014-07-28,1190.2130126953125,1246.0,1252.0,1184.800048828125,1199.5999755859375,1697500
2014-07-29,1257.07861328125,1316.0,1384.0,1250.0,1286.0,3773500
2014-07-30,1297.1983642578125,1358.0,1384.0,1302.0,1374.0,1513000
2014-07-31,1264.720703125,1324.0,1376.0,1312.0,1370.0,1130500
2014-08-01,1237.9742431640625,1296.0,1350.0,1226.0,1266.0,1341500
2014-08-04,1216.95947265625,1274.0,1330.0,1260.0,1276.0,721000
2014-08-05,1182.5711669921875,1238.0,1358.0,1202.0,1286.0,1236500
2014-08-06,1008.7198486328124,1056.0,1164.0,1056.0,1160.0,2313500
2014-08-07,877.8536376953125,919.0,1034.0,856.0,954.0,4203500
2014-08-08,871.1670532226562,912.0,1022.0,864.0,905.0,2729500
2014-08-11,1004.8988647460938,1052.0,1052.0,980.0,999.0,1439000
2014-08-12,980.0629272460938,1026.0,1172.0,982.0,1132.0,5403500
2014-08-13,953.3165893554688,998.0,1044.0,984.0,995.0,1620000
2014-08-14,964.7793579101562,1010.0,1106.0,1000.0,1030.0,2704500
2014-08-15,1006.809326171875,1054.0,1056.0,1004.0,1044.0,1488500
2014-08-18,950.4508666992188,995.0,1078.0,992.0,1074.0,1422000
2014-08-19,877.8536376953125,919.0,978.0,883.0,975.0,2400500
2014-08-20,860.6595458984375,901.0,951.0,894.0,920.0,1293500
2014-08-21,828.181884765625,867.0,905.0,852.0,901.0,1246500
2014-08-22,868.3013916015625,909.0,932.0,875.0,880.0,1536500
2014-08-25,917.97314453125,961.0,996.0,876.0,901.0,2218500
2014-08-26,873.0775146484375,914.0,964.0,904.0,943.0,1116000
2014-08-27,846.3311767578125,886.0,924.0,878.0,915.0,856000
2014-08-28,789.9727783203125,827.0,884.0,821.0,881.0,1380000
2014-08-29,823.40576171875,862.0,868.0,805.0,810.0,1133500
2014-09-01,787.1070556640625,824.0,860.0,814.0,860.0,765500
2014-09-02,754.6293334960938,790.0,813.0,773.0,802.0,1110500
2014-09-03,786.15185546875,823.0,843.0,777.0,804.0,862000
2014-09-04,765.1368408203125,801.0,839.0,790.0,817.0,582000
2014-09-05,732.6591796875,767.0,795.0,765.0,781.0,584500
2014-09-08,707.8232421875,741.0,765.0,736.0,755.0,476000
2014-09-09,786.15185546875,823.0,880.0,732.0,745.0,3627500
2014-09-10,748.8980102539062,784.0,867.0,769.0,843.0,1167500
2014-09-11,748.8980102539062,784.0,793.0,742.0,774.0,762000
2014-09-12,729.7933959960938,764.0,784.0,760.0,779.0,447000
2014-09-16,712.5993041992188,746.0,775.0,746.0,758.0,358000
2014-09-17,744.1218872070312,779.0,824.0,740.0,741.0,1155000
2014-09-18,715.4650268554688,749.0,785.0,742.0,765.0,653500
2014-09-19,715.4650268554688,749.0,769.0,747.0,748.0,372000
2014-09-22,706.8679809570312,740.0,767.0,724.0,750.0,439000
2014-09-24,660.0619506835938,691.0,736.0,691.0,730.0,675000
2014-09-25,652.4200439453125,683.0,718.0,672.0,683.0,512000
2014-09-26,690.188720703125,720.0,728.0,663.0,667.0,821000
2014-09-29,668.14111328125,697.0,716.0,686.0,707.0,258500
2014-09-30,639.3832397460938,667.0,691.0,664.0,683.0,321500
2014-10-01,601.9979858398438,628.0,669.0,628.0,664.0,425500
2014-10-02,573.4318237304688,598.2000122070312,639.0,584.0,593.0,707500
2014-10-03,610.6253662109375,637.0,637.0,606.0,606.0,544000
2014-10-06,603.9152221679688,630.0,666.0,630.0,650.0,515500
2014-10-07,569.4057006835938,594.0,624.0,584.0,616.0,510000
2014-10-08,583.7847290039062,609.0,618.0,566.0,566.2000122070312,607000
2014-10-09,527.4192504882812,550.2000122070312,615.0,550.0,609.0,560500
2014-10-10,527.0357666015625,549.7999877929688,556.0,504.0,541.0,719000
2014-10-14,562.3121337890625,586.5999755859375,643.0,521.4000244140625,531.0,2250500
2014-10-15,578.9915771484375,604.0,614.0,570.0,584.7999877929688,678500
2014-10-16,570.9395141601562,595.5999755859375,606.0,568.2000122070312,580.0,444500
2014-10-17,592.4119873046875,618.0,675.0,612.0,616.0,1759000
2014-10-20,638.4246215820312,666.0,672.0,630.0,654.0,734000
2014-10-21,709.3606567382812,740.0,754.0,652.0,663.0,2418000
2014-10-22,694.9817504882812,725.0,754.0,709.0,754.0,1320500
2014-10-23,723.7396240234375,755.0,789.0,713.0,720.0,1617000
2014-10-24,688.2716674804688,718.0,769.0,712.0,750.0,935000
2014-10-27,645.134765625,673.0,734.0,667.0,730.0,653000
2014-10-28,668.14111328125,697.0,709.0,653.0,659.0,559500
2014-10-29,643.2175903320312,671.0,708.0,666.0,689.0,352000
2014-10-30,595.2877807617188,621.0,656.0,598.0,652.0,900000
2014-10-31,614.459716796875,641.0,648.0,608.0,610.0,516500
2014-11-04,590.4948120117188,616.0,652.0,613.0,644.0,486000
2014-11-05,633.6315307617188,661.0,683.0,616.0,626.0,849000
2014-11-06,655.6793212890625,684.0,712.0,645.0,674.0,1044000
2014-11-07,628.838623046875,656.0,684.0,656.0,677.0,474000
2014-11-10,596.2463989257812,622.0,664.0,614.0,661.0,914000
2014-11-11,706.48486328125,737.0,762.0,598.0,608.0,5304500
2014-11-12,659.513671875,688.0,736.0,680.0,724.0,1526500
2014-11-13,625.962890625,653.0,690.0,624.0,690.0,1188500
2014-11-14,605.8323364257812,632.0,710.0,629.0,688.0,1134500
2014-11-17,601.9979858398438,628.0,657.0,610.0,624.0,478500
2014-11-18,609.6666870117188,636.0,656.0,620.0,628.0,400500
2014-11-19,643.2175903320312,671.0,714.0,662.0,692.0,1299000
2014-11-20,616.3768920898438,643.0,674.0,639.0,673.0,410000
2014-11-21,608.7081909179688,635.0,653.0,632.0,635.0,165500
2014-11-25,609.6666870117188,636.0,651.0,632.0,640.0,207500
2014-11-26,671.0169067382812,700.0,707.0,627.0,644.0,693000
2014-11-27,632.6730346679688,660.0,681.0,654.0,677.0,506000
2014-11-28,642.259033203125,670.0,673.0,651.0,655.0,238000
2014-12-01,634.5902709960938,662.0,670.0,654.0,670.0,233000
2014-12-02,625.962890625,653.0,716.0,648.0,662.0,738500
2014-12-03,605.8323364257812,632.0,661.0,620.0,650.0,452000
2014-12-04,594.3291625976562,620.0,651.0,620.0,646.0,390500
2014-12-05,606.7908935546875,633.0,646.0,618.0,620.0,224000
2014-12-08,579.9501953125,605.0,631.0,604.0,624.0,370000
2014-12-09,568.0636596679688,592.5999755859375,610.0,569.5999755859375,590.4000244140625,547500
2014-12-10,559.2446899414062,583.4000244140625,591.5999755859375,572.4000244140625,574.0,198500
2014-12-11,581.867431640625,607.0,610.0,570.0,570.0,252500
2014-12-12,578.9915771484375,604.0,612.0,593.0,597.4000244140625,198500
2014-12-15,589.5361938476562,615.0,630.0,602.0,611.0,255000
2014-12-16,559.81982421875,584.0,618.0,582.0,610.0,410000
2014-12-17,570.1725463867188,594.7999877929688,610.0,589.2000122070312,600.0,312000
2014-12-18,569.4057006835938,594.0,622.0,594.0,596.0,211000
2014-12-19,565.7630615234375,590.2000122070312,608.0,590.2000122070312,600.0,327000
2014-12-22,576.1159057617188,601.0,610.0,581.0,598.0,467500
2014-12-24,557.3274536132812,581.4000244140625,602.0,576.0,597.2000122070312,363500
2014-12-25,526.2689208984375,549.0,580.0,548.7999877929688,574.0,509500
2014-12-26,551.1923217773438,575.0,587.2000122070312,549.0,549.0,357500
2014-12-29,562.8872680664062,587.2000122070312,610.0,578.0,588.4000244140625,398500
2014-12-30,572.2813720703125,597.0,604.0,589.0,598.0,229500
2015-01-05,578.0330810546875,603.0,609.0,599.0,604.0,212500
2015-01-06,563.0789794921875,587.4000244140625,617.0,579.7999877929688,600.0,408500
2015-01-07,577.074462890625,602.0,605.0,587.4000244140625,587.4000244140625,186500
2015-01-08,578.0330810546875,603.0,608.0,595.5999755859375,608.0,170500
2015-01-09,558.8611450195312,583.0,603.0,581.0,600.0,194500
2015-01-13,551.1923217773438,575.0,583.7999877929688,568.2000122070312,573.0,128000
2015-01-14,545.6325073242188,569.2000122070312,583.4000244140625,568.0,570.0,82500
2015-01-15,548.1249389648438,571.7999877929688,579.7999877929688,569.0,574.4000244140625,80500
2015-01-16,537.580322265625,560.7999877929688,575.0,551.2000122070312,575.0,183000
2015-01-19,524.3517456054688,547.0,567.5999755859375,545.7999877929688,564.7999877929688,162000
2015-01-20,527.6109619140625,550.4000244140625,563.5999755859375,545.7999877929688,549.5999755859375,135000
2015-01-21,521.2842407226562,543.7999877929688,558.7999877929688,542.5999755859375,550.0,154500
2015-01-22,507.8638000488281,529.7999877929688,551.5999755859375,529.2000122070312,551.5999755859375,143500
2015-01-23,526.0772705078125,548.7999877929688,549.7999877929688,513.0,526.0,375000
2015-01-26,552.3427124023438,576.2000122070312,605.0,549.7999877929688,551.2000122070312,694000
2015-01-27,570.3643798828125,595.0,606.0,562.2000122070312,562.2000122070312,335000
2015-01-28,568.6388549804688,593.2000122070312,599.2000122070312,580.2000122070312,580.2000122070312,97000
2015-01-29,534.5127563476562,557.5999755859375,599.4000244140625,557.4000244140625,584.2000122070312,263000
2015-01-30,529.33642578125,552.2000122070312,567.5999755859375,549.4000244140625,567.5999755859375,76000
2015-02-02,507.48046875,529.4000244140625,545.4000244140625,528.0,538.2000122070312,232500
2015-02-03,511.31488037109375,533.4000244140625,549.0,528.0,549.0,150500
2015-02-04,501.3453979492188,523.0,536.7999877929688,522.5999755859375,528.0,139500
2015-02-05,500.3868103027344,522.0,528.7999877929688,516.4000244140625,524.0,193000
2015-02-06,486.7747497558594,507.7999877929688,525.5999755859375,500.6000061035156,520.0,292000
2015-02-09,555.218505859375,579.2000122070312,608.0,540.0,547.7999877929688,2062500
2015-02-10,544.4822387695312,568.0,580.0,542.2000122070312,569.2000122070312,361500
2015-02-12,524.7352294921875,547.4000244140625,564.0,547.0,559.7999877929688,324500
2015-02-13,515.5326538085938,537.7999877929688,560.0,537.0,554.0,299500
2015-02-16,506.1384582519531,528.0,544.0,527.0,540.0,201500
2015-02-17,501.5372009277344,523.2000122070312,537.0,520.0,526.0,213500
2015-02-18,502.4958190917969,524.2000122070312,534.7999877929688,522.0,524.2000122070312,154000
2015-02-19,523.3931274414062,546.0,547.7999877929688,524.4000244140625,526.5999755859375,220000
2015-02-20,512.4651489257812,534.5999755859375,549.5999755859375,531.2000122070312,548.0,187000
2015-02-23,503.6461181640625,525.4000244140625,547.0,525.0,539.7999877929688,183500
2015-02-24,500.3868103027344,522.0,533.0,520.2000122070312,525.4000244140625,150000
2015-02-25,502.879150390625,524.5999755859375,529.5999755859375,519.0,521.2000122070312,196500
2015-02-26,498.086181640625,519.5999755859375,524.2000122070312,516.7999877929688,523.0,238500
2015-02-27,540.6477661132812,564.0,565.5999755859375,520.0,520.0,669500
2015-03-02,532.9790649414062,556.0,563.7999877929688,545.2000122070312,561.0,276500
2015-03-03,569.2140502929688,593.7999877929688,598.2000122070312,554.2000122070312,556.0,745000
2015-03-04,557.7108764648438,581.7999877929688,590.0,570.2000122070312,590.0,361000
2015-03-05,574.9656372070312,599.7999877929688,599.7999877929688,572.2000122070312,583.4000244140625,434000
2015-03-06,572.8565673828125,597.5999755859375,619.0,589.7999877929688,603.0,794500
2015-03-09,592.4119873046875,618.0,618.0,580.0,600.0,514000
2015-03-10,618.2940673828125,645.0,667.0,622.0,626.0,1421000
2015-03-11,632.6730346679688,660.0,669.0,626.0,634.0,644000
2015-03-12,648.0105590820312,676.0,704.0,670.0,678.0,1122000
2015-03-13,667.1824951171875,696.0,710.0,660.0,682.0,716500
2015-03-16,704.5676879882812,735.0,750.0,698.0,700.0,1022500
2015-03-17,708.4020385742188,739.0,740.0,717.0,737.0,490000
2015-03-18,693.0646362304688,723.0,738.0,704.0,738.0,417000
2015-03-19,703.609130859375,734.0,784.0,670.0,714.0,1457000
2015-03-20,685.395751953125,715.0,762.0,702.0,727.0,680500
2015-03-23,655.6793212890625,684.0,713.0,679.0,706.0,515500
2015-03-24,657.5965576171875,686.0,698.0,647.0,678.0,575000
2015-03-25,675.809814453125,705.0,709.0,670.0,682.0,254000
2015-03-26,654.720703125,683.0,710.0,672.0,691.0,173000
2015-03-27,653.7621459960938,682.0,708.0,671.0,679.0,197500
2015-03-30,685.395751953125,715.0,715.0,678.0,690.0,285500
2015-03-31,689.2301025390625,719.0,720.0,695.0,704.0,273000
2015-04-01,661.430908203125,690.0,738.0,683.0,724.0,356000
2015-04-02,659.513671875,688.0,694.0,660.0,689.0,406500
2015-04-03,661.430908203125,690.0,724.0,683.0,688.0,416000
2015-04-06,695.9403686523438,726.0,727.0,686.0,686.0,304500
2015-04-07,697.8574829101562,728.0,737.0,712.0,726.0,196000
2015-04-08,698.8161010742188,729.0,738.0,722.0,730.0,136500
2015-04-09,726.6153564453125,758.0,759.0,714.0,736.0,456000
2015-04-10,731.4083251953125,763.0,800.0,753.0,776.0,1176000
2015-04-13,761.124755859375,794.0,798.0,764.0,791.0,592500
2015-04-14,742.91162109375,775.0,815.0,773.0,797.0,702000
2015-04-15,733.3255004882812,765.0,779.0,759.0,778.0,260000
2015-04-16,732.366943359375,764.0,778.0,751.0,751.0,238500
2015-04-17,725.6566772460938,757.0,770.0,751.0,753.0,200000
2015-04-20,679.6441650390625,709.0,749.0,699.0,741.0,537500
2015-04-21,681.5614013671875,711.0,726.0,685.0,702.0,378500
2015-04-22,692.10595703125,722.0,729.0,691.0,707.0,187000
2015-04-23,695.9403686523438,726.0,743.0,704.0,714.0,235500
2015-04-24,681.5614013671875,711.0,727.0,706.0,726.0,123000
2015-04-27,665.2652587890625,694.0,720.0,694.0,711.0,148000
2015-04-28,671.0169067382812,700.0,703.0,681.0,690.0,216500
2015-04-30,662.3895263671875,691.0,746.0,685.0,714.0,673000
2015-05-01,656.6378173828125,685.0,690.0,671.0,679.0,314500
2015-05-07,680.602783203125,710.0,710.0,672.0,678.0,253500
2015-05-08,650.8862915039062,679.0,698.0,678.0,691.0,214000
2015-05-11,597.2050170898438,623.0,661.0,617.0,661.0,590000
2015-05-12,604.8737182617188,631.0,637.0,614.0,625.0,319500
2015-05-13,636.5074462890625,664.0,679.0,629.0,634.0,416000
2015-05-14,613.5010986328125,640.0,662.0,640.0,660.0,125000
2015-05-15,614.459716796875,641.0,654.0,636.0,654.0,117000
2015-05-18,598.1635131835938,624.0,635.0,622.0,635.0,123500
2015-05-19,624.045654296875,651.0,654.0,631.0,631.0,201000
2015-05-20,624.045654296875,651.0,673.0,649.0,660.0,237000
2015-05-21,632.6730346679688,660.0,689.0,656.0,670.0,382500
2015-05-22,626.9214477539062,654.0,668.0,651.0,651.0,175500
2015-05-25,627.8800048828125,655.0,666.0,653.0,660.0,163500
2015-05-26,615.4183349609375,642.0,659.0,640.0,656.0,164500
2015-05-27,603.9152221679688,630.0,640.0,628.0,630.0,200500
2015-05-28,602.9564819335938,629.0,636.0,628.0,635.0,91500
2015-05-29,637.4660034179688,665.0,669.0,630.0,630.0,486500
2015-06-01,631.7144165039062,659.0,675.0,649.0,650.0,295000
2015-06-02,639.3832397460938,667.0,682.0,660.0,660.0,377000
2015-06-03,630.7557983398438,658.0,665.0,652.0,661.0,179500
2015-06-04,632.6730346679688,660.0,672.0,652.0,670.0,173000
2015-06-05,625.0042724609375,652.0,656.0,642.0,655.0,133500
2015-06-08,617.3355102539062,644.0,652.0,634.0,652.0,124000
2015-06-09,603.9152221679688,630.0,636.0,630.0,635.0,201500
2015-06-10,603.9152221679688,630.0,639.0,628.0,633.0,122500
2015-06-11,613.5010986328125,640.0,645.0,631.0,633.0,78000
2015-06-12,629.7971801757812,657.0,657.0,636.0,650.0,240000
2015-06-15,629.7971801757812,657.0,659.0,649.0,658.0,92000
2015-06-16,624.045654296875,651.0,654.0,647.0,654.0,142500
2015-06-17,612.5426025390625,639.0,655.0,633.0,646.0,147500
2015-06-18,611.5839233398438,638.0,643.0,630.0,641.0,90500
2015-06-19,613.5010986328125,640.0,646.0,633.0,635.0,79500
2015-06-22,622.12841796875,649.0,660.0,639.0,640.0,202000
2015-06-23,623.0870361328125,650.0,658.0,643.0,649.0,102500
2015-06-24,617.3355102539062,644.0,654.0,642.0,654.0,79000
2015-06-25,626.9214477539062,654.0,663.0,653.0,657.0,292500
2015-06-26,617.3355102539062,644.0,667.0,639.0,660.0,225000
2015-06-29,589.5361938476562,615.0,629.0,600.0,626.0,326000
2015-06-30,585.7018432617188,611.0,614.0,601.0,601.0,181500
2015-07-01,591.4534912109375,617.0,625.0,606.0,611.0,129500
2015-07-02,584.7432861328125,610.0,624.0,607.0,621.0,171500
2015-07-03,588.5776977539062,614.0,614.0,606.0,609.0,128500
2015-07-06,564.6127319335938,589.0,610.0,588.0,607.0,251000
2015-07-07,574.7738647460938,599.5999755859375,605.0,591.0,596.7999877929688,116000
2015-07-08,543.14013671875,566.5999755859375,601.0,563.0,599.0,400500
2015-07-09,569.4057006835938,594.0,600.0,516.0,544.2000122070312,626500
2015-07-10,541.6065063476562,565.0,586.0,562.7999877929688,580.0,183500
2015-07-13,540.264404296875,563.5999755859375,579.7999877929688,557.5999755859375,565.0,177000
2015-07-14,544.6738891601562,568.2000122070312,573.5999755859375,557.2000122070312,565.0,329000
2015-07-15,549.6586303710938,573.4000244140625,577.0,565.4000244140625,565.4000244140625,107000
2015-07-16,552.1510009765625,576.0,579.7999877929688,564.4000244140625,564.4000244140625,89500
2015-07-17,551.0006713867188,574.7999877929688,578.7999877929688,570.4000244140625,571.0,84500
2015-07-21,579.9501953125,605.0,606.0,577.2000122070312,578.0,230500
2015-07-22,565.954833984375,590.4000244140625,598.4000244140625,589.0,598.4000244140625,117000
2015-07-23,568.4471435546875,593.0,602.0,591.4000244140625,598.0,114000
2015-07-24,558.8611450195312,583.0,593.4000244140625,577.4000244140625,590.2000122070312,91500
2015-07-27,538.730712890625,562.0,577.7999877929688,561.0,577.4000244140625,191000
2015-07-28,550.4255981445312,574.2000122070312,582.4000244140625,552.0,564.0,108500
2015-07-29,546.3994750976562,570.0,582.4000244140625,561.2000122070312,582.4000244140625,60500
2015-07-30,539.3057861328125,562.5999755859375,574.2000122070312,559.5999755859375,570.7999877929688,81500
2015-07-31,542.948486328125,566.4000244140625,566.4000244140625,554.4000244140625,555.0,71500
2015-08-03,548.3165283203125,572.0,574.0,566.2000122070312,567.0,95500
2015-08-04,567.488525390625,592.0,593.2000122070312,573.5999755859375,582.0,181000
2015-08-05,565.5714111328125,590.0,590.0,577.0,590.0,119000
2015-08-06,564.6127319335938,589.0,594.7999877929688,582.4000244140625,592.7999877929688,185500
2015-08-07,553.1095581054688,577.0,614.0,565.5999755859375,612.0,549000
2015-08-10,531.2536010742188,554.2000122070312,568.4000244140625,553.0,568.4000244140625,274000
2015-08-11,536.23828125,559.4000244140625,564.5999755859375,554.7999877929688,560.0,127000
2015-08-12,518.6001586914062,541.0,554.0,540.2000122070312,551.7999877929688,185500
2015-08-13,504.9880676269531,526.7999877929688,539.0,524.0,538.0,169500
2015-08-14,511.8899536132813,534.0,537.2000122070312,521.0,527.0,120000
2015-08-17,505.1798400878906,527.0,539.5999755859375,523.7999877929688,534.0,174500
2015-08-18,508.2473449707031,530.2000122070312,532.0,525.0,525.0,112500
2015-08-19,499.236572265625,520.7999877929688,527.0,517.0,524.5999755859375,129000
2015-08-20,490.99261474609375,512.2000122070312,519.7999877929688,510.0,516.0,133000
2015-08-21,472.0123901367188,492.3999938964844,504.0,481.2000122070313,484.0,281500
2015-08-24,448.6227111816406,468.0,482.0,460.2000122070313,460.2000122070313,701500
2015-08-25,468.1780090332031,488.3999938964844,501.0,420.2000122070313,440.0,574000
2015-08-26,492.9098205566406,514.2000122070312,519.2000122070312,471.7999877929688,488.3999938964844,215000
2015-08-27,479.2977600097656,500.0,520.2000122070312,500.0,520.0,127000
2015-08-28,498.086181640625,519.5999755859375,519.5999755859375,506.7999877929688,512.0,106000
2015-08-31,500.57861328125,522.2000122070312,523.4000244140625,507.7999877929688,514.0,75000
2015-09-01,477.1888122558594,497.7999877929688,524.2000122070312,493.3999938964844,520.2000122070312,110000
2015-09-02,493.293212890625,514.5999755859375,520.4000244140625,476.0,476.0,148000
2015-09-03,480.25634765625,501.0,524.2000122070312,500.2000122070313,510.0,93000
2015-09-04,482.5569763183594,503.3999938964844,506.0,487.2000122070313,496.0,172500
2015-09-07,467.0277099609375,487.2000122070313,498.0,475.3999938964844,480.2000122070313,90500
2015-09-08,444.5965576171875,463.7999877929688,496.2000122070313,463.7999877929688,483.6000061035156,102000
2015-09-09,464.1519775390625,484.2000122070313,490.0,472.2000122070313,484.0,68500
2015-09-10,475.46337890625,496.0,496.0,464.0,476.7999877929688,109000
2015-09-11,482.9403381347656,503.7999877929688,510.0,497.2000122070313,510.0,36000
2015-09-14,504.0294799804688,525.7999877929688,545.0,514.0,515.0,204000
2015-09-15,513.80712890625,536.0,543.0,526.2000122070312,535.7999877929688,93500
2015-09-16,500.57861328125,522.2000122070312,542.0,520.2000122070312,542.0,78000
2015-09-17,506.1384582519531,528.0,532.2000122070312,519.4000244140625,532.2000122070312,40000
2015-09-18,525.310302734375,548.0,549.5999755859375,534.5999755859375,540.2000122070312,195000
2015-09-24,509.3976745605469,531.4000244140625,544.7999877929688,528.2000122070312,540.0,55000
2015-09-25,513.615478515625,535.7999877929688,540.0,525.0,540.0,25000
2015-09-28,517.6718139648438,536.0,547.0,528.7999877929688,547.0,77000
2015-09-29,492.5609130859375,510.0,530.2000122070312,507.0,528.0,74500
2015-09-30,492.5609130859375,510.0,531.4000244140625,510.0,520.0,60500
2015-10-01,507.4343566894531,525.4000244140625,530.0,510.0,510.0,69000
2015-10-02,519.603515625,538.0,539.5999755859375,526.0,526.0,82500
2015-10-05,521.148681640625,539.5999755859375,549.5999755859375,539.5999755859375,543.0,94500
2015-10-06,512.8428344726562,531.0,539.4000244140625,529.5999755859375,529.5999755859375,88500
2015-10-07,508.7864074707031,526.7999877929688,529.5999755859375,525.4000244140625,529.5999755859375,56500
2015-10-08,504.5368957519531,522.4000244140625,530.0,522.4000244140625,522.4000244140625,86000
2015-10-09,496.424072265625,514.0,524.7999877929688,507.0,522.0,127500
2015-10-13,496.6173095703125,514.2000122070312,515.0,507.2000122070313,514.0,77500
2015-10-14,486.7660827636719,504.0,511.0,500.6000061035156,507.2000122070313,36500
2015-10-15,494.87890625,512.4000244140625,515.7999877929688,497.2000122070313,497.2000122070313,49500
2015-10-16,497.5830993652344,515.2000122070312,515.2000122070312,504.2000122070313,504.2000122070313,38500
2015-10-19,508.0138244628906,526.0,526.0,518.0,523.7999877929688,79500
2015-10-20,499.9009704589844,517.5999755859375,533.2000122070312,515.4000244140625,521.0,68000
2015-10-21,497.1967468261719,514.7999877929688,519.5999755859375,507.3999938964844,519.5999755859375,64000
2015-10-22,494.4925231933594,512.0,518.4000244140625,508.3999938964844,516.0,50000
2015-10-23,492.5609130859375,510.0,517.5999755859375,508.0,514.0,75500
2015-10-26,511.6837768554688,529.7999877929688,529.7999877929688,516.2000122070312,520.0,116500
2015-10-27,509.9454345703125,528.0,534.0,522.0,530.7999877929688,54000
2015-10-28,505.1163330078125,523.0,532.0,523.0,532.0,37500
2015-10-29,544.71435546875,564.0,565.5999755859375,530.2000122070312,538.0,411000
2015-10-30,532.158935546875,551.0,562.7999877929688,540.0,556.4000244140625,149000
2015-11-02,537.7605590820312,556.7999877929688,561.5999755859375,548.0,560.0,70000
2015-11-04,535.056396484375,554.0,576.0,553.0,556.7999877929688,152500
2015-11-05,508.400146484375,526.4000244140625,575.0,524.4000244140625,556.2000122070312,253000
2015-11-06,518.4443969726562,536.7999877929688,537.2000122070312,520.4000244140625,525.4000244140625,32000
2015-11-09,515.3538818359375,533.5999755859375,541.5999755859375,526.4000244140625,540.0,58500
2015-11-10,530.6136474609375,549.4000244140625,549.4000244140625,526.5999755859375,530.0,63000
2015-11-11,530.4205322265625,549.2000122070312,550.0,541.0,549.4000244140625,60000
2015-11-12,535.056396484375,554.0,569.0,549.2000122070312,549.2000122070312,238000
2015-11-13,476.1421813964844,493.0,508.0,482.0,494.0,418500
2015-11-16,471.1199951171875,487.7999877929688,493.7999877929688,478.7999877929688,490.0,235500
2015-11-17,482.9028625488281,500.0,504.0,484.0,487.7999877929688,228000
2015-11-18,469.9610595703125,486.6000061035156,500.0,485.6000061035156,500.0,126500
2015-11-19,473.4379577636719,490.2000122070313,491.6000061035156,483.0,484.2000122070313,125500
2015-11-20,473.2448120117188,490.0,490.2000122070313,484.0,485.0,86500
2015-11-24,470.3473510742188,487.0,490.2000122070313,484.0,484.0,96000
2015-11-25,473.82427978515625,490.6000061035156,495.3999938964844,486.0,487.0,107500
2015-11-26,478.0738220214844,495.0,495.2000122070313,490.6000061035156,490.6000061035156,71000
2015-11-27,499.321533203125,517.0,519.7999877929688,498.0,499.7999877929688,251000
2015-11-30,492.7540893554688,510.2000122070313,525.7999877929688,505.0,524.0,110500
2015-12-01,506.275390625,524.2000122070312,527.7999877929688,514.0,516.5999755859375,186000
2015-12-02,506.0821838378906,524.0,528.0,519.0,526.0,118500
2015-12-03,499.51470947265625,517.2000122070312,523.2000122070312,515.7999877929688,519.2000122070312,118500
2015-12-04,489.0840148925781,506.3999938964844,516.2000122070312,506.0,507.2000122070313,69500
2015-12-07,489.2771911621094,506.6000061035156,516.0,506.6000061035156,516.0,66000
2015-12-08,489.2771911621094,506.6000061035156,507.0,496.0,506.6000061035156,73500
2015-12-09,477.8806457519531,494.7999877929688,506.0,494.7999877929688,506.0,40000
2015-12-10,472.47216796875,489.2000122070313,494.7999877929688,484.7999877929688,484.7999877929688,72000
2015-12-11,474.0174255371094,490.7999877929688,495.7999877929688,485.0,489.2000122070313,61000
2015-12-14,467.449951171875,484.0,486.0,476.0,480.6000061035156,95500
2015-12-15,469.9610595703125,486.6000061035156,491.3999938964844,479.6000061035156,483.0,106500
2015-12-16,467.449951171875,484.0,489.3999938964844,479.3999938964844,482.7999877929688,154500
2015-12-17,471.5063781738281,488.2000122070313,490.2000122070313,483.6000061035156,488.0,157500
2015-12-18,470.9268493652344,487.6000061035156,489.6000061035156,482.0,488.3999938964844,115000
2015-12-21,450.2586059570313,466.2000122070313,480.0,465.7999877929688,480.0,165500
2015-12-22,447.74755859375,463.6000061035156,470.0,450.0,468.0,239000
2015-12-24,425.1476745605469,440.2000122070313,463.6000061035156,440.0,460.0,213000
2015-12-25,425.1476745605469,440.2000122070313,440.2000122070313,440.2000122070313,440.2000122070313,0
2015-12-28,441.1800231933594,456.7999877929688,460.0,450.0,450.0,90500
2015-12-29,454.3149719238281,470.3999938964844,470.3999938964844,452.3999938964844,456.7999877929688,66000
2015-12-30,453.7355041503906,469.7999877929688,471.3999938964844,462.0,471.3999938964844,56000
2016-01-04,430.7493591308594,446.0,469.7999877929688,445.7999877929688,469.7999877929688,127000
2016-01-05,427.2724304199219,442.3999938964844,451.6000061035156,436.7999877929688,446.0,122500
2016-01-06,433.646728515625,449.0,456.6000061035156,442.3999938964844,451.7999877929688,161000
2016-01-07,420.1254577636719,435.0,450.7999877929688,434.7999877929688,440.3999938964844,180500
2016-01-08,422.6365661621094,437.6000061035156,446.0,430.0,430.0,86500
2016-01-12,407.9562683105469,422.3999938964844,433.0,420.6000061035156,432.7999877929688,100500
2016-01-13,408.5358276367188,423.0,430.2000122070313,418.2000122070313,422.6000061035156,108500
2016-01-14,386.322265625,400.0,428.0,394.6000061035156,414.7999877929688,226000
2016-01-15,376.6642150878906,390.0,411.0,386.0,403.2000122070313,89500
2016-01-18,358.1207580566406,370.7999877929688,378.2000122070313,370.0,373.6000061035156,130500
2016-01-19,367.39251708984375,380.3999938964844,385.7999877929688,370.7999877929688,370.7999877929688,71500
2016-01-20,348.0763854980469,360.3999938964844,387.7999877929688,360.0,384.0,180500
2016-01-21,321.0338134765625,332.3999938964844,361.2000122070313,327.20001220703125,350.0,335500
2016-01-22,330.6918640136719,342.3999938964844,348.0,330.79998779296875,348.0,282500
2016-01-25,347.49688720703125,359.79998779296875,360.0,344.79998779296875,355.20001220703125,256500
2016-01-26,349.6216735839844,362.0,363.3999938964844,344.3999938964844,355.0,141000
2016-01-27,359.2797241210937,372.0,374.2000122070313,366.0,368.3999938964844,93500
2016-01-28,366.81298828125,379.7999877929688,382.7999877929688,368.7999877929688,370.3999938964844,92500
2016-01-29,362.9497375488281,375.7999877929688,385.7999877929688,364.0,380.0,96000
2016-02-01,370.8693542480469,384.0,391.7999877929688,378.2000122070313,391.7999877929688,125500
2016-02-02,365.46087646484375,378.3999938964844,393.0,377.3999938964844,382.0,50500
2016-02-03,357.1549377441406,369.7999877929688,377.0,363.6000061035156,373.3999938964844,60500
2016-02-04,341.31573486328125,353.3999938964844,368.0,350.6000061035156,361.6000061035156,179500
2016-02-05,328.3739318847656,340.0,346.3999938964844,330.0,339.79998779296875,206000
2016-02-08,312.9210510253906,324.0,332.6000061035156,300.0,316.0,261000
2016-02-09,284.7194519042969,294.79998779296875,315.3999938964844,292.6000061035156,311.0,247500
2016-02-10,273.7093505859375,283.3999938964844,300.79998779296875,267.79998779296875,294.79998779296875,405000
2016-02-12,241.64459228515625,250.1999969482422,267.0,239.0,260.20001220703125,496500
2016-02-15,253.4274139404297,262.3999938964844,271.79998779296875,260.6000061035156,260.6000061035156,290000
2016-02-16,243.383041381836,252.0,257.20001220703125,244.1999969482422,256.3999938964844,578500
2016-02-17,239.7129669189453,248.1999969482422,259.79998779296875,246.6000061035156,252.6000061035156,417500
2016-02-18,248.9847106933593,257.79998779296875,259.0,250.1999969482422,253.8000030517578,481500
2016-02-19,251.1094512939453,260.0,266.6000061035156,252.0,258.6000061035156,311500
2016-02-22,309.0578308105469,320.0,320.0,263.6000061035156,263.6000061035156,1207000
2016-02-23,281.8221130371094,291.79998779296875,307.79998779296875,281.3999938964844,304.0,921000
2016-02-24,276.0272216796875,285.79998779296875,299.20001220703125,276.3999938964844,279.79998779296875,266500
2016-02-25,270.03924560546875,279.6000061035156,293.0,279.6000061035156,289.3999938964844,167500
2016-02-26,272.357177734375,282.0,286.0,278.3999938964844,280.0,194000
2016-02-29,270.42559814453125,280.0,289.79998779296875,279.6000061035156,288.0,143500
2016-03-01,272.5503845214844,282.20001220703125,287.6000061035156,276.3999938964844,280.0,288000
2016-03-02,285.1058959960937,295.20001220703125,298.0,287.0,290.0,344000
2016-03-03,305.1946105957031,316.0,321.20001220703125,290.20001220703125,294.0,397000
2016-03-04,310.98944091796875,322.0,340.0,310.79998779296875,319.3999938964844,701000
2016-03-07,299.2065734863281,309.79998779296875,327.0,308.0,324.0,406000
2016-03-08,293.9912414550781,304.3999938964844,315.0,294.3999938964844,311.0,274500
2016-03-09,324.5107116699219,336.0,347.0,303.0,307.6000061035156,832000
2016-03-10,308.6715087890625,319.6000061035156,329.6000061035156,313.0,325.0,821500
2016-03-11,319.1022033691406,330.3999938964844,336.79998779296875,315.0,316.20001220703125,391500
2016-03-14,321.61328125,333.0,340.20001220703125,327.3999938964844,333.0,367500
2016-03-15,314.8526611328125,326.0,341.0,322.0,333.0,440000
2016-03-16,319.1022033691406,330.3999938964844,336.0,326.3999938964844,327.0,290000
2016-03-17,311.1826477050781,322.20001220703125,336.0,320.20001220703125,335.79998779296875,296000
2016-03-18,313.3073425292969,324.3999938964844,332.0,309.0,320.20001220703125,256000
2016-03-22,323.544921875,335.0,335.0,327.79998779296875,330.0,216000
2016-03-23,334.1687927246094,346.0,363.3999938964844,339.79998779296875,340.0,423500
2016-03-24,367.9719543457031,381.0,411.0,340.3999938964844,344.6000061035156,1702500
2016-03-25,352.9053955078125,365.3999938964844,390.0,362.7999877929688,384.7999877929688,549000
2016-03-28,352.9053955078125,365.3999938964844,387.0,361.3999938964844,379.0,285500
2016-03-29,370.2898864746094,383.3999938964844,385.2000122070313,363.3999938964844,365.0,242000
2016-03-30,388.25390625,402.0,404.0,380.6000061035156,389.6000061035156,562000
2016-03-31,425.7271118164063,440.7999877929688,453.7999877929688,400.0,407.0,1007500
2016-04-01,393.0829162597656,407.0,440.0,396.0,432.0,729000
2016-04-04,399.2640686035156,413.3999938964844,424.0,396.3999938964844,404.0,344500
2016-04-05,363.3361206054688,376.2000122070313,410.0,364.0,410.0,845000
2016-04-06,364.6882019042969,377.6000061035156,395.7999877929688,364.2000122070313,370.2000122070313,221500
2016-04-07,413.1716613769531,427.7999877929688,444.0,380.3999938964844,380.3999938964844,948500
2016-04-08,423.02288818359375,438.0,464.0,416.7999877929688,417.7999877929688,838000
2016-04-11,463.3935546875,479.7999877929688,479.7999877929688,441.2000122070313,454.0,714000
2016-04-12,473.82427978515625,490.6000061035156,546.0,480.2000122070313,519.7999877929688,1586000
2016-04-13,477.1080322265625,494.0,511.2000122070313,492.0,504.0,469500
2016-04-14,473.82427978515625,490.6000061035156,507.0,475.0,507.0,725500
2016-04-15,530.2273559570312,549.0,552.0,478.2000122070313,490.0,1784500
2016-04-18,525.591552734375,544.2000122070312,563.5999755859375,519.5999755859375,540.0,992000
2016-04-19,528.2957153320312,547.0,563.5999755859375,532.0,560.0,644000
2016-04-20,508.9796142578125,527.0,555.5999755859375,526.5999755859375,555.5999755859375,467500
2016-04-21,540.8511962890625,560.0,560.0,526.0,526.0,610000
2016-04-22,538.7263793945312,557.7999877929688,603.0,550.0,556.4000244140625,1905500
2016-04-25,556.6904296875,576.4000244140625,600.0,570.0,577.7999877929688,935500
2016-04-26,518.6376953125,537.0,568.2000122070312,507.2000122070313,568.2000122070312,1020500
2016-04-27,522.3076782226562,540.7999877929688,544.0,512.2000122070312,520.7999877929688,653000
2016-04-28,498.7420654296875,516.4000244140625,548.0,497.0,530.7999877929688,516000
2016-05-02,519.603515625,538.0,545.7999877929688,503.0,503.0,415000
2016-05-06,535.056396484375,554.0,554.4000244140625,534.4000244140625,554.4000244140625,277000
2016-05-09,532.3521118164062,551.2000122070312,565.0,530.5999755859375,544.0,381000
2016-05-10,514.38818359375,532.5999755859375,555.0,532.2000122070312,551.0,228000
2016-05-11,521.5350952148438,540.0,561.0,536.0,536.0,248500
2016-05-12,504.34375,522.2000122070312,540.2000122070312,521.0,540.0,204500
2016-05-13,573.6885375976562,594.0,599.7999877929688,538.0,540.5999755859375,2149000
2016-05-16,522.1145629882812,540.5999755859375,635.0,540.0,610.0,2045500
2016-05-17,520.9556274414062,539.4000244140625,558.5999755859375,522.2000122070312,524.7999877929688,1038000
2016-05-18,478.4601135253906,495.3999938964844,548.4000244140625,474.7999877929688,538.0,1465500
2016-05-19,471.8926696777344,488.6000061035156,506.0,481.0,495.3999938964844,618000
2016-05-20,476.7217102050781,493.6000061035156,508.0,481.3999938964844,490.2000122070313,451500
2016-05-23,478.6532897949219,495.6000061035156,499.6000061035156,488.6000061035156,493.7999877929688,338500
2016-05-24,458.7576904296875,475.0,495.0,474.2000122070313,495.0,445000
2016-05-25,470.3473510742188,487.0,496.0,468.2000122070313,472.0,539000
2016-05-26,458.56451416015625,474.7999877929688,486.3999938964844,470.2000122070313,486.2000122070313,216000
2016-05-27,450.0654602050781,466.0,478.7999877929688,455.3999938964844,473.0,324500
2016-05-30,472.85845947265625,489.6000061035156,497.0,467.0,469.6000061035156,487000
2016-05-31,470.9268493652344,487.6000061035156,511.7999877929688,487.0,490.2000122070313,377000
2016-06-01,475.9490661621094,492.7999877929688,537.0,481.3999938964844,482.0,1571500
2016-06-02,476.1421813964844,493.0,508.0,483.0,502.7999877929688,491000
2016-06-03,501.6394653320313,519.4000244140625,524.5999755859375,498.0,499.6000061035156,804500
2016-06-06,527.3298950195312,546.0,547.2000122070312,503.0,509.3999938964844,694500
2016-06-07,531.9658203125,550.7999877929688,563.2000122070312,533.4000244140625,555.0,652500
2016-06-08,537.9537963867188,557.0,560.0,524.2000122070312,554.0,475500
2016-06-09,549.54345703125,569.0,576.0,539.7999877929688,560.0,820500
2016-06-10,547.61181640625,567.0,576.0,560.0,575.0,422500
2016-06-13,508.5932922363281,526.5999755859375,552.0,525.2000122070312,550.2000122070312,456500
2016-06-14,463.5867614746094,480.0,525.2000122070312,471.0,511.3999938964844,646500
2016-06-15,487.925048828125,505.2000122070313,515.7999877929688,470.0,470.0,376500
2016-06-16,479.0396423339844,496.0,510.3999938964844,483.0,510.0,401000
2016-06-17,471.1199951171875,487.7999877929688,525.0,476.0,512.2000122070312,260500
2016-06-20,481.1644287109375,498.2000122070313,517.2000122070312,488.6000061035156,492.0,162000
2016-06-21,476.1421813964844,493.0,510.6000061035156,489.2000122070313,490.0,206000
2016-06-22,463.5867614746094,480.0,492.3999938964844,472.0,488.6000061035156,136000
2016-06-23,462.6208801269531,479.0,485.0,470.0,482.2000122070313,146000
2016-06-24,434.612548828125,450.0,491.6000061035156,390.0,491.6000061035156,578000
2016-06-27,444.46380615234375,460.2000122070313,468.3999938964844,431.2000122070313,440.0,210000
2016-06-28,449.2927856445313,465.2000122070313,478.0,440.2000122070313,456.0,149500
2016-06-29,459.9166870117188,476.2000122070313,479.0,468.7999877929688,469.0,147500
2016-06-30,508.9796142578125,527.0,534.5999755859375,480.0,480.0,634500
2016-07-01,496.8105163574219,514.4000244140625,533.0,508.7999877929688,523.7999877929688,233000
2016-07-04,506.0821838378906,524.0,527.5999755859375,508.2000122070313,508.6000061035156,147000
2016-07-05,523.4667358398438,542.0,554.5999755859375,521.0,530.0,432000
2016-07-06,528.2957153320312,547.0,547.0,521.0,535.2000122070312,277500
2016-07-07,518.2512817382812,536.5999755859375,553.0,531.2000122070312,553.0,210000
2016-07-08,491.7882385253906,509.2000122070313,535.5999755859375,506.0,533.0,190000
2016-07-11,491.7882385253906,509.2000122070313,509.2000122070313,509.2000122070313,509.2000122070313,0
2016-07-12,518.830810546875,537.2000122070312,546.0,526.2000122070312,540.0,208500
2016-07-13,509.7522888183594,527.7999877929688,543.0,524.0,543.0,144000
2016-07-14,502.6052856445313,520.4000244140625,544.0,518.2000122070312,524.2000122070312,277000
2016-07-15,482.7096557617188,499.7999877929688,527.7999877929688,493.3999938964844,527.7999877929688,353500
2016-07-19,511.8770446777344,530.0,530.5999755859375,506.0,509.7999877929688,306000
2016-07-20,542.7828369140625,562.0,562.0,531.0,531.0,658500
2016-07-21,540.8511962890625,560.0,579.7999877929688,551.7999877929688,564.5999755859375,517000
2016-07-22,558.2356567382812,578.0,578.0,556.5999755859375,576.0,344500
2016-07-25,564.9963989257812,585.0,585.0,570.2000122070312,582.0,401000
2016-07-26,528.2957153320312,547.0,583.5999755859375,538.0,583.5999755859375,407000
2016-07-27,517.0924072265625,535.4000244140625,551.0,535.2000122070312,547.0,99500
2016-07-28,508.0138244628906,526.0,539.0,522.2000122070312,535.2000122070312,118500
2016-07-29,516.3197021484375,534.5999755859375,534.5999755859375,502.3999938964844,516.0,157500
2016-08-01,538.5331420898438,557.5999755859375,558.7999877929688,530.4000244140625,533.5999755859375,134500
2016-08-02,546.8391723632812,566.2000122070312,570.4000244140625,547.5999755859375,547.5999755859375,164000
2016-08-03,551.4750366210938,571.0,571.7999877929688,556.2000122070312,556.2000122070312,251000
2016-08-04,531.7725830078125,550.5999755859375,569.7999877929688,544.5999755859375,565.4000244140625,146500
2016-08-05,500.6737365722656,518.4000244140625,559.5999755859375,507.2000122070313,550.5999755859375,327000
2016-08-08,461.8482971191406,478.2000122070313,510.2000122070313,470.2000122070313,500.0,554500
2016-08-09,478.6532897949219,495.6000061035156,498.2000122070313,481.3999938964844,498.2000122070313,95500
2016-08-10,473.82427978515625,490.6000061035156,496.0,475.7999877929688,495.2000122070313,176000
2016-08-12,493.5267028808594,511.0,511.0,482.6000061035156,491.0,177500
2016-08-15,493.7199096679688,511.2000122070313,517.0,502.0,515.5999755859375,92000
2016-08-16,489.2771911621094,506.6000061035156,528.7999877929688,505.3999938964844,516.5999755859375,135500
2016-08-17,503.3779296875,521.2000122070312,526.0,512.0,516.5999755859375,183000
2016-08-18,500.0942077636719,517.7999877929688,526.0,507.2000122070313,521.2000122070312,129000
2016-08-19,502.2189025878906,520.0,520.0,506.0,511.0,92500
2016-08-22,511.8770446777344,530.0,530.0,519.7999877929688,529.7999877929688,74000
2016-08-23,523.6598510742188,542.2000122070312,554.0,521.2000122070312,521.2000122070312,218000
2016-08-24,526.75048828125,545.4000244140625,549.4000244140625,537.0,537.0,89500
2016-08-25,515.740234375,534.0,547.0,527.5999755859375,547.0,49500
2016-08-26,502.2189025878906,520.0,534.0,513.2000122070312,534.0,64000
2016-08-29,493.3335571289063,510.7999877929688,522.4000244140625,504.2000122070313,522.4000244140625,74500
2016-08-30,494.29931640625,511.7999877929688,511.7999877929688,503.0,510.0,39000
2016-08-31,499.1283874511719,516.7999877929688,518.7999877929688,502.7999877929688,518.7999877929688,92000
2016-09-01,508.20697021484375,526.2000122070312,533.4000244140625,511.7999877929688,511.7999877929688,111500
2016-09-02,508.9796142578125,527.0,535.7999877929688,524.5999755859375,533.0,72000
2016-09-05,511.1044006347656,529.2000122070312,534.7999877929688,524.2000122070312,533.7999877929688,62500
2016-09-06,515.3538818359375,533.5999755859375,534.4000244140625,523.4000244140625,534.4000244140625,67500
2016-09-07,523.0803833007812,541.5999755859375,541.5999755859375,525.2000122070312,526.0,108000
2016-09-08,523.0803833007812,541.5999755859375,542.0,529.0,542.0,77500
2016-09-09,523.0803833007812,541.5999755859375,543.7999877929688,536.4000244140625,543.7999877929688,73000
2016-09-12,518.2512817382812,536.5999755859375,541.0,523.5999755859375,529.0,54000
2016-09-13,512.0701904296875,530.2000122070312,535.4000244140625,526.0,534.4000244140625,38000
2016-09-14,503.9573669433594,521.7999877929688,535.2000122070312,516.2000122070312,529.4000244140625,66500
2016-09-15,521.148681640625,539.5999755859375,541.5999755859375,524.0,528.7999877929688,192000
2016-09-16,521.148681640625,539.5999755859375,542.0,533.4000244140625,541.4000244140625,72000
2016-09-20,514.9675903320312,533.2000122070312,536.5999755859375,525.7999877929688,533.5999755859375,46000
2016-09-21,509.7522888183594,527.7999877929688,531.4000244140625,523.0,530.0,50000
2016-09-23,520.9556274414062,539.4000244140625,540.7999877929688,531.0,531.0,104000
2016-09-26,529.6478271484375,548.4000244140625,558.0,535.0,541.0,162000
2016-09-27,533.1246948242188,552.0,552.0,540.0,548.0,60500
2016-09-28,545.3961791992188,560.0,560.0,545.4000244140625,550.0,138500
2016-09-29,542.6691284179688,557.2000122070312,561.5999755859375,555.5999755859375,560.0,80000
2016-09-30,537.0204467773438,551.4000244140625,557.7999877929688,546.0,553.0,72000
2016-10-03,542.2796020507812,556.7999877929688,563.0,552.7999877929688,553.0,68000
2016-10-04,544.0326538085938,558.5999755859375,563.5999755859375,556.0,563.5999755859375,51500
2016-10-05,546.954345703125,561.5999755859375,562.0,552.2000122070312,562.0,76000
2016-10-06,545.3961791992188,560.0,560.0,546.0,557.0,116000
2016-10-07,537.0204467773438,551.4000244140625,562.4000244140625,539.5999755859375,562.4000244140625,130000
2016-10-11,537.0204467773438,551.4000244140625,560.0,546.0,560.0,78500
2016-10-12,518.9053955078125,532.7999877929688,550.0,531.0,550.0,69500
2016-10-13,526.3073120117188,540.4000244140625,542.7999877929688,526.4000244140625,542.7999877929688,81500
2016-10-14,553.9666137695312,568.7999877929688,571.2000122070312,537.0,537.4000244140625,305500
2016-10-17,593.1183471679688,609.0,619.0,560.2000122070312,571.0,811500
2016-10-18,601.8836059570312,618.0,628.0,598.7999877929688,599.2000122070312,597000
2016-10-19,615.5185546875,632.0,635.0,611.0,625.0,264500
2016-10-20,578.7042236328125,594.2000122070312,634.0,592.5999755859375,627.0,336000
2016-10-21,638.8926391601562,656.0,657.0,594.5999755859375,594.5999755859375,832000
2016-10-24,629.1534423828125,646.0,668.0,627.0,668.0,584500
2016-10-25,607.7271118164062,624.0,658.0,619.0,647.0,347500
2016-10-26,672.0060424804688,690.0,690.0,625.0,625.0,764000
2016-10-27,647.6580200195312,665.0,686.0,654.0,676.0,342500
2016-10-28,646.6840209960938,664.0,674.0,646.0,661.0,210500
2016-10-31,628.1795043945312,645.0,672.0,632.0,670.0,259000
2016-11-01,636.94482421875,654.0,664.0,626.0,647.0,202500
2016-11-02,601.8836059570312,618.0,654.0,560.4000244140625,654.0,460500
2016-11-04,591.1704711914062,607.0,620.0,589.2000122070312,601.0,173500
2016-11-07,592.1443481445312,608.0,619.0,596.0,602.0,115000
2016-11-08,575.977294921875,591.4000244140625,609.0,586.2000122070312,603.0,101500
2016-11-09,545.3961791992188,560.0,618.0,512.0,596.0,526000
2016-11-10,584.1582641601562,599.7999877929688,618.0,590.2000122070312,600.0,310000
2016-11-11,537.7996215820312,552.2000122070312,585.0,542.2000122070312,585.0,621500
2016-11-14,563.1215209960938,578.2000122070312,590.0,562.0,562.2000122070312,357500
2016-11-15,552.7979125976562,567.5999755859375,582.7999877929688,557.4000244140625,582.7999877929688,207500
2016-11-16,576.5615844726562,592.0,644.0,584.5999755859375,636.0,1075000
2016-11-17,603.8314208984375,620.0,643.0,600.0,610.0,588000
2016-11-18,598.9618530273438,615.0,626.0,604.0,623.0,277500
2016-11-21,617.46630859375,634.0,646.0,609.0,620.0,404500
2016-11-22,650.5797119140625,668.0,676.0,616.0,634.0,625500
2016-11-24,664.214599609375,682.0,701.0,656.0,657.0,615000
2016-11-25,678.823486328125,697.0,705.0,668.0,683.0,580500
2016-11-28,673.953857421875,692.0,726.0,682.0,706.0,580500
2016-11-29,697.327880859375,716.0,720.0,677.0,688.0,574000
2016-11-30,706.0933227539062,725.0,725.0,700.0,710.0,383500
2016-12-01,693.4321899414062,712.0,734.0,701.0,734.0,447500
2016-12-02,672.9798583984375,691.0,708.0,677.0,708.0,408500
2016-12-05,708.041015625,727.0,728.0,680.0,690.0,268500
2016-12-06,703.1715087890625,722.0,739.0,716.0,720.0,403500
2016-12-07,693.4321899414062,712.0,724.0,703.0,723.0,176000
2016-12-08,676.8756103515625,695.0,726.0,687.0,719.0,167500
2016-12-09,674.9277954101562,693.0,701.0,655.0,681.0,409500
2016-12-12,690.510498046875,709.0,713.0,673.0,690.0,259500
2016-12-13,663.24072265625,681.0,700.0,670.0,698.0,409000
2016-12-14,647.6580200195312,665.0,679.0,664.0,675.0,174500
2016-12-15,651.5535278320312,669.0,689.0,666.0,666.0,193000
2016-12-16,649.6058349609375,667.0,681.0,664.0,672.0,156500
2016-12-19,650.5797119140625,668.0,668.0,656.0,656.0,162500
2016-12-20,672.0060424804688,690.0,693.0,663.0,668.0,192500
2016-12-21,672.0060424804688,690.0,705.0,687.0,694.0,266000
2016-12-22,667.1362915039062,685.0,694.0,675.0,685.0,203000
2016-12-26,711.936767578125,731.0,742.0,682.0,685.0,810500
2016-12-27,697.327880859375,716.0,738.0,706.0,738.0,298500
2016-12-28,688.5626220703125,707.0,728.0,704.0,704.0,226000
2016-12-29,686.61474609375,705.0,719.0,678.0,701.0,1150500
2016-12-30,700.2496337890625,719.0,739.0,702.0,702.0,695000
2017-01-04,743.1021728515625,763.0,782.0,723.0,725.0,847000
2017-01-05,778.1634521484375,799.0,804.0,774.0,790.0,983500
2017-01-06,779.1373901367188,800.0,809.0,785.0,806.0,484000
2017-01-10,743.1021728515625,763.0,790.0,754.0,790.0,532000
2017-01-11,724.5978393554688,744.0,778.0,736.0,777.0,356000
2017-01-12,739.20654296875,759.0,762.0,716.0,742.0,377500
2017-01-13,745.0501098632812,765.0,783.0,758.0,767.0,272500
2017-01-16,732.3890380859375,752.0,768.0,749.0,763.0,206000
2017-01-17,731.4152221679688,751.0,763.0,730.0,749.0,218000
2017-01-18,746.0239868164062,766.0,767.0,730.0,741.0,257500
2017-01-19,738.232666015625,758.0,775.0,753.0,766.0,184000
2017-01-20,726.5455932617188,746.0,758.0,733.0,751.0,208000
2017-01-23,746.9979248046875,767.0,777.0,743.0,746.0,185000
2017-01-24,763.5545654296875,784.0,794.0,758.0,759.0,289500
2017-01-25,762.5807495117188,783.0,788.0,770.0,787.0,241000
2017-01-26,765.5025024414062,786.0,797.0,773.0,792.0,286000
2017-01-27,753.8153686523438,774.0,790.0,767.0,789.0,195000
2017-01-30,759.6588745117188,780.0,781.0,770.0,773.0,164000
2017-01-31,774.2677001953125,795.0,804.0,767.0,767.0,376500
2017-02-01,765.5025024414062,786.0,804.0,768.0,804.0,243500
2017-02-02,755.7633056640625,776.0,790.0,772.0,789.0,165000
2017-02-03,692.4583740234375,711.0,790.0,683.0,772.0,836500
2017-02-06,673.953857421875,692.0,708.0,681.0,708.0,408500
2017-02-07,674.9277954101562,693.0,694.0,657.0,680.0,487000
2017-02-08,718.754150390625,738.0,742.0,697.0,698.0,478000
2017-02-09,712.9107055664062,732.0,749.0,723.0,740.0,257000
2017-02-10,715.8323974609375,735.0,745.0,721.0,745.0,206500
2017-02-13,732.3890380859375,752.0,757.0,741.0,744.0,242500
2017-02-14,729.4673461914062,749.0,775.0,746.0,754.0,374000
2017-02-15,717.7802734375,737.0,758.0,734.0,758.0,156500
2017-02-16,707.0671997070312,726.0,734.0,720.0,730.0,162000
2017-02-17,703.1715087890625,722.0,731.0,711.0,719.0,132000
2017-02-20,710.9627685546875,730.0,734.0,716.0,716.0,49000
2017-02-21,708.041015625,727.0,737.0,723.0,734.0,68500
2017-02-22,711.936767578125,731.0,732.0,726.0,732.0,73000
2017-02-23,701.2236328125,720.0,733.0,719.0,724.0,81000
2017-02-24,689.5365600585938,708.0,726.0,704.0,715.0,204000
2017-02-27,681.7452392578125,700.0,708.0,694.0,703.0,189000
2017-02-28,680.771240234375,699.0,707.0,692.0,699.0,100500
2017-03-01,672.0060424804688,690.0,700.0,664.0,700.0,262500
2017-03-02,658.37109375,676.0,695.0,667.0,693.0,302500
2017-03-03,669.0841674804688,687.0,696.0,669.0,674.0,306500
2017-03-06,676.8756103515625,695.0,708.0,686.0,689.0,110500
2017-03-07,664.214599609375,682.0,695.0,674.0,693.0,145500
2017-03-08,658.37109375,676.0,685.0,676.0,685.0,73000
2017-03-09,651.5535278320312,669.0,681.0,666.0,678.0,100000
2017-03-10,702.1975708007812,721.0,732.0,696.0,702.0,495500
2017-03-13,674.9277954101562,693.0,731.0,691.0,718.0,257500
2017-03-14,653.50146484375,671.0,689.0,659.0,688.0,400500
2017-03-15,658.37109375,676.0,677.0,651.0,670.0,337000
2017-03-16,648.6318359375,666.0,674.0,657.0,669.0,203000
2017-03-17,652.527587890625,670.0,671.0,657.0,662.0,125500
2017-03-21,651.5535278320312,669.0,672.0,663.0,672.0,64500
2017-03-22,636.94482421875,654.0,670.0,653.0,656.0,140000
2017-03-23,643.76220703125,661.0,667.0,654.0,666.0,120000
2017-03-24,651.5535278320312,669.0,672.0,660.0,662.0,75000
2017-03-27,638.8926391601562,656.0,678.0,654.0,678.0,73500
2017-03-28,642.788330078125,660.0,666.0,648.0,664.0,115000
2017-03-29,653.50146484375,671.0,672.0,654.0,659.0,82500
2017-03-30,658.37109375,676.0,690.0,671.0,671.0,196500
2017-03-31,644.7361450195312,662.0,687.0,662.0,677.0,171000
2017-04-03,640.8404541015625,658.0,667.0,654.0,663.0,98000
2017-04-04,622.3360595703125,639.0,659.0,631.0,653.0,167000
2017-04-05,615.5185546875,632.0,653.0,626.0,639.0,84500
2017-04-06,588.2487182617188,604.0,628.0,594.0,628.0,326000
2017-04-07,580.4573364257812,596.0,621.0,583.2000122070312,609.0,237000
2017-04-10,578.119873046875,593.5999755859375,603.0,592.5999755859375,595.4000244140625,85500
2017-04-11,578.119873046875,593.5999755859375,602.0,585.7999877929688,592.2000122070312,131000
2017-04-12,552.7979125976562,567.5999755859375,582.7999877929688,562.0,580.5999755859375,190000
2017-04-13,539.7473754882812,554.2000122070312,560.2000122070312,539.0,540.0,153000
2017-04-14,524.7490234375,538.7999877929688,560.7999877929688,538.2000122070312,549.5999755859375,128000
2017-04-17,526.6968383789062,540.7999877929688,558.4000244140625,537.2000122070312,548.0,189500
2017-04-18,531.37158203125,545.5999755859375,554.4000244140625,538.5999755859375,550.7999877929688,164500
2017-04-19,552.4083862304688,567.2000122070312,576.5999755859375,550.0,551.7999877929688,214000
2017-04-20,545.9805297851562,560.5999755859375,577.2000122070312,555.0,574.0,130500
2017-04-21,541.1109008789062,555.5999755859375,566.4000244140625,547.7999877929688,565.0,137000
2017-04-24,527.8655395507812,542.0,560.5999755859375,542.0,560.0,165000
2017-04-25,531.76123046875,546.0,550.2000122070312,540.2000122070312,542.7999877929688,163500
2017-04-26,551.6292724609375,566.4000244140625,569.5999755859375,555.0,555.2000122070312,235000
2017-04-27,550.6553344726562,565.4000244140625,581.7999877929688,562.0,569.5999755859375,274500
2017-04-28,551.0448608398438,565.7999877929688,572.7999877929688,561.4000244140625,566.2000122070312,132500
2017-05-01,547.5386962890625,562.2000122070312,570.0,561.4000244140625,564.5999755859375,60000
2017-05-02,549.2918090820312,564.0,570.0,562.2000122070312,565.0,90000
2017-05-08,563.7059326171875,578.7999877929688,581.0,570.0,572.7999877929688,124500
2017-05-09,571.8867797851562,587.2000122070312,597.7999877929688,580.7999877929688,580.7999877929688,197000
2017-05-10,603.8314208984375,620.0,620.0,592.0,598.0,304500
2017-05-11,592.1443481445312,608.0,614.0,594.4000244140625,606.0,389000
2017-05-12,583.3790893554688,599.0,612.0,593.2000122070312,612.0,295500
2017-05-15,584.1582641601562,599.7999877929688,603.0,582.0,584.2000122070312,251000
2017-05-16,573.8346557617188,589.2000122070312,621.0,586.7999877929688,610.0,212000
2017-05-17,584.35302734375,600.0,604.0,582.5999755859375,596.5999755859375,173000
2017-05-18,579.4834594726562,595.0,597.0,584.2000122070312,586.0,94500
2017-05-19,569.9390258789062,585.2000122070312,596.0,584.0,595.0,68000
2017-05-22,576.5615844726562,592.0,595.4000244140625,586.0,589.5999755859375,65500
2017-05-23,615.5185546875,632.0,663.0,601.0,603.0,596000
2017-05-24,622.3360595703125,639.0,639.0,626.0,632.0,210500
2017-05-25,638.8926391601562,656.0,659.0,642.0,642.0,258500
2017-05-26,621.362060546875,638.0,659.0,635.0,659.0,141000
2017-05-29,621.362060546875,638.0,642.0,635.0,641.0,72000
2017-05-30,619.4141845703125,636.0,643.0,623.0,631.0,116000
2017-05-31,623.3099365234375,640.0,645.0,632.0,636.0,105000
2017-06-01,631.1012573242188,648.0,656.0,640.0,641.0,136500
2017-06-02,617.46630859375,634.0,668.0,631.0,658.0,207500
2017-06-05,634.9968872070312,652.0,660.0,636.0,636.0,170000
2017-06-06,620.38818359375,637.0,655.0,632.0,650.0,219500
2017-06-07,632.0751953125,649.0,659.0,628.0,628.0,210000
2017-06-08,628.1795043945312,645.0,660.0,641.0,645.0,141000
2017-06-09,634.0230102539062,651.0,659.0,638.0,648.0,124500
2017-06-12,620.38818359375,637.0,648.0,622.0,644.0,190500
2017-06-13,646.6840209960938,664.0,668.0,633.0,640.0,241500
2017-06-14,656.4232177734375,674.0,685.0,663.0,678.0,389500
2017-06-15,645.7100830078125,663.0,677.0,657.0,668.0,136500
2017-06-16,636.94482421875,654.0,676.0,649.0,676.0,133500
2017-06-19,649.6058349609375,667.0,670.0,653.0,653.0,115500
2017-06-20,638.8926391601562,656.0,669.0,656.0,667.0,74000
2017-06-21,639.8665161132812,657.0,667.0,654.0,657.0,90000
2017-06-22,642.788330078125,660.0,668.0,650.0,654.0,101500
2017-06-23,644.7361450195312,662.0,675.0,641.0,660.0,311000
2017-06-26,694.4060668945312,713.0,788.0,669.0,669.0,3809500
2017-06-27,830.7552490234375,853.0,853.0,754.0,769.0,3651000
2017-06-28,827.8334350585938,850.0,909.0,824.0,878.0,4413000
2017-06-29,802.5114135742188,824.0,900.0,802.0,878.0,1753000
2017-06-30,777.1895141601562,798.0,817.0,769.0,806.0,1501000
2017-07-03,865.8163452148438,889.0,912.0,773.0,812.0,3934500
2017-07-04,809.3289184570312,831.0,888.0,799.0,888.0,2055000
2017-07-05,821.0159912109375,843.0,898.0,787.0,822.0,3163500
2017-07-06,802.5114135742188,824.0,881.0,816.0,857.0,1564500
2017-07-07,819.0681762695312,841.0,860.0,812.0,814.0,838500
2017-07-10,876.5294799804688,900.0,924.0,850.0,863.0,2792500
2017-07-11,909.6428833007812,934.0,936.0,876.0,898.0,2130500
2017-07-12,874.5816650390625,898.0,938.0,886.0,938.0,1929500
2017-07-13,850.2335815429688,873.0,903.0,867.0,893.0,1233000
2017-07-14,825.8856201171875,848.0,886.0,835.0,862.0,1142500
2017-07-17,825.8856201171875,848.0,848.0,848.0,848.0,0
2017-07-18,783.0330810546875,804.0,833.0,793.0,822.0,1413500
2017-07-19,779.1373901367188,800.0,835.0,795.0,816.0,915000
2017-07-20,779.1373901367188,800.0,820.0,796.0,804.0,699000
2017-07-21,746.9979248046875,767.0,800.0,761.0,798.0,1412500
2017-07-24,746.0239868164062,766.0,780.0,750.0,770.0,858000
2017-07-25,746.9979248046875,767.0,769.0,748.0,762.0,541000
2017-07-26,731.4152221679688,751.0,790.0,746.0,773.0,972000
2017-07-27,739.20654296875,759.0,766.0,748.0,757.0,303500
2017-07-28,706.0933227539062,725.0,761.0,716.0,760.0,1092000
2017-07-31,710.9627685546875,730.0,731.0,705.0,725.0,462000
2017-08-01,681.7452392578125,700.0,723.0,688.0,719.0,701500
2017-08-02,702.1975708007812,721.0,733.0,706.0,715.0,643500
2017-08-03,696.35400390625,715.0,731.0,701.0,727.0,396000
2017-08-04,705.1192626953125,724.0,732.0,704.0,714.0,334500
2017-08-07,723.6238403320312,743.0,749.0,710.0,732.0,568000
2017-08-08,706.0933227539062,725.0,744.0,719.0,736.0,359500
2017-08-09,693.4321899414062,712.0,719.0,688.0,717.0,544000
2017-08-10,670.05810546875,688.0,717.0,662.0,715.0,700500
2017-08-11,670.05810546875,688.0,688.0,688.0,688.0,0
2017-08-14,707.0671997070312,726.0,726.0,680.0,691.0,652500
2017-08-15,709.9888916015625,729.0,732.0,704.0,722.0,435000
2017-08-16,730.4412841796875,750.0,752.0,725.0,738.0,486500
2017-08-17,759.6588745117188,780.0,805.0,766.0,790.0,2243500
2017-08-18,761.6067504882812,782.0,803.0,752.0,762.0,1356000
2017-08-21,702.1975708007812,721.0,781.0,716.0,778.0,1285500
2017-08-22,708.041015625,727.0,739.0,716.0,728.0,567000
2017-08-23,701.2236328125,720.0,737.0,715.0,731.0,367500
2017-08-24,696.35400390625,715.0,724.0,708.0,712.0,325000
2017-08-25,695.380126953125,714.0,725.0,710.0,717.0,216000
2017-08-28,701.2236328125,720.0,725.0,710.0,717.0,211000
2017-08-29,688.5626220703125,707.0,714.0,694.0,710.0,488500
2017-08-30,689.5365600585938,708.0,722.0,698.0,720.0,340500
2017-08-31,716.806396484375,736.0,740.0,704.0,706.0,537500
2017-09-01,727.5195922851562,747.0,770.0,736.0,750.0,806000
2017-09-04,711.936767578125,731.0,740.0,706.0,733.0,637000
2017-09-05,665.1885375976562,683.0,737.0,676.0,730.0,872000
2017-09-06,646.6840209960938,664.0,686.0,654.0,672.0,677000
2017-09-07,635.9708862304688,653.0,677.0,652.0,673.0,547500
2017-09-08,638.8926391601562,656.0,670.0,649.0,659.0,469500
2017-09-11,669.0841674804688,687.0,687.0,658.0,667.0,330000
2017-09-12,673.953857421875,692.0,700.0,688.0,697.0,202500
2017-09-13,680.771240234375,699.0,704.0,685.0,704.0,206500
2017-09-14,663.24072265625,681.0,705.0,670.0,697.0,300500
2017-09-15,742.1282958984375,762.0,786.0,736.0,751.0,3100000
2017-09-18,742.1282958984375,762.0,762.0,762.0,762.0,0
2017-09-19,742.1282958984375,762.0,782.0,757.0,780.0,772000
2017-09-20,723.6238403320312,743.0,776.0,740.0,759.0,422000
2017-09-21,772.3198852539062,793.0,827.0,762.0,771.0,3673500
2017-09-22,740.1804809570312,760.0,781.0,734.0,775.0,1249000
2017-09-25,798.6157836914062,820.0,847.0,764.0,781.0,4941500
2017-09-26,784.9808959960938,806.0,856.0,786.0,800.0,3250000
2017-09-27,823.2009887695312,840.0,858.0,805.0,814.0,1855500
2017-09-28,841.8209838867188,859.0,893.0,845.0,876.0,3696000
2017-09-29,826.140869140625,843.0,864.0,835.0,850.0,1160500
2017-10-02,842.8009643554688,860.0,864.0,836.0,851.0,969500
2017-10-03,834.9609375,852.0,863.0,842.0,860.0,596000
2017-10-04,818.3009033203125,835.0,843.0,806.0,843.0,1084000
2017-10-05,788.90087890625,805.0,845.0,803.0,832.0,597500
2017-10-06,791.8409423828125,808.0,821.0,802.0,805.0,462500
2017-10-09,791.8409423828125,808.0,808.0,808.0,808.0,0
2017-10-10,805.5609130859375,822.0,833.0,811.0,819.0,364500
2017-10-11,814.3809204101562,831.0,850.0,816.0,826.0,702500
2017-10-12,808.5009155273438,825.0,849.0,822.0,833.0,353000
2017-10-13,797.7208251953125,814.0,827.0,808.0,824.0,357000
2017-10-16,842.8009643554688,860.0,860.0,812.0,815.0,909500
2017-10-17,822.220947265625,839.0,869.0,822.0,869.0,592000
2017-10-18,794.7809448242188,811.0,843.0,807.0,836.0,570500
2017-10-19,806.5408935546875,823.0,854.0,810.0,816.0,691500
2017-10-20,790.8609008789062,807.0,825.0,800.0,817.0,452500
2017-10-23,792.8208618164062,809.0,817.0,801.0,812.0,341500
2017-10-24,786.9408569335938,803.0,810.0,795.0,804.0,313000
2017-10-25,781.0609130859375,797.0,819.0,796.0,808.0,268500
2017-10-26,794.7809448242188,811.0,819.0,801.0,803.0,226000
2017-10-27,800.660888671875,817.0,825.0,811.0,811.0,313000
2017-10-30,807.5208740234375,824.0,836.0,814.0,822.0,227000
2017-10-31,802.6209106445312,819.0,827.0,815.0,817.0,179500
2017-11-01,811.4409790039062,828.0,833.0,816.0,816.0,330500
2017-11-02,807.5208740234375,824.0,829.0,818.0,828.0,201000
2017-11-03,807.5208740234375,824.0,824.0,824.0,824.0,0
2017-11-06,802.6209106445312,819.0,835.0,819.0,820.0,238000
2017-11-07,800.660888671875,817.0,829.0,817.0,820.0,216000
2017-11-08,819.2809448242188,836.0,853.0,820.0,820.0,653000
2017-11-09,806.5408935546875,823.0,857.0,810.0,837.0,630500
2017-11-10,797.7208251953125,814.0,822.0,803.0,819.0,307500
2017-11-13,855.541015625,873.0,884.0,814.0,828.0,2131500
2017-11-14,891.801025390625,910.0,912.0,857.0,874.0,1575000
2017-11-15,851.6209716796875,869.0,940.0,860.0,900.0,1569500
2017-11-16,865.3410034179688,883.0,907.0,869.0,869.0,712500
2017-11-17,872.2010498046875,890.0,908.0,873.0,897.0,564500
2017-11-20,1009.401123046875,1030.0,1030.0,922.0,932.0,3786500
2017-11-21,1042.72119140625,1064.0,1094.0,1004.0,1090.0,3049500
2017-11-22,1101.521240234375,1124.0,1138.0,1042.0,1064.0,3191000
2017-11-23,1101.521240234375,1124.0,1124.0,1124.0,1124.0,0
2017-11-24,1078.001220703125,1100.0,1136.0,1076.0,1102.0,1864500
2017-11-27,1221.081298828125,1246.0,1284.0,1112.0,1112.0,4658500
2017-11-28,1199.5213623046875,1224.0,1262.0,1168.0,1242.0,2600500
2017-11-29,1193.641357421875,1218.0,1308.0,1182.0,1216.0,2693500
2017-11-30,1146.6011962890625,1170.0,1234.0,1164.0,1194.0,1246500
2017-12-01,1132.8812255859375,1156.0,1278.0,1148.0,1210.0,2653000
2017-12-04,1134.84130859375,1158.0,1202.0,1152.0,1162.0,883000
2017-12-05,1091.72119140625,1114.0,1150.0,1050.0,1138.0,1363500
2017-12-06,1060.3612060546875,1082.0,1138.0,1074.0,1110.0,986500
2017-12-07,1121.121337890625,1144.0,1158.0,1104.0,1116.0,801000
2017-12-08,1123.081298828125,1146.0,1184.0,1128.0,1144.0,755000
2017-12-11,1093.6812744140625,1116.0,1170.0,1114.0,1160.0,529500
2017-12-12,1079.961181640625,1102.0,1138.0,1080.0,1120.0,878000
2017-12-13,1097.601318359375,1120.0,1122.0,1066.0,1114.0,718000
2017-12-14,1087.80126953125,1110.0,1128.0,1100.0,1114.0,303500
2017-12-15,1078.001220703125,1100.0,1162.0,1090.0,1130.0,669000
2017-12-18,1101.521240234375,1124.0,1124.0,1082.0,1120.0,456500
2017-12-19,1185.801513671875,1210.0,1216.0,1128.0,1136.0,1505000
2017-12-20,1154.4412841796875,1178.0,1260.0,1168.0,1224.0,1655000
2017-12-21,1115.2412109375,1138.0,1208.0,1130.0,1180.0,981500
2017-12-22,1132.8812255859375,1156.0,1158.0,1122.0,1158.0,674000
2017-12-25,1140.72119140625,1164.0,1170.0,1100.0,1144.0,783500
2017-12-26,1119.1612548828125,1142.0,1170.0,1138.0,1158.0,432500
2017-12-27,1187.76123046875,1212.0,1256.0,1160.0,1168.0,2147000
2017-12-28,1170.121337890625,1194.0,1228.0,1184.0,1218.0,793500
2017-12-29,1154.4412841796875,1178.0,1228.0,1162.0,1204.0,804500
2018-01-03,1154.4412841796875,1178.0,1178.0,1178.0,1178.0,0
2018-01-04,1226.96142578125,1252.0,1270.0,1170.0,1196.0,1815500
2018-01-05,1213.2413330078125,1238.0,1268.0,1218.0,1260.0,862000
2018-01-08,1213.2413330078125,1238.0,1238.0,1238.0,1238.0,0
2018-01-09,1181.88134765625,1206.0,1242.0,1180.0,1240.0,1313500
2018-01-10,1211.28125,1236.0,1240.0,1190.0,1214.0,715000
2018-01-11,1274.00146484375,1300.0,1334.0,1212.0,1236.0,2554000
2018-01-12,1272.0413818359375,1298.0,1348.0,1284.0,1312.0,1649500
2018-01-15,1221.081298828125,1246.0,1314.0,1234.0,1310.0,1272000
2018-01-16,1332.8013916015625,1360.0,1380.0,1274.0,1286.0,3147000
2018-01-17,1307.321533203125,1334.0,1380.0,1296.0,1340.0,2286000
2018-01-18,1260.2813720703125,1286.0,1356.0,1284.0,1350.0,1290500
2018-01-19,1275.96142578125,1302.0,1332.0,1284.0,1296.0,735000
2018-01-22,1348.4814453125,1376.0,1382.0,1300.0,1318.0,1732500
2018-01-23,1313.2015380859375,1340.0,1366.0,1312.0,1360.0,1685500
2018-01-24,1281.8414306640625,1308.0,1348.0,1282.0,1342.0,1146000
2018-01-25,1279.8814697265625,1306.0,1320.0,1250.0,1282.0,1260000
2018-01-26,1264.201416015625,1290.0,1326.0,1280.0,1324.0,607500
2018-01-29,1277.92138671875,1304.0,1308.0,1278.0,1296.0,505500
2018-01-30,1260.2813720703125,1286.0,1334.0,1264.0,1320.0,1087500
2018-01-31,1252.44140625,1278.0,1314.0,1264.0,1266.0,676000
2018-02-01,1285.761474609375,1312.0,1316.0,1262.0,1290.0,794500
2018-02-02,1377.881591796875,1406.0,1484.0,1250.0,1314.0,6942000
2018-02-05,1477.8416748046875,1508.0,1520.0,1356.0,1356.0,4754000
2018-02-06,1307.321533203125,1334.0,1470.0,1230.0,1400.0,4290500
2018-02-07,1221.081298828125,1246.0,1422.0,1242.0,1400.0,2899500
2018-02-08,1248.5213623046875,1274.0,1302.0,1200.0,1286.0,2423500
2018-02-09,1244.601318359375,1270.0,1272.0,1172.0,1174.0,1998500
2018-02-12,1244.601318359375,1270.0,1270.0,1270.0,1270.0,0
2018-02-13,1240.681396484375,1266.0,1324.0,1258.0,1290.0,915500
2018-02-14,1185.801513671875,1210.0,1288.0,1194.0,1252.0,969500
2018-02-15,1250.4814453125,1276.0,1282.0,1214.0,1224.0,733500
2018-02-16,1372.0015869140625,1400.0,1416.0,1280.0,1296.0,2568000
2018-02-19,1417.08154296875,1446.0,1458.0,1396.0,1438.0,1478000
2018-02-20,1417.08154296875,1446.0,1494.0,1432.0,1446.0,1376000
2018-02-21,1538.601806640625,1570.0,1594.0,1440.0,1476.0,2757000
2018-02-22,1611.121826171875,1644.0,1726.0,1612.0,1650.0,2823000
2018-02-23,1630.721923828125,1664.0,1692.0,1586.0,1676.0,1505500
2018-02-26,1634.6417236328125,1668.0,1716.0,1634.0,1690.0,1060000
2018-02-27,1716.9617919921875,1752.0,1776.0,1648.0,1672.0,2259000
2018-02-28,1703.241943359375,1738.0,1804.0,1724.0,1736.0,1787000
2018-03-01,1797.3218994140625,1834.0,1846.0,1716.0,1722.0,1704000
2018-03-02,1777.721923828125,1814.0,1844.0,1766.0,1800.0,1499500
2018-03-05,1650.3218994140625,1684.0,1858.0,1670.0,1840.0,1843000
2018-03-06,1801.241943359375,1838.0,1852.0,1722.0,1744.0,1655000
2018-03-07,1826.72216796875,1864.0,1904.0,1790.0,1830.0,1824500
2018-03-08,1934.522216796875,1974.0,2044.0,1874.0,1900.0,2480500
2018-03-09,1901.2020263671875,1940.0,2024.0,1904.0,2000.0,1810000
2018-03-12,1850.2421875,1888.0,1972.0,1850.0,1970.0,1038500
2018-03-13,1948.2423095703125,1988.0,2080.0,1868.0,1870.0,2839000
2018-03-14,1911.002197265625,1950.0,2004.0,1922.0,1964.0,1133000
2018-03-15,1875.7220458984373,1914.0,2002.0,1894.0,1938.0,1329500
2018-03-16,1836.52197265625,1874.0,1944.0,1874.0,1920.0,1058500
2018-03-19,1736.5618896484375,1772.0,1864.0,1740.0,1862.0,1565000
2018-03-20,1748.322021484375,1784.0,1812.0,1740.0,1754.0,820000
2018-03-21,1748.322021484375,1784.0,1784.0,1784.0,1784.0,0
2018-03-22,1771.842041015625,1808.0,1848.0,1796.0,1796.0,676000
2018-03-23,1724.802001953125,1760.0,1782.0,1714.0,1718.0,636000
2018-03-26,1754.2017822265625,1790.0,1790.0,1674.0,1756.0,730500
2018-03-27,1720.882080078125,1756.0,1858.0,1734.0,1850.0,725500
2018-03-28,1728.7220458984375,1764.0,1820.0,1722.0,1730.0,582700
2018-03-29,1644.44189453125,1678.0,1794.0,1651.0,1790.0,576000
2018-03-30,1695.40185546875,1730.0,1742.0,1661.0,1690.0,534700
2018-04-02,1734.6019287109375,1770.0,1818.0,1731.0,1731.0,533200
2018-04-03,1648.3619384765625,1682.0,1756.0,1662.0,1730.0,708000
2018-04-04,1588.581787109375,1621.0,1733.0,1590.0,1732.0,823800
2018-04-05,1580.7418212890625,1613.0,1657.0,1599.0,1649.0,453100
2018-04-06,1539.581787109375,1571.0,1628.0,1567.0,1600.0,559800
2018-04-09,1560.1617431640625,1592.0,1621.0,1550.0,1577.0,568300
2018-04-10,1545.4617919921875,1577.0,1595.0,1553.0,1587.0,407800
2018-04-11,1514.1016845703125,1545.0,1585.0,1513.0,1571.0,529800
2018-04-12,1500.381591796875,1531.0,1581.0,1505.0,1505.0,377200
2018-04-13,1516.061767578125,1547.0,1552.0,1492.0,1531.0,363700
2018-04-16,1418.0616455078125,1447.0,1570.0,1430.0,1550.0,826900
2018-04-17,1420.021484375,1449.0,1468.0,1399.0,1445.0,630700
2018-04-18,1401.401611328125,1430.0,1444.0,1395.0,1444.0,618800
2018-04-19,1357.301513671875,1385.0,1419.0,1351.0,1390.0,724400
2018-04-20,1393.5615234375,1422.0,1459.0,1400.0,1400.0,449800
2018-04-23,1366.1214599609375,1394.0,1430.0,1385.0,1416.0,258900
2018-04-24,1383.7615966796875,1412.0,1447.0,1406.0,1416.0,297900
2018-04-25,1372.9815673828125,1401.0,1421.0,1387.0,1398.0,353400
2018-04-26,1376.901611328125,1405.0,1434.0,1388.0,1414.0,389600
2018-04-27,1372.0015869140625,1400.0,1419.0,1376.0,1405.0,328800
2018-04-30,1372.0015869140625,1400.0,1400.0,1400.0,1400.0,0
2018-05-01,1351.4215087890625,1379.0,1408.0,1355.0,1400.0,284900
2018-05-02,1367.1015625,1395.0,1398.0,1363.0,1386.0,300800
2018-05-04,1367.1015625,1395.0,1395.0,1395.0,1395.0,0
2018-05-07,1380.8216552734375,1409.0,1439.0,1390.0,1412.0,291800
2018-05-08,1412.181640625,1441.0,1461.0,1398.0,1409.0,426800
2018-05-09,1362.2015380859375,1390.0,1449.0,1380.0,1444.0,468300
2018-05-10,1348.4814453125,1376.0,1402.0,1360.0,1401.0,444400
2018-05-11,1499.4017333984375,1530.0,1638.0,1510.0,1550.0,2117500
2018-05-14,1468.041748046875,1498.0,1533.0,1423.0,1501.0,1253200
2018-05-15,1402.381591796875,1431.0,1507.0,1405.0,1485.0,1047700
2018-05-16,1387.681640625,1416.0,1444.0,1407.0,1438.0,333700
2018-05-17,1461.181640625,1491.0,1504.0,1413.0,1417.0,562400
2018-05-18,1486.66162109375,1517.0,1520.0,1467.0,1490.0,446000
2018-05-21,1543.5015869140625,1575.0,1577.0,1503.0,1529.0,744100
2018-05-22,1568.001708984375,1600.0,1612.0,1562.0,1580.0,766800
2018-05-23,1554.2816162109375,1586.0,1610.0,1568.0,1597.0,530100
2018-05-24,1555.26171875,1587.0,1603.0,1536.0,1596.0,573000
2018-05-25,1594.4617919921875,1627.0,1645.0,1563.0,1600.0,825100
2018-05-28,1656.2017822265625,1690.0,1698.0,1619.0,1642.0,982800
2018-05-29,1621.9017333984375,1655.0,1676.0,1602.0,1675.0,940200
2018-05-30,1581.7218017578125,1614.0,1646.0,1584.0,1620.0,692900
2018-05-31,1604.26171875,1637.0,1663.0,1601.0,1629.0,548600
2018-06-01,1619.94189453125,1653.0,1666.0,1626.0,1647.0,546900
2018-06-04,1600.341796875,1633.0,1669.0,1606.0,1668.0,361200
2018-06-05,1538.601806640625,1570.0,1647.0,1543.0,1631.0,480500
2018-06-06,1529.78173828125,1561.0,1575.0,1530.0,1569.0,369300
2018-06-07,1564.081787109375,1596.0,1614.0,1556.0,1573.0,258500
2018-06-08,1578.78173828125,1611.0,1611.0,1569.0,1579.0,311700
2018-06-11,1590.5418701171875,1623.0,1629.0,1580.0,1612.0,326000
2018-06-12,1614.0618896484375,1647.0,1656.0,1604.0,1623.0,423400
2018-06-13,1617.0018310546875,1650.0,1688.0,1626.0,1645.0,521500
2018-06-14,1625.8216552734375,1659.0,1675.0,1630.0,1640.0,365400
2018-06-15,1580.7418212890625,1613.0,1685.0,1599.0,1680.0,472400
2018-06-18,1539.581787109375,1571.0,1623.0,1539.0,1610.0,505300
2018-06-19,1519.001708984375,1550.0,1633.0,1528.0,1553.0,453700
2018-06-20,1539.581787109375,1571.0,1578.0,1477.0,1540.0,424200
2018-06-21,1628.7618408203125,1662.0,1673.0,1556.0,1571.0,655100
2018-06-22,1587.601806640625,1620.0,1670.0,1614.0,1645.0,468500
2018-06-25,1521.941650390625,1553.0,1649.0,1548.0,1608.0,425500
2018-06-26,1506.26171875,1537.0,1561.0,1507.0,1535.0,301200
2018-06-27,1489.6016845703125,1520.0,1559.0,1515.0,1530.0,245600
2018-06-28,1459.2216796875,1489.0,1519.0,1460.0,1511.0,451800
2018-06-29,1432.7615966796875,1462.0,1481.0,1415.0,1479.0,752800
2018-07-02,1399.4415283203125,1428.0,1499.0,1423.0,1472.0,311500
2018-07-03,1388.66162109375,1417.0,1470.0,1399.0,1419.0,339200
2018-07-04,1361.2215576171875,1389.0,1409.0,1362.0,1401.0,282900
2018-07-05,1304.3814697265625,1331.0,1410.0,1321.0,1385.0,411100
2018-07-06,1323.9815673828125,1351.0,1363.0,1310.0,1331.0,339000
2018-07-09,1431.7816162109375,1461.0,1476.0,1351.0,1351.0,587800
2018-07-10,1397.4815673828125,1426.0,1492.0,1415.0,1475.0,416100
2018-07-11,1393.5615234375,1422.0,1444.0,1370.0,1414.0,356700
2018-07-12,1463.1416015625,1493.0,1520.0,1425.0,1425.0,503700
2018-07-13,1460.20166015625,1490.0,1533.0,1478.0,1520.0,360500
2018-07-16,1460.20166015625,1490.0,1490.0,1490.0,1490.0,0
2018-07-17,1450.4014892578125,1480.0,1506.0,1468.0,1478.0,175400
2018-07-18,1453.3416748046875,1483.0,1520.0,1481.0,1500.0,289000
2018-07-19,1398.4615478515625,1427.0,1505.0,1426.0,1496.0,404300
2018-07-20,1422.9615478515625,1452.0,1470.0,1418.0,1423.0,276400
2018-07-23,1426.881591796875,1456.0,1488.0,1447.0,1454.0,369700
2018-07-24,1450.4014892578125,1480.0,1496.0,1439.0,1474.0,256100
2018-07-25,1463.1416015625,1493.0,1498.0,1460.0,1480.0,232100
2018-07-26,1523.901611328125,1555.0,1557.0,1497.0,1507.0,500500
2018-07-27,1565.0616455078125,1597.0,1613.0,1551.0,1575.0,620500
2018-07-30,1543.5015869140625,1575.0,1606.0,1571.0,1597.0,341400
2018-07-31,1495.481689453125,1526.0,1566.0,1487.0,1566.0,583800
2018-08-01,1556.2418212890625,1588.0,1603.0,1529.0,1535.0,377100
2018-08-02,1576.82177734375,1609.0,1627.0,1581.0,1587.0,533400
2018-08-03,1502.3416748046875,1533.0,1627.0,1482.0,1626.0,711500
2018-08-06,1546.4417724609375,1578.0,1580.0,1486.0,1495.0,301500
2018-08-07,1522.9217529296875,1554.0,1634.0,1549.0,1580.0,541900
2018-08-08,1568.9818115234375,1601.0,1614.0,1562.0,1575.0,327400
2018-08-09,1541.5416259765625,1573.0,1610.0,1563.0,1588.0,266700
2018-08-10,1517.041748046875,1548.0,1575.0,1540.0,1569.0,251000
2018-08-13,1505.28173828125,1536.0,1559.0,1502.0,1520.0,308600
2018-08-14,1514.1016845703125,1545.0,1574.0,1520.0,1526.0,375500
2018-08-15,1519.981689453125,1551.0,1586.0,1542.0,1582.0,195800
2018-08-16,1477.8416748046875,1508.0,1561.0,1502.0,1550.0,298600
2018-08-17,1487.6416015625,1518.0,1537.0,1500.0,1530.0,141300
2018-08-20,1438.6416015625,1468.0,1527.0,1466.0,1518.0,188500
2018-08-21,1413.16162109375,1442.0,1487.0,1420.0,1454.0,281500
2018-08-22,1437.6617431640625,1467.0,1476.0,1426.0,1442.0,171600
2018-08-23,1452.3616943359375,1482.0,1499.0,1459.0,1470.0,166300
2018-08-24,1501.3616943359375,1532.0,1548.0,1501.0,1526.0,354000
2018-08-27,1504.3016357421875,1535.0,1575.0,1535.0,1550.0,300700
2018-08-28,1511.1614990234375,1542.0,1575.0,1534.0,1559.0,173400
2018-08-29,1544.481689453125,1576.0,1582.0,1532.0,1539.0,313400
2018-08-30,1572.90185546875,1605.0,1620.0,1575.0,1592.0,479200
2018-08-31,1541.5416259765625,1573.0,1608.0,1573.0,1608.0,403600
2018-09-03,1531.74169921875,1563.0,1582.0,1547.0,1575.0,166400
2018-09-04,1574.86181640625,1607.0,1611.0,1560.0,1560.0,346400
2018-09-05,1536.6417236328125,1568.0,1644.0,1567.0,1607.0,427400
2018-09-06,1449.421630859375,1479.0,1558.0,1476.0,1558.0,411000
2018-09-07,1448.441650390625,1478.0,1499.0,1443.0,1450.0,367800
2018-09-10,1500.381591796875,1531.0,1537.0,1475.0,1477.0,177100
2018-09-11,1519.001708984375,1550.0,1566.0,1525.0,1538.0,281900
2018-09-12,1487.6416015625,1518.0,1579.0,1513.0,1560.0,250500
2018-09-13,1487.6416015625,1518.0,1542.0,1496.0,1500.0,266900
2018-09-14,1492.541748046875,1523.0,1534.0,1504.0,1504.0,246300
2018-09-17,1492.541748046875,1523.0,1523.0,1523.0,1523.0,0
2018-09-18,1523.901611328125,1555.0,1562.0,1511.0,1519.0,316700
2018-09-19,1561.1416015625,1593.0,1603.0,1541.0,1555.0,507300
2018-09-20,1602.3016357421875,1635.0,1644.0,1589.0,1595.0,656500
2018-09-21,1593.481689453125,1626.0,1669.0,1597.0,1642.0,1130600
2018-09-24,1593.481689453125,1626.0,1626.0,1626.0,1626.0,0
2018-09-25,1620.921875,1654.0,1671.0,1630.0,1630.0,581800
2018-09-26,1619.9376220703125,1646.0,1678.0,1638.0,1666.0,445300
2018-09-27,1565.80859375,1591.0,1647.0,1589.0,1638.0,315600
2018-09-28,1568.7611083984375,1594.0,1625.0,1588.0,1613.0,297400
2018-10-01,1585.4918212890625,1611.0,1634.0,1580.0,1595.0,316400
2018-10-02,1567.7767333984375,1593.0,1646.0,1591.0,1630.0,281000
2018-10-03,1486.091064453125,1510.0,1590.0,1504.0,1583.0,570500
2018-10-04,1469.3602294921875,1493.0,1529.0,1472.0,1515.0,478100
2018-10-05,1441.8035888671875,1465.0,1518.0,1460.0,1481.0,459300
2018-10-08,1441.8035888671875,1465.0,1465.0,1465.0,1465.0,0
2018-10-09,1469.3602294921875,1493.0,1559.0,1432.0,1451.0,843000
2018-10-10,1454.5977783203125,1478.0,1523.0,1447.0,1523.0,285900
2018-10-11,1366.0228271484375,1388.0,1419.0,1360.0,1388.0,530200
2018-10-12,1405.389404296875,1428.0,1438.0,1371.0,1376.0,238800
2018-10-15,1367.9910888671875,1390.0,1430.0,1388.0,1430.0,289200
2018-10-16,1376.8486328125,1399.0,1406.0,1368.0,1385.0,190700
2018-10-17,1425.07275390625,1448.0,1460.0,1421.0,1430.0,222600
2018-10-18,1409.3260498046875,1432.0,1466.0,1427.0,1457.0,212500
2018-10-19,1414.2469482421875,1437.0,1442.0,1391.0,1402.0,225700
2018-10-22,1454.5977783203125,1478.0,1514.0,1438.0,1455.0,315900
2018-10-23,1394.5635986328125,1417.0,1475.0,1416.0,1464.0,248100
2018-10-24,1377.832763671875,1400.0,1450.0,1376.0,1434.0,262700
2018-10-25,1285.3211669921875,1306.0,1362.0,1305.0,1340.0,428900
2018-10-26,1221.3504638671875,1241.0,1366.0,1235.0,1346.0,527600
2018-10-29,1118.9971923828125,1137.0,1268.0,1137.0,1234.0,544400
2018-10-30,1164.2686767578125,1183.0,1190.0,1060.0,1071.0,630300
2018-10-31,1203.6353759765625,1223.0,1235.0,1190.0,1205.0,355900
2018-11-01,1215.4453125,1235.0,1240.0,1178.0,1219.0,354600
2018-11-02,1247.9228515625,1268.0,1273.0,1235.0,1236.0,245900
2018-11-05,1229.2236328125,1249.0,1281.0,1230.0,1260.0,235100
2018-11-06,1214.461181640625,1234.0,1264.0,1217.0,1256.0,232400
2018-11-07,1251.859619140625,1272.0,1296.0,1234.0,1256.0,388500
2018-11-08,1358.1494140625,1380.0,1420.0,1311.0,1311.0,894500
2018-11-09,1374.8802490234375,1397.0,1408.0,1362.0,1364.0,356000
2018-11-12,1344.37109375,1366.0,1437.0,1364.0,1394.0,379100
2018-11-13,1327.6402587890625,1349.0,1379.0,1295.0,1320.0,301400
2018-11-14,1269.574462890625,1290.0,1349.0,1286.0,1338.0,299600
2018-11-15,1326.6561279296875,1348.0,1385.0,1305.0,1313.0,390600
2018-11-16,1295.162841796875,1316.0,1376.0,1305.0,1355.0,276100
2018-11-19,1328.62451171875,1350.0,1400.0,1322.0,1322.0,462200
2018-11-20,1297.131103515625,1318.0,1351.0,1314.0,1315.0,324300
2018-11-21,1270.55859375,1291.0,1351.0,1276.0,1277.0,374900
2018-11-22,1304.020263671875,1325.0,1335.0,1290.0,1302.0,309100
2018-11-23,1304.020263671875,1325.0,1325.0,1325.0,1325.0,0
2018-11-26,1289.2578125,1310.0,1344.0,1305.0,1333.0,199000
2018-11-27,1272.5269775390625,1293.0,1332.0,1290.0,1324.0,213000
2018-11-28,1305.9886474609375,1327.0,1337.0,1285.0,1299.0,440200
2018-11-29,1340.4344482421875,1362.0,1423.0,1338.0,1347.0,616900
2018-11-30,1331.576904296875,1353.0,1395.0,1327.0,1365.0,271900
2018-12-03,1368.9752197265625,1391.0,1404.0,1365.0,1395.0,249500
2018-12-04,1353.2286376953125,1375.0,1407.0,1366.0,1390.0,237100
2018-12-05,1331.576904296875,1353.0,1372.0,1330.0,1345.0,230700
2018-12-06,1228.239501953125,1248.0,1346.0,1243.0,1342.0,567900
2018-12-07,1212.4927978515625,1232.0,1285.0,1224.0,1270.0,264100
2018-12-10,1153.44287109375,1172.0,1206.0,1156.0,1195.0,284200
2018-12-11,1170.1737060546875,1189.0,1200.0,1165.0,1190.0,258700
2018-12-12,1225.2869873046875,1245.0,1251.0,1189.0,1196.0,220700
2018-12-13,1202.651123046875,1222.0,1262.0,1210.0,1252.0,220900
2018-12-14,1160.3321533203125,1179.0,1224.0,1171.0,1212.0,304500
2018-12-17,1130.8070068359375,1149.0,1187.0,1146.0,1172.0,213700
2018-12-18,1057.9788818359375,1075.0,1123.0,1069.0,1100.0,519400
2018-12-19,1094.392822265625,1112.0,1122.0,1061.0,1082.0,381000
2018-12-20,1066.8363037109375,1084.0,1114.0,1058.0,1086.0,422100
2018-12-21,993.0237426757812,1009.0,1073.0,984.0,1057.0,658600
2018-12-24,993.0237426757812,1009.0,1009.0,1009.0,1009.0,0
2018-12-25,925.1162719726562,940.0,985.0,929.0,938.0,627700
2018-12-26,956.609619140625,972.0,1003.0,950.0,970.0,323300
2018-12-27,1035.3428955078125,1052.0,1066.0,1006.0,1041.0,336800
2018-12-28,968.4196166992188,984.0,1056.0,974.0,1033.0,432500
2018-12-31,968.4196166992188,984.0,984.0,984.0,984.0,0
2019-01-04,958.5779418945312,974.0,977.0,940.0,951.0,259200
2019-01-07,1015.6595458984376,1032.0,1040.0,987.0,1015.0,390500
2019-01-08,1073.725341796875,1091.0,1108.0,1053.0,1057.0,388700
2019-01-09,1076.6778564453125,1094.0,1152.0,1091.0,1145.0,379200
2019-01-10,1067.8203125,1085.0,1109.0,1069.0,1093.0,224500
2019-01-11,1099.3138427734375,1117.0,1143.0,1093.0,1102.0,366000
2019-01-15,1236.11279296875,1256.0,1271.0,1203.0,1267.0,926300
2019-01-16,1256.7802734375,1277.0,1311.0,1272.0,1288.0,625900
2019-01-17,1314.8460693359375,1336.0,1347.0,1285.0,1315.0,604800
2019-01-18,1370.943603515625,1393.0,1400.0,1327.0,1330.0,553200
2019-01-21,1277.44775390625,1298.0,1432.0,1287.0,1420.0,735600
2019-01-22,1291.2261962890625,1312.0,1345.0,1294.0,1307.0,368900
2019-01-23,1292.2103271484375,1313.0,1355.0,1290.0,1296.0,218200
2019-01-24,1340.4344482421875,1362.0,1362.0,1303.0,1330.0,389700
2019-01-25,1383.73779296875,1406.0,1428.0,1355.0,1362.0,549100
2019-01-28,1380.7852783203125,1403.0,1428.0,1378.0,1425.0,310200
2019-01-29,1396.531982421875,1419.0,1424.0,1358.0,1399.0,271100
2019-01-30,1351.26025390625,1373.0,1420.0,1359.0,1407.0,338800
2019-01-31,1410.310302734375,1433.0,1444.0,1396.0,1400.0,449500
2019-02-01,1403.421142578125,1426.0,1439.0,1386.0,1439.0,320400
2019-02-04,1435.8985595703125,1459.0,1460.0,1423.0,1423.0,305800
2019-02-05,1418.18359375,1441.0,1470.0,1428.0,1460.0,195900
2019-02-06,1425.07275390625,1448.0,1455.0,1429.0,1440.0,172900
2019-02-07,1382.753662109375,1405.0,1441.0,1382.0,1429.0,300500
2019-02-08,1341.4185791015625,1363.0,1393.0,1345.0,1360.0,326900
2019-02-12,1260.7169189453125,1281.0,1350.0,1229.0,1350.0,710500
2019-02-13,1310.909423828125,1332.0,1352.0,1283.0,1299.0,363600
2019-02-14,1287.2894287109375,1308.0,1349.0,1298.0,1340.0,287100
2019-02-15,1267.606201171875,1288.0,1310.0,1275.0,1275.0,217600
2019-02-18,1261.701171875,1282.0,1302.0,1276.0,1291.0,178900
2019-02-19,1283.352783203125,1304.0,1320.0,1278.0,1286.0,221200
2019-02-20,1269.574462890625,1290.0,1308.0,1282.0,1304.0,165900
2019-02-21,1251.859619140625,1272.0,1293.0,1252.0,1288.0,277400
2019-02-22,1224.3028564453125,1244.0,1280.0,1241.0,1270.0,237500
2019-02-25,1250.8753662109375,1271.0,1291.0,1250.0,1250.0,169900
2019-02-26,1274.495361328125,1295.0,1340.0,1262.0,1290.0,602400
2019-02-27,1326.6561279296875,1348.0,1364.0,1312.0,1330.0,460300
2019-02-28,1292.2103271484375,1313.0,1344.0,1310.0,1337.0,264100
2019-03-01,1285.3211669921875,1306.0,1334.0,1294.0,1313.0,188000
2019-03-04,1313.8619384765625,1335.0,1351.0,1311.0,1311.0,183800
2019-03-05,1308.941162109375,1330.0,1353.0,1314.0,1338.0,179400
2019-03-06,1293.1944580078125,1314.0,1337.0,1310.0,1330.0,119200
2019-03-07,1273.5111083984375,1294.0,1316.0,1287.0,1298.0,153600
2019-03-08,1216.429443359375,1236.0,1279.0,1233.0,1264.0,226900
2019-03-11,1224.3028564453125,1244.0,1253.0,1218.0,1250.0,97300
2019-03-12,1243.9862060546875,1264.0,1289.0,1254.0,1254.0,93800
2019-03-13,1252.8436279296875,1273.0,1274.0,1241.0,1254.0,94700
2019-03-14,1219.3819580078125,1239.0,1273.0,1233.0,1267.0,115500
2019-03-15,1233.1602783203125,1253.0,1265.0,1236.0,1236.0,172900
2019-03-18,1303.0361328125,1324.0,1327.0,1271.0,1281.0,181500
2019-03-19,1300.0836181640625,1321.0,1337.0,1289.0,1337.0,138800
2019-03-20,1301.0677490234375,1322.0,1336.0,1313.0,1318.0,96600
2019-03-22,1330.5927734375,1352.0,1374.0,1321.0,1330.0,292900
2019-03-25,1293.1944580078125,1314.0,1324.0,1293.0,1300.0,150500
2019-03-26,1311.8936767578125,1333.0,1342.0,1321.0,1325.0,107200
2019-03-27,1341.4185791015625,1363.0,1381.0,1335.0,1335.0,213300
2019-03-28,1353.2286376953125,1375.0,1388.0,1344.0,1360.0,206800
2019-03-29,1368.9752197265625,1391.0,1405.0,1362.0,1398.0,294800
2019-04-01,1369.95947265625,1392.0,1436.0,1388.0,1408.0,473700
2019-04-02,1367.9910888671875,1390.0,1409.0,1388.0,1395.0,198400
2019-04-03,1341.4185791015625,1363.0,1393.0,1355.0,1366.0,118500
2019-04-04,1323.70361328125,1345.0,1393.0,1342.0,1370.0,113400
2019-04-05,1329.608642578125,1351.0,1352.0,1318.0,1329.0,163900
2019-04-08,1323.70361328125,1345.0,1380.0,1341.0,1380.0,85600
2019-04-09,1322.719482421875,1344.0,1373.0,1332.0,1360.0,80600
2019-04-10,1306.9727783203125,1328.0,1350.0,1320.0,1321.0,81200
2019-04-11,1313.8619384765625,1335.0,1345.0,1320.0,1329.0,73700
2019-04-12,1274.495361328125,1295.0,1331.0,1292.0,1324.0,171700
2019-04-15,1301.0677490234375,1322.0,1324.0,1293.0,1293.0,101800
2019-04-16,1321.7353515625,1343.0,1351.0,1325.0,1325.0,131300
2019-04-17,1342.40283203125,1364.0,1368.0,1341.0,1355.0,152400
2019-04-18,1308.941162109375,1330.0,1375.0,1324.0,1360.0,134900
2019-04-19,1317.798583984375,1339.0,1370.0,1336.0,1338.0,91100
2019-04-22,1303.0361328125,1324.0,1346.0,1317.0,1331.0,82400
2019-04-23,1294.1785888671875,1315.0,1341.0,1305.0,1341.0,88400
2019-04-24,1288.273681640625,1309.0,1344.0,1306.0,1315.0,156900
2019-04-25,1402.4368896484375,1425.0,1475.0,1393.0,1429.0,1355000
2019-04-26,1439.835205078125,1463.0,1467.0,1430.0,1431.0,600800
2019-05-07,1453.613525390625,1477.0,1498.0,1471.0,1485.0,364900
2019-05-08,1467.391845703125,1491.0,1496.0,1431.0,1454.0,308800
2019-05-09,1459.5185546875,1483.0,1515.0,1471.0,1499.0,296800
2019-05-10,1484.1226806640625,1508.0,1530.0,1484.0,1499.0,394000
2019-05-13,1483.1385498046875,1507.0,1527.0,1484.0,1512.0,267900
2019-05-14,1492.980224609375,1517.0,1534.0,1453.0,1467.0,398200
2019-05-15,1577.6185302734375,1603.0,1648.0,1528.0,1540.0,1071100
2019-05-16,1569.7451171875,1595.0,1606.0,1560.0,1591.0,294200
2019-05-17,1620.921875,1647.0,1648.0,1601.0,1616.0,462400
2019-05-20,1652.4150390625,1679.0,1693.0,1637.0,1648.0,601400
2019-05-21,1665.2093505859375,1692.0,1693.0,1641.0,1667.0,391700
2019-05-22,1665.2093505859375,1692.0,1709.0,1675.0,1697.0,434700
2019-05-23,1639.620849609375,1666.0,1698.0,1651.0,1689.0,265100
2019-05-24,1692.7659912109375,1720.0,1720.0,1616.0,1639.0,486300
2019-05-27,1766.5784912109375,1795.0,1833.0,1750.0,1750.0,1102900
2019-05-28,1781.3409423828125,1810.0,1820.0,1776.0,1793.0,470500
2019-05-29,1804.9608154296875,1834.0,1856.0,1786.0,1800.0,576500
2019-05-30,1807.9134521484373,1837.0,1840.0,1786.0,1820.0,497200
2019-05-31,1781.3409423828125,1810.0,1822.0,1764.0,1822.0,516400
2019-06-03,1747.8792724609375,1776.0,1860.0,1770.0,1810.0,663900
2019-06-04,1776.4200439453125,1805.0,1810.0,1757.0,1800.0,287500
2019-06-05,1779.3726806640625,1808.0,1832.0,1791.0,1820.0,250200
2019-06-06,1826.612548828125,1856.0,1908.0,1809.0,1815.0,668500
2019-06-07,1829.565185546875,1859.0,1885.0,1831.0,1865.0,298400
2019-06-10,1843.343505859375,1873.0,1908.0,1869.0,1885.0,391700
2019-06-11,1881.7259521484373,1912.0,1918.0,1878.0,1891.0,324800
2019-06-12,1892.5517578125,1923.0,1966.0,1908.0,1915.0,604800
2019-06-13,1901.4093017578125,1932.0,1935.0,1880.0,1908.0,325000
2019-06-14,1933.88671875,1965.0,1965.0,1924.0,1936.0,252700
2019-06-17,1958.490966796875,1990.0,1993.0,1950.0,1965.0,354300
2019-06-18,1931.91845703125,1963.0,2005.0,1940.0,2000.0,592400
2019-06-19,1954.55419921875,1986.0,2013.0,1968.0,1992.0,367400
2019-06-20,1990.9683837890625,2023.0,2033.0,1985.0,1999.0,447400
2019-06-21,2015.572509765625,2048.0,2080.0,2040.0,2050.0,480200
2019-06-24,1938.8076171875,1970.0,2048.0,1913.0,2048.0,694800
2019-06-25,1938.8076171875,1970.0,2028.0,1923.0,1932.0,423500
2019-06-26,1909.282470703125,1940.0,1954.0,1901.0,1945.0,258200
2019-06-27,1905.3458251953125,1936.0,1941.0,1915.0,1932.0,246700
2019-06-28,1953.570068359375,1985.0,2007.0,1939.0,1940.0,317500
2019-07-01,2025.4141845703125,2058.0,2080.0,2015.0,2030.0,426700
2019-07-02,2053.955078125,2087.0,2109.0,2034.0,2049.0,457700
2019-07-03,2021.4775390625,2054.0,2124.0,2039.0,2118.0,293200
2019-07-04,2021.4775390625,2054.0,2073.0,2017.0,2070.0,265700
2019-07-05,2012.6201171875,2045.0,2074.0,2015.0,2070.0,239000
2019-07-08,1993.9207763671875,2026.0,2095.0,2017.0,2021.0,221900
2019-07-09,1926.013427734375,1957.0,2018.0,1943.0,2010.0,411800
2019-07-10,1943.728271484375,1975.0,1985.0,1913.0,1949.0,261900
2019-07-11,1946.6807861328125,1978.0,2049.0,1969.0,1980.0,342000
2019-07-12,1829.565185546875,1859.0,1998.0,1855.0,1975.0,555300
2019-07-16,1828.580810546875,1858.0,1888.0,1810.0,1823.0,397800
2019-07-17,1776.4200439453125,1805.0,1851.0,1793.0,1846.0,400900
2019-07-18,1734.1009521484375,1762.0,1794.0,1752.0,1790.0,334600
2019-07-19,1758.7052001953125,1787.0,1812.0,1767.0,1777.0,241400
2019-07-22,1728.196044921875,1756.0,1815.0,1742.0,1811.0,278700
2019-07-23,1728.196044921875,1756.0,1781.0,1753.0,1770.0,149000
2019-07-24,1737.0533447265625,1765.0,1777.0,1730.0,1760.0,213300
2019-07-25,1788.2301025390625,1817.0,1843.0,1777.0,1786.0,381300
2019-07-26,1794.135009765625,1823.0,1836.0,1803.0,1825.0,222200
2019-07-29,1809.8818359375,1839.0,1845.0,1797.0,1809.0,250000
2019-07-30,1794.135009765625,1823.0,1842.0,1810.0,1839.0,211900
2019-07-31,1790.198486328125,1819.0,1825.0,1792.0,1811.0,177500
2019-08-01,1822.6759033203125,1852.0,1853.0,1800.0,1815.0,241900
2019-08-02,1830.54931640625,1860.0,1870.0,1802.0,1818.0,462400
2019-08-05,1598.285888671875,1624.0,1821.0,1545.0,1820.0,1408900
2019-08-06,1569.7451171875,1595.0,1595.0,1520.0,1527.0,534400
2019-08-07,1541.204345703125,1566.0,1585.0,1523.0,1565.0,498100
2019-08-08,1555.9669189453125,1581.0,1607.0,1553.0,1575.0,259600
2019-08-09,1535.2994384765625,1560.0,1596.0,1554.0,1583.0,232700
2019-08-13,1518.568603515625,1543.0,1559.0,1522.0,1527.0,182200
2019-08-14,1549.0777587890625,1574.0,1575.0,1548.0,1566.0,165300
2019-08-15,1490.0277099609375,1514.0,1541.0,1505.0,1519.0,316200
2019-08-16,1504.790283203125,1529.0,1558.0,1501.0,1504.0,182100
2019-08-19,1531.3626708984375,1556.0,1559.0,1525.0,1541.0,152200
2019-08-20,1541.204345703125,1566.0,1574.0,1534.0,1554.0,123200
2019-08-21,1576.6343994140625,1602.0,1608.0,1547.0,1560.0,256200
2019-08-22,1567.7767333984375,1593.0,1626.0,1586.0,1623.0,244500
2019-08-23,1555.9669189453125,1581.0,1605.0,1569.0,1585.0,149300
2019-08-26,1507.74267578125,1532.0,1548.0,1514.0,1525.0,138200
2019-08-27,1526.44189453125,1551.0,1567.0,1533.0,1533.0,126400
2019-08-28,1521.5211181640625,1546.0,1585.0,1535.0,1585.0,143500
2019-08-29,1468.3760986328125,1492.0,1542.0,1463.0,1521.0,293300
2019-08-30,1514.6319580078125,1539.0,1546.0,1498.0,1500.0,148000
2019-09-02,1498.88525390625,1523.0,1549.0,1512.0,1549.0,81600
2019-09-03,1511.679443359375,1536.0,1545.0,1506.0,1506.0,112000
2019-09-04,1491.011962890625,1515.0,1559.0,1493.0,1559.0,204000
2019-09-05,1503.8060302734375,1528.0,1548.0,1520.0,1522.0,185200
2019-09-06,1495.9327392578125,1520.0,1554.0,1517.0,1554.0,119700
2019-09-09,1533.3310546875,1558.0,1558.0,1518.0,1520.0,164200
2019-09-10,1513.647705078125,1538.0,1569.0,1532.0,1569.0,246000
2019-09-11,1495.9327392578125,1520.0,1527.0,1495.0,1527.0,329000
2019-09-12,1497.9010009765625,1522.0,1553.0,1517.0,1517.0,248600
2019-09-13,1375.864501953125,1398.0,1531.0,1391.0,1525.0,820400
2019-09-17,1372.9119873046875,1395.0,1422.0,1377.0,1407.0,354500
2019-09-18,1370.943603515625,1393.0,1403.0,1374.0,1392.0,247500
2019-09-19,1421.1361083984375,1444.0,1471.0,1405.0,1406.0,466800
2019-09-20,1446.724365234375,1470.0,1481.0,1428.0,1470.0,254100
2019-09-24,1426.0567626953125,1449.0,1508.0,1441.0,1471.0,347700
2019-09-25,1411.29443359375,1434.0,1468.0,1404.0,1440.0,297200
2019-09-26,1421.1361083984375,1444.0,1466.0,1439.0,1463.0,219100
2019-09-27,1440.427490234375,1456.0,1461.0,1418.0,1446.0,166200
2019-09-30,1423.609375,1439.0,1460.0,1414.0,1438.0,187600
2019-10-01,1438.4488525390625,1454.0,1466.0,1421.0,1440.0,145200
2019-10-02,1445.3740234375,1461.0,1464.0,1440.0,1440.0,122700
2019-10-03,1421.630615234375,1437.0,1438.0,1408.0,1421.0,186800
2019-10-04,1469.1173095703125,1485.0,1489.0,1440.0,1459.0,228100
2019-10-07,1473.0745849609375,1489.0,1505.0,1468.0,1505.0,164900
2019-10-08,1494.8392333984375,1511.0,1524.0,1485.0,1501.0,213500
2019-10-09,1497.80712890625,1514.0,1519.0,1483.0,1493.0,154600
2019-10-10,1443.3955078125,1459.0,1527.0,1454.0,1516.0,195000
2019-10-11,1444.384765625,1460.0,1482.0,1453.0,1459.0,164800
2019-10-15,1464.1708984375,1480.0,1500.0,1470.0,1488.0,106600
2019-10-16,1452.2991943359375,1468.0,1498.0,1463.0,1498.0,168000
2019-10-17,1464.1708984375,1480.0,1497.0,1465.0,1472.0,112500
2019-10-18,1476.04248046875,1492.0,1534.0,1483.0,1500.0,302900
2019-10-21,1487.9140625,1504.0,1530.0,1489.0,1505.0,164400
2019-10-23,1471.095947265625,1487.0,1535.0,1455.0,1520.0,286700
2019-10-24,1550.240234375,1567.0,1619.0,1503.0,1557.0,1494500
2019-10-25,1623.4488525390625,1641.0,1643.0,1540.0,1593.0,933400
2019-10-28,1608.6092529296875,1626.0,1663.0,1584.0,1660.0,776500
2019-10-29,1561.12255859375,1578.0,1646.0,1570.0,1630.0,523900
2019-10-30,1600.69482421875,1618.0,1618.0,1573.0,1573.0,354900
2019-10-31,1617.5130615234375,1635.0,1687.0,1633.0,1674.0,759400
2019-11-01,1660.0531005859375,1678.0,1684.0,1635.0,1635.0,505300
2019-11-05,1639.2777099609375,1657.0,1701.0,1657.0,1698.0,438300
2019-11-06,1541.3365478515625,1558.0,1630.0,1556.0,1630.0,547200
2019-11-07,1490.8819580078125,1507.0,1587.0,1495.0,1558.0,789500
2019-11-08,1435.48095703125,1451.0,1522.0,1432.0,1520.0,659400
2019-11-11,1483.9569091796875,1500.0,1508.0,1451.0,1451.0,452600
2019-11-12,1518.58251953125,1535.0,1545.0,1491.0,1500.0,347900
2019-11-13,1475.05322265625,1491.0,1494.0,1340.0,1347.0,1856000
2019-11-14,1414.70556640625,1430.0,1472.0,1390.0,1467.0,760800
2019-11-15,1439.4381103515625,1455.0,1461.0,1408.0,1420.0,317400
2019-11-18,1403.8232421875,1419.0,1471.0,1408.0,1460.0,346300
2019-11-19,1384.0372314453125,1399.0,1430.0,1393.0,1415.0,299800
2019-11-20,1333.5826416015625,1348.0,1404.0,1340.0,1397.0,396900
2019-11-21,1322.7003173828125,1337.0,1338.0,1287.0,1325.0,505400
2019-11-22,1310.82861328125,1325.0,1343.0,1321.0,1335.0,311100
2019-11-25,1336.550537109375,1351.0,1375.0,1339.0,1340.0,382200
2019-11-26,1369.197509765625,1384.0,1404.0,1370.0,1383.0,900800
2019-11-27,1538.36865234375,1555.0,1585.0,1450.0,1450.0,1745700
2019-11-28,1572.994384765625,1590.0,1613.0,1532.0,1581.0,993800
2019-11-29,1595.748291015625,1613.0,1637.0,1534.0,1579.0,606200
2019-12-02,1610.587890625,1628.0,1635.0,1604.0,1620.0,405400
2019-12-03,1583.876708984375,1601.0,1664.0,1601.0,1605.0,599400
2019-12-04,1572.994384765625,1590.0,1610.0,1572.0,1589.0,250800
2019-12-05,1545.2938232421875,1562.0,1630.0,1561.0,1600.0,256900
2019-12-06,1563.101318359375,1580.0,1582.0,1510.0,1550.0,300600
2019-12-09,1540.34716796875,1557.0,1604.0,1550.0,1598.0,207700
2019-12-10,1565.0799560546875,1582.0,1593.0,1543.0,1543.0,217800
2019-12-11,1528.4755859375,1545.0,1579.0,1539.0,1569.0,242100
2019-12-12,1489.8927001953125,1506.0,1557.0,1499.0,1545.0,238200
2019-12-13,1455.26708984375,1471.0,1520.0,1471.0,1515.0,272500
2019-12-16,1441.416748046875,1457.0,1490.0,1454.0,1471.0,171900
2019-12-17,1479.9996337890625,1496.0,1497.0,1458.0,1464.0,162700
2019-12-18,1461.202880859375,1477.0,1522.0,1466.0,1511.0,227000
2019-12-19,1493.8499755859375,1510.0,1520.0,1476.0,1483.0,198100
2019-12-20,1496.81787109375,1513.0,1525.0,1497.0,1505.0,141600
2019-12-23,1458.2349853515625,1474.0,1515.0,1465.0,1513.0,212600
2019-12-24,1493.8499755859375,1510.0,1519.0,1451.0,1461.0,151500
2019-12-25,1481.978271484375,1498.0,1510.0,1487.0,1510.0,110100
2019-12-26,1538.36865234375,1555.0,1580.0,1523.0,1524.0,434600
2019-12-27,1561.12255859375,1578.0,1602.0,1554.0,1570.0,364200
2019-12-30,1547.2723388671875,1564.0,1599.0,1541.0,1599.0,226700
2020-01-06,1551.2296142578125,1568.0,1607.0,1534.0,1540.0,499800
2020-01-07,1607.6199951171875,1625.0,1628.0,1586.0,1587.0,440500
2020-01-08,1568.0477294921875,1585.0,1625.0,1546.0,1618.0,354000
2020-01-09,1625.427490234375,1643.0,1693.0,1625.0,1630.0,684900
2020-01-10,1662.03173828125,1680.0,1689.0,1631.0,1643.0,383600
2020-01-14,1661.0423583984375,1679.0,1696.0,1651.0,1690.0,291500
2020-01-15,1705.5611572265625,1724.0,1737.0,1680.0,1688.0,592000
2020-01-16,1689.732177734375,1708.0,1742.0,1701.0,1740.0,238800
2020-01-17,1639.2777099609375,1657.0,1720.0,1653.0,1720.0,263600
2020-01-20,1624.438232421875,1642.0,1654.0,1603.0,1634.0,251700
2020-01-21,1620.4808349609375,1638.0,1658.0,1631.0,1645.0,166100
2020-01-22,1630.3739013671875,1648.0,1681.0,1642.0,1642.0,231000
2020-01-23,1598.7161865234375,1616.0,1643.0,1612.0,1638.0,142500
2020-01-24,1635.320556640625,1653.0,1675.0,1623.0,1639.0,263400
2020-01-27,1599.70556640625,1617.0,1628.0,1576.0,1599.0,225300
2020-01-28,1587.8338623046875,1605.0,1616.0,1572.0,1588.0,201600
2020-01-29,1572.994384765625,1590.0,1629.0,1588.0,1613.0,199700
2020-01-30,1492.8607177734375,1509.0,1596.0,1490.0,1579.0,444900
2020-01-31,1501.7642822265625,1518.0,1554.0,1509.0,1530.0,209000
2020-02-03,1485.935546875,1502.0,1504.0,1455.0,1461.0,240100
2020-02-04,1407.7803955078125,1423.0,1456.0,1406.0,1435.0,469000
2020-02-05,1504.7322998046875,1521.0,1537.0,1452.0,1461.0,461000
2020-02-06,1488.9034423828125,1505.0,1548.0,1497.0,1531.0,204000
2020-02-07,1508.689453125,1525.0,1531.0,1509.0,1519.0,143800
2020-02-10,1456.25634765625,1472.0,1512.0,1466.0,1493.0,190500
2020-02-12,1465.16015625,1481.0,1496.0,1466.0,1496.0,106200
2020-02-13,1450.320556640625,1466.0,1490.0,1460.0,1488.0,103400
2020-02-14,1406.7911376953125,1422.0,1464.0,1416.0,1450.0,205300
2020-02-17,1369.197509765625,1384.0,1395.0,1360.0,1395.0,294500
2020-02-18,1298.9569091796875,1313.0,1363.0,1306.0,1359.0,285300
2020-02-19,1319.7322998046875,1334.0,1348.0,1310.0,1335.0,218400
2020-02-20,1334.5718994140625,1349.0,1389.0,1349.0,1356.0,264400
2020-02-21,1331.6038818359375,1346.0,1358.0,1327.0,1331.0,221400
2020-02-25,1270.26708984375,1284.0,1303.0,1252.0,1256.0,238200
2020-02-26,1236.6307373046875,1250.0,1288.0,1241.0,1276.0,205500
2020-02-27,1170.3472900390625,1183.0,1256.0,1175.0,1249.0,375400
2020-02-28,1108.0211181640625,1120.0,1155.0,1104.0,1113.0,398900
2020-03-02,1129.785888671875,1142.0,1175.0,1083.0,1094.0,498600
2020-03-03,1080.320556640625,1092.0,1188.0,1082.0,1188.0,367200
2020-03-04,1091.202880859375,1103.0,1126.0,1078.0,1080.0,213000
2020-03-05,1066.4703369140625,1078.0,1128.0,1071.0,1110.0,319300
2020-03-06,1025.908935546875,1037.0,1057.0,1020.0,1048.0,305800
2020-03-09,919.06396484375,929.0,993.0,924.0,977.0,355700
2020-03-10,938.8500366210938,949.0,959.0,858.0,884.0,444300
2020-03-11,890.3741455078125,900.0,997.0,898.0,964.0,363400
2020-03-12,850.8019409179688,860.0,915.0,850.0,867.0,418500
2020-03-13,766.7110595703125,775.0,799.0,730.0,770.0,459700
2020-03-16,787.4864501953125,796.0,855.0,785.0,785.0,459500
2020-03-17,836.9517211914062,846.0,857.0,766.0,781.0,525700
2020-03-18,876.52392578125,886.0,935.0,862.0,862.0,443300
2020-03-19,864.6522216796875,874.0,930.0,846.0,930.0,292400
2020-03-23,880.4810791015625,890.0,902.0,827.0,854.0,355800
2020-03-24,950.7217407226562,961.0,998.0,910.0,930.0,282500
2020-03-25,1033.8233642578125,1045.0,1052.0,995.0,1036.0,400600
2020-03-26,973.4757080078124,984.0,1020.0,972.0,1019.0,269200
2020-03-27,983.3687744140624,994.0,1037.0,971.0,1037.0,218800
2020-03-30,990.2938842773438,1001.0,1009.0,954.0,964.0,191300
2020-03-31,1012.05859375,1023.0,1035.0,993.0,1002.0,206000
2020-04-01,963.5827026367188,974.0,1035.0,960.0,1011.0,164300
2020-04-02,967.5399169921876,978.0,1001.0,953.0,983.0,147400
2020-04-03,956.6575927734376,967.0,1004.0,957.0,972.0,170400
2020-04-06,1005.1334228515624,1016.0,1017.0,941.0,952.0,114600
2020-04-07,1047.673583984375,1059.0,1100.0,1031.0,1046.0,273200
2020-04-08,1060.5345458984375,1072.0,1081.0,1030.0,1066.0,122100
2020-04-09,1112.9677734375,1125.0,1129.0,1091.0,1099.0,202600
2020-04-10,1092.1922607421875,1104.0,1130.0,1072.0,1126.0,87200
2020-04-13,1102.0853271484375,1114.0,1114.0,1079.0,1095.0,86500
2020-04-14,1132.753662109375,1145.0,1148.0,1108.0,1117.0,93000
2020-04-15,1088.235107421875,1100.0,1166.0,1081.0,1150.0,203800
2020-04-16,1088.235107421875,1100.0,1111.0,1076.0,1084.0,92000
2020-04-17,1061.5238037109375,1073.0,1125.0,1071.0,1120.0,93500
2020-04-20,1069.438232421875,1081.0,1095.0,1035.0,1043.0,105400
2020-04-21,1029.8660888671875,1041.0,1080.0,1020.0,1080.0,106900
2020-04-22,1011.0693359375,1022.0,1045.0,995.0,1035.0,100000
2020-04-23,1005.1334228515624,1016.0,1050.0,1012.0,1038.0,120100
2020-04-24,1010.0799560546876,1021.0,1023.0,1002.0,1014.0,137800
2020-04-27,1012.05859375,1023.0,1051.0,1019.0,1051.0,78300
2020-04-28,1041.7376708984375,1053.0,1053.0,1013.0,1014.0,119700
2020-04-30,1083.28857421875,1095.0,1104.0,1073.0,1088.0,138300
2020-05-01,1033.8233642578125,1045.0,1084.0,1028.0,1084.0,93300
2020-05-07,1074.3848876953125,1086.0,1095.0,1050.0,1050.0,109900
2020-05-08,1104.06396484375,1116.0,1124.0,1083.0,1124.0,122500
2020-05-11,1286.095947265625,1300.0,1344.0,1260.0,1289.0,471500
2020-05-12,1285.106689453125,1299.0,1342.0,1280.0,1310.0,210200
2020-05-13,1244.545166015625,1258.0,1288.0,1243.0,1288.0,129400
2020-05-14,1190.1334228515625,1203.0,1246.0,1200.0,1246.0,127500
2020-05-15,1211.8980712890625,1225.0,1259.0,1219.0,1220.0,203300
2020-05-18,1234.6522216796875,1248.0,1249.0,1212.0,1225.0,157700
2020-05-19,1234.6522216796875,1248.0,1280.0,1234.0,1267.0,164000
2020-05-20,1340.5076904296875,1355.0,1366.0,1251.0,1260.0,509500
2020-05-21,1327.646728515625,1342.0,1383.0,1320.0,1380.0,252700
2020-05-22,1299.9461669921875,1314.0,1340.0,1297.0,1334.0,183700
2020-05-25,1309.8392333984375,1324.0,1337.0,1312.0,1330.0,147200
2020-05-26,1325.668212890625,1340.0,1354.0,1313.0,1354.0,172900
2020-05-27,1276.2030029296875,1290.0,1323.0,1267.0,1312.0,283200
2020-05-28,1269.27783203125,1283.0,1286.0,1259.0,1285.0,227000
2020-05-29,1302.9141845703125,1317.0,1335.0,1276.0,1276.0,225100
2020-06-01,1306.871337890625,1321.0,1332.0,1299.0,1319.0,133900
2020-06-02,1334.5718994140625,1349.0,1349.0,1298.0,1320.0,192800
2020-06-03,1325.668212890625,1340.0,1355.0,1314.0,1354.0,186300
2020-06-04,1331.6038818359375,1346.0,1353.0,1318.0,1352.0,195600
2020-06-05,1304.892822265625,1319.0,1348.0,1295.0,1334.0,173300
2020-06-08,1409.759033203125,1425.0,1440.0,1347.0,1367.0,573300
2020-06-09,1379.090576171875,1394.0,1441.0,1371.0,1441.0,313500
2020-06-10,1390.9622802734375,1406.0,1425.0,1357.0,1371.0,263300
2020-06-11,1375.1334228515625,1390.0,1438.0,1381.0,1410.0,291200
2020-06-12,1327.646728515625,1342.0,1351.0,1278.0,1300.0,316100
2020-06-15,1251.47021484375,1265.0,1340.0,1257.0,1340.0,250700
2020-06-16,1324.678955078125,1339.0,1357.0,1310.0,1310.0,173700
2020-06-17,1344.4649658203125,1359.0,1361.0,1322.0,1348.0,158900
2020-06-18,1344.4649658203125,1359.0,1359.0,1324.0,1359.0,82700
2020-06-19,1353.3687744140625,1368.0,1378.0,1326.0,1351.0,157200
2020-06-22,1353.3687744140625,1368.0,1382.0,1334.0,1350.0,152100
2020-06-23,1401.8446044921875,1417.0,1492.0,1384.0,1449.0,590400
2020-06-24,1384.0372314453125,1399.0,1434.0,1383.0,1413.0,201700
2020-06-25,1347.432861328125,1362.0,1390.0,1360.0,1369.0,153500
2020-06-26,1326.657470703125,1341.0,1386.0,1321.0,1381.0,161200
2020-06-29,1248.50244140625,1262.0,1311.0,1258.0,1303.0,198600
2020-06-30,1269.27783203125,1283.0,1296.0,1243.0,1275.0,161400
2020-07-01,1238.609375,1252.0,1309.0,1248.0,1270.0,98500
2020-07-02,1202.0050048828125,1215.0,1260.0,1206.0,1250.0,134100
2020-07-03,1237.6199951171875,1251.0,1255.0,1205.0,1215.0,101200
2020-07-06,1262.3526611328125,1276.0,1288.0,1247.0,1254.0,74100
2020-07-07,1267.2991943359375,1281.0,1281.0,1240.0,1260.0,84700
2020-07-08,1239.5986328125,1253.0,1283.0,1251.0,1262.0,51400
2020-07-09,1217.833984375,1231.0,1266.0,1229.0,1260.0,85300
2020-07-10,1178.26171875,1191.0,1231.0,1191.0,1231.0,93000
2020-07-13,1205.9622802734375,1219.0,1224.0,1183.0,1206.0,93600
2020-07-14,1183.2083740234375,1196.0,1214.0,1182.0,1212.0,106400
2020-07-15,1204.9730224609375,1218.0,1222.0,1203.0,1206.0,64200
2020-07-16,1200.0264892578125,1213.0,1235.0,1195.0,1218.0,114200
2020-07-17,1170.3472900390625,1183.0,1222.0,1166.0,1205.0,100500
2020-07-20,1192.1119384765625,1205.0,1210.0,1173.0,1193.0,80500
2020-07-21,1219.8125,1233.0,1237.0,1200.0,1210.0,103400
2020-07-22,1197.05859375,1210.0,1212.0,1187.0,1211.0,78400
2020-07-27,1168.3687744140625,1181.0,1188.0,1154.0,1188.0,87100
2020-07-28,1141.657470703125,1154.0,1190.0,1149.0,1171.0,126800
2020-07-29,1107.0318603515625,1119.0,1159.0,1111.0,1148.0,91800
2020-07-30,1099.117431640625,1111.0,1131.0,1094.0,1121.0,139300
2020-07-31,1060.5345458984375,1072.0,1110.0,1068.0,1103.0,94200
2020-08-03,1102.0853271484375,1114.0,1119.0,1090.0,1102.0,84800
2020-08-04,1120.882080078125,1133.0,1140.0,1114.0,1119.0,68600
2020-08-05,1119.892822265625,1132.0,1133.0,1098.0,1128.0,67100
2020-08-06,1109.010498046875,1121.0,1132.0,1107.0,1132.0,81600
2020-08-07,1102.0853271484375,1114.0,1123.0,1083.0,1112.0,116800
2020-08-11,1126.8179931640625,1139.0,1140.0,1105.0,1106.0,97300
2020-08-12,1154.5185546875,1167.0,1177.0,1142.0,1169.0,243500
2020-08-13,1078.342041015625,1090.0,1111.0,1064.0,1111.0,405300
2020-08-14,1094.1708984375,1106.0,1137.0,1087.0,1094.0,264700
2020-08-17,1067.459716796875,1079.0,1098.0,1051.0,1081.0,194900
2020-08-18,1107.0318603515625,1119.0,1124.0,1084.0,1088.0,174900
2020-08-19,1124.83935546875,1137.0,1149.0,1112.0,1112.0,115900
2020-08-20,1111.978271484375,1124.0,1137.0,1112.0,1130.0,88900
2020-08-21,1135.7216796875,1148.0,1164.0,1125.0,1125.0,128200
2020-08-24,1089.224365234375,1101.0,1133.0,1089.0,1133.0,198400
2020-08-25,1112.9677734375,1125.0,1135.0,1105.0,1115.0,172300
2020-08-26,1151.550537109375,1164.0,1165.0,1131.0,1137.0,121200
2020-08-27,1144.62548828125,1157.0,1191.0,1155.0,1183.0,129800
2020-08-28,1108.0211181640625,1120.0,1179.0,1112.0,1179.0,153100
2020-08-31,1148.5826416015625,1161.0,1175.0,1141.0,1141.0,112600
2020-09-01,1057.566650390625,1069.0,1138.0,1069.0,1128.0,437300
2020-09-02,1040.7484130859375,1052.0,1085.0,1033.0,1085.0,307200
2020-09-03,1041.7376708984375,1053.0,1054.0,1015.0,1040.0,252400
2020-09-04,1015.0264892578124,1026.0,1033.0,1002.0,1021.0,263300
2020-09-07,1012.05859375,1023.0,1042.0,1010.0,1021.0,158000
2020-09-08,1056.5772705078125,1068.0,1068.0,1038.0,1046.0,154000
2020-09-09,1043.7164306640625,1055.0,1070.0,1034.0,1045.0,108600
2020-09-10,1018.9837036132812,1030.0,1062.0,1027.0,1052.0,121400
2020-09-11,1040.7484130859375,1052.0,1056.0,1020.0,1030.0,114800
2020-09-14,1046.684326171875,1058.0,1062.0,1039.0,1060.0,64700
2020-09-15,1024.9195556640625,1036.0,1060.0,1027.0,1057.0,144000
2020-09-16,1053.6094970703125,1065.0,1065.0,1043.0,1047.0,130900
2020-09-17,1057.566650390625,1069.0,1069.0,1042.0,1054.0,114000
2020-09-18,1052.6199951171875,1064.0,1074.0,1052.0,1052.0,103200
2020-09-23,1049.6522216796875,1061.0,1071.0,1043.0,1060.0,139300
2020-09-24,1026.898193359375,1038.0,1063.0,1030.0,1063.0,115400
2020-09-25,1047.673583984375,1059.0,1062.0,1040.0,1041.0,114700
2020-09-28,1098.1280517578125,1110.0,1136.0,1083.0,1091.0,316100
2020-09-29,1124.960205078125,1132.0,1149.0,1112.0,1129.0,230400
2020-09-30,1122.97265625,1130.0,1182.0,1130.0,1156.0,331800
2020-10-02,1098.1280517578125,1105.0,1167.0,1096.0,1150.0,250800
2020-10-05,1136.8856201171875,1144.0,1153.0,1112.0,1124.0,134600
2020-10-06,1115.0223388671875,1122.0,1160.0,1113.0,1160.0,155900
2020-10-07,1093.1591796875,1100.0,1109.0,1091.0,1107.0,97100
2020-10-08,1109.0596923828125,1116.0,1123.0,1080.0,1095.0,163800
2020-10-09,1089.18408203125,1096.0,1108.0,1071.0,1108.0,169600
2020-10-12,1103.0970458984375,1110.0,1117.0,1095.0,1101.0,78100
2020-10-13,1089.18408203125,1096.0,1105.0,1087.0,1101.0,73500
2020-10-14,1088.1903076171875,1095.0,1100.0,1083.0,1100.0,100700
2020-10-15,1046.4515380859375,1053.0,1085.0,1047.0,1085.0,163500
2020-10-16,1017.6318359375,1024.0,1043.0,1014.0,1042.0,155600
2020-10-19,1044.4638671875,1051.0,1053.0,1018.0,1020.0,103300
2020-10-20,1057.383056640625,1064.0,1087.0,1048.0,1055.0,102500
2020-10-21,1081.23388671875,1088.0,1113.0,1064.0,1070.0,246900
2020-10-22,1031.5447998046875,1038.0,1089.0,1030.0,1089.0,172300
2020-10-23,1042.476318359375,1049.0,1051.0,1023.0,1039.0,110500
2020-10-26,1027.5697021484375,1034.0,1067.0,1032.0,1067.0,81800
2020-10-27,1032.53857421875,1039.0,1039.0,1003.0,1019.0,86900
2020-10-28,1030.551025390625,1037.0,1037.0,1012.0,1020.0,108400
2020-10-29,1026.5758056640625,1033.0,1038.0,1010.0,1011.0,86600
2020-10-30,977.880615234375,984.0,1035.0,979.0,1030.0,234300
2020-11-02,983.84326171875,990.0,997.0,972.0,987.0,176900
2020-11-04,1010.6753540039062,1017.0,1019.0,996.0,1012.0,94800
2020-11-05,1027.5697021484375,1034.0,1038.0,1010.0,1026.0,104300
2020-11-06,1029.5572509765625,1036.0,1040.0,1021.0,1035.0,67900
2020-11-09,1035.5198974609375,1042.0,1042.0,1019.0,1035.0,175000
2020-11-10,1032.53857421875,1039.0,1060.0,1027.0,1050.0,128000
2020-11-11,1028.5634765625,1035.0,1039.0,1024.0,1031.0,90000
2020-11-12,1034.526123046875,1041.0,1050.0,1030.0,1036.0,88300
2020-11-13,1009.6815795898438,1016.0,1032.0,980.0,1031.0,284200
2020-11-16,1008.6878051757812,1015.0,1026.0,977.0,980.0,336700
2020-11-17,1008.6878051757812,1015.0,1017.0,987.0,1010.0,241200
2020-11-18,954.0298461914062,960.0,1010.0,956.0,995.0,278500
2020-11-19,911.2972412109376,917.0,940.0,900.0,940.0,437400
2020-11-20,945.0858154296876,951.0,951.0,904.0,911.0,240000
2020-11-24,968.9365844726562,975.0,998.0,969.0,971.0,236800
2020-11-25,973.9054565429688,980.0,987.0,967.0,984.0,180300
2020-11-26,1019.619384765625,1026.0,1028.0,980.0,987.0,260800
2020-11-27,1070.30224609375,1077.0,1085.0,1020.0,1021.0,377000
2020-11-30,1032.53857421875,1039.0,1087.0,1032.0,1080.0,173300
2020-12-01,1026.5758056640625,1033.0,1058.0,1033.0,1037.0,140800
2020-12-02,1015.644287109375,1022.0,1038.0,1018.0,1034.0,120000
2020-12-03,1009.6815795898438,1016.0,1027.0,1004.0,1015.0,130500
2020-12-04,1015.644287109375,1022.0,1027.0,1004.0,1008.0,81000
2020-12-07,985.830810546875,992.0,1028.0,990.0,1022.0,85600
2020-12-08,978.8743896484376,985.0,1000.0,981.0,981.0,120600
2020-12-09,963.9676513671876,970.0,994.0,966.0,993.0,106800
2020-12-10,954.0298461914062,960.0,980.0,959.0,980.0,103500
2020-12-11,958.0049438476562,964.0,967.0,952.0,960.0,100800
2020-12-14,958.998779296875,965.0,979.0,965.0,979.0,66500
2020-12-15,952.0422973632812,958.0,970.0,954.0,965.0,80600
2020-12-16,941.1107177734376,947.0,960.0,947.0,960.0,86900
2020-12-17,930.1790771484376,936.0,953.0,930.0,952.0,92800
2020-12-18,964.96142578125,971.0,1001.0,967.0,982.0,306100
2020-12-21,950.0547485351562,956.0,980.0,956.0,980.0,103700
2020-12-22,931.1728515625,937.0,960.0,928.0,948.0,255900
2020-12-23,950.0547485351562,956.0,967.0,932.0,932.0,139400
2020-12-24,959.9925537109376,966.0,981.0,946.0,950.0,127600
2020-12-25,952.0422973632812,958.0,979.0,951.0,968.0,137000
2020-12-28,922.2288818359376,928.0,964.0,918.0,964.0,279900
2020-12-29,941.1107177734376,947.0,947.0,922.0,928.0,76800
2020-12-30,935.1480102539062,941.0,952.0,924.0,943.0,65200
2021-01-04,915.2723999023438,921.0,940.0,902.0,940.0,158100
2021-01-05,916.2661743164062,922.0,934.0,916.0,922.0,93100
2021-01-06,920.2412719726562,926.0,935.0,920.0,922.0,45500
2021-01-07,906.328369140625,912.0,928.0,906.0,923.0,107700
2021-01-08,935.1480102539062,941.0,941.0,910.0,911.0,84600
2021-01-12,937.1355590820312,943.0,949.0,932.0,940.0,92700
2021-01-13,949.0609130859376,955.0,955.0,927.0,940.0,127300
2021-01-14,955.0236206054688,961.0,980.0,950.0,956.0,132700
2021-01-15,933.1604614257812,939.0,956.0,929.0,956.0,116600
2021-01-18,939.1231079101562,945.0,947.0,922.0,927.0,57900
2021-01-19,950.0547485351562,956.0,959.0,943.0,957.0,51700
2021-01-20,973.9054565429688,980.0,985.0,951.0,965.0,132500
2021-01-21,1030.551025390625,1037.0,1039.0,998.0,999.0,249400
2021-01-22,991.7935180664062,998.0,1035.0,998.0,1035.0,172400
2021-01-25,1006.7002563476562,1013.0,1021.0,1000.0,1010.0,92600
2021-01-26,996.762451171875,1003.0,1019.0,997.0,1019.0,87200
2021-01-27,983.84326171875,990.0,1011.0,981.0,999.0,170400
2021-01-28,977.880615234375,984.0,984.0,956.0,961.0,160900
2021-01-29,927.19775390625,933.0,980.0,932.0,977.0,149700
2021-02-01,935.1480102539062,941.0,963.0,922.0,943.0,104600
2021-02-02,989.8059692382812,996.0,997.0,947.0,953.0,152000
2021-02-03,981.855712890625,988.0,1011.0,986.0,997.0,80500
2021-02-04,984.8370361328124,991.0,1001.0,979.0,990.0,98300
2021-02-05,993.7810668945312,1000.0,1003.0,987.0,987.0,68300
2021-02-08,1003.7188720703124,1010.0,1021.0,999.0,1011.0,95200
2021-02-09,1008.6878051757812,1015.0,1015.0,993.0,1009.0,59600
2021-02-10,1013.65673828125,1020.0,1031.0,1007.0,1012.0,94200
2021-02-12,1013.65673828125,1020.0,1030.0,1003.0,1027.0,143200
2021-02-15,976.8868408203124,983.0,1018.0,979.0,1004.0,226300
2021-02-16,1016.6380615234376,1023.0,1032.0,993.0,995.0,182700
2021-02-17,1011.6691284179688,1018.0,1034.0,1016.0,1023.0,105000
2021-02-18,992.7872924804688,999.0,1059.0,999.0,1032.0,154300
2021-02-19,982.8494873046876,989.0,1001.0,976.0,999.0,137000
2021-02-22,996.762451171875,1003.0,1021.0,991.0,991.0,65400
2021-02-24,983.84326171875,990.0,1016.0,985.0,997.0,176300
2021-02-25,957.0111694335938,963.0,1008.0,962.0,1001.0,155400
2021-02-26,928.1915283203124,934.0,955.0,934.0,950.0,178700
2021-03-01,957.0111694335938,963.0,966.0,930.0,940.0,125100
2021-03-02,934.1542358398438,940.0,967.0,937.0,955.0,129200
2021-03-03,934.1542358398438,940.0,953.0,937.0,940.0,99400
2021-03-04,944.092041015625,950.0,950.0,925.0,940.0,123800
2021-03-05,949.0609130859376,955.0,955.0,925.0,950.0,118000
2021-03-08,997.7562255859376,1004.0,1010.0,972.0,980.0,232200
2021-03-09,980.8619384765624,987.0,1015.0,979.0,983.0,117000
2021-03-10,951.0485229492188,957.0,996.0,955.0,987.0,113900
2021-03-11,963.9676513671876,970.0,974.0,950.0,967.0,90100
2021-03-12,970.9241333007812,977.0,988.0,972.0,976.0,68600
2021-03-15,1021.60693359375,1028.0,1029.0,984.0,996.0,179400
2021-03-16,1026.5758056640625,1033.0,1038.0,1010.0,1010.0,119600
2021-03-17,1038.501220703125,1045.0,1054.0,1023.0,1023.0,93500
2021-03-18,1035.5198974609375,1042.0,1052.0,1035.0,1045.0,126600
2021-03-19,1045.457763671875,1052.0,1052.0,1020.0,1030.0,138000
2021-03-22,1051.42041015625,1058.0,1073.0,1052.0,1055.0,109400
2021-03-23,1043.4700927734375,1050.0,1070.0,1050.0,1070.0,62500
2021-03-24,1016.6380615234376,1023.0,1051.0,1022.0,1036.0,160900
2021-03-25,1035.5198974609375,1042.0,1050.0,1024.0,1028.0,77300
2021-03-26,1043.4700927734375,1050.0,1074.0,1043.0,1050.0,150100
2021-03-29,1062.3519287109375,1069.0,1082.0,1050.0,1065.0,150300
2021-03-30,1063.3458251953125,1070.0,1085.0,1065.0,1075.0,104100
2021-03-31,1026.5758056640625,1033.0,1073.0,1031.0,1070.0,147300
2021-04-01,1049.432861328125,1056.0,1074.0,1042.0,1042.0,117800
2021-04-02,1075.2711181640625,1082.0,1095.0,1058.0,1060.0,103600
2021-04-05,1056.3892822265625,1063.0,1101.0,1062.0,1094.0,80900
2021-04-06,1031.5447998046875,1038.0,1067.0,1025.0,1065.0,90700
2021-04-07,1040.48876953125,1047.0,1053.0,1028.0,1030.0,60900
2021-04-08,1031.5447998046875,1038.0,1039.0,1017.0,1036.0,76500
2021-04-09,1028.5634765625,1035.0,1056.0,1029.0,1029.0,71900
2021-04-12,1013.65673828125,1020.0,1037.0,1012.0,1035.0,36900
2021-04-13,1004.7127075195312,1011.0,1022.0,1010.0,1010.0,48200
2021-04-14,1002.72509765625,1009.0,1023.0,1005.0,1015.0,33300
2021-04-15,998.75,1005.0,1013.0,998.0,1007.0,40600
2021-04-16,1004.7127075195312,1011.0,1016.0,1003.0,1009.0,35400
2021-04-19,1005.7064819335938,1012.0,1016.0,1005.0,1010.0,42900
2021-04-20,991.7935180664062,998.0,1015.0,988.0,1005.0,91500
2021-04-21,960.986328125,967.0,986.0,963.0,983.0,112200
2021-04-22,967.9428100585938,974.0,987.0,971.0,972.0,61900
2021-04-23,973.9054565429688,980.0,991.0,970.0,970.0,55700
2021-04-26,983.84326171875,990.0,997.0,972.0,995.0,91500
2021-04-27,997.7562255859376,1004.0,1011.0,982.0,993.0,76000
2021-04-28,964.96142578125,971.0,996.0,968.0,996.0,101800
2021-04-30,968.9365844726562,975.0,980.0,954.0,965.0,121500
2021-05-06,980.8619384765624,987.0,1002.0,981.0,999.0,111700
2021-05-07,996.762451171875,1003.0,1019.0,998.0,1002.0,76200
2021-05-10,999.7437744140624,1006.0,1013.0,993.0,1007.0,55100
2021-05-11,965.9552001953124,972.0,1000.0,970.0,1000.0,140700
2021-05-12,921.2350463867188,927.0,963.0,925.0,963.0,246800
2021-05-13,833.7823486328125,839.0,905.0,836.0,900.0,393700
2021-05-14,871.5460205078125,877.0,882.0,856.0,860.0,169600
2021-05-17,849.682861328125,855.0,893.0,855.0,872.0,128100
2021-05-18,880.4900512695312,886.0,889.0,856.0,856.0,100400
2021-05-19,872.539794921875,878.0,887.0,861.0,872.0,95800
2021-05-20,877.5087280273438,883.0,893.0,870.0,877.0,59100
2021-05-21,877.5087280273438,883.0,899.0,883.0,884.0,65200
2021-05-24,866.5770874023438,872.0,882.0,862.0,882.0,125500
2021-05-25,859.6206665039062,865.0,878.0,861.0,875.0,128500
2021-05-26,858.6268310546875,864.0,874.0,858.0,868.0,127100
2021-05-27,845.7077026367188,851.0,867.0,847.0,864.0,653400
2021-05-28,873.5335693359375,879.0,887.0,861.0,863.0,113000
2021-05-31,854.6517333984375,860.0,881.0,857.0,880.0,108900
2021-06-01,856.6392822265625,862.0,872.0,859.0,862.0,68000
2021-06-02,847.6952514648438,853.0,862.0,850.0,859.0,142100
2021-06-03,836.763671875,842.0,861.0,840.0,852.0,114900
2021-06-04,806.9502563476562,812.0,835.0,810.0,835.0,231100
2021-06-07,831.7947998046875,837.0,838.0,820.0,824.0,113700
2021-06-08,826.8258666992188,832.0,845.0,829.0,835.0,61600
2021-06-09,839.7449951171875,845.0,857.0,832.0,834.0,67200
2021-06-10,889.43408203125,895.0,906.0,875.0,879.0,220900
2021-06-11,881.4838256835938,887.0,914.0,885.0,905.0,172700
2021-06-14,896.3905639648438,902.0,902.0,880.0,891.0,92000
2021-06-15,886.4527587890625,892.0,905.0,889.0,900.0,107300
2021-06-16,887.446533203125,893.0,896.0,881.0,892.0,51400
2021-06-17,880.4900512695312,886.0,893.0,882.0,890.0,55200
2021-06-18,861.6082153320312,867.0,888.0,867.0,882.0,78000
2021-06-21,832.78857421875,838.0,856.0,837.0,852.0,90500
2021-06-22,863.5957641601562,869.0,872.0,845.0,862.0,58400
2021-06-23,861.6082153320312,867.0,884.0,866.0,870.0,45700
2021-06-24,850.6766357421875,856.0,869.0,851.0,869.0,54000
2021-06-25,849.682861328125,855.0,866.0,853.0,856.0,60100
2021-06-28,866.5770874023438,872.0,881.0,867.0,881.0,63000
2021-06-29,859.6206665039062,865.0,888.0,864.0,872.0,72400
2021-06-30,861.6082153320312,867.0,880.0,862.0,871.0,50900
2021-07-01,848.6890258789062,854.0,867.0,853.0,867.0,45400
2021-07-02,847.6952514648438,853.0,861.0,847.0,858.0,72800
2021-07-05,850.6766357421875,856.0,867.0,855.0,860.0,49900
2021-07-06,842.7263793945312,848.0,858.0,846.0,854.0,35100
2021-07-07,833.7823486328125,839.0,855.0,835.0,837.0,59400
2021-07-08,819.869384765625,825.0,842.0,825.0,839.0,61700
2021-07-09,800.987548828125,806.0,825.0,781.0,820.0,189700
2021-07-12,834.776123046875,840.0,842.0,813.0,813.0,105400
2021-07-13,824.8383178710938,830.0,846.0,826.0,846.0,42900
2021-07-14,835.7698974609375,841.0,847.0,836.0,845.0,40000
2021-07-15,824.8383178710938,830.0,844.0,830.0,843.0,47800
2021-07-16,818.8756103515625,824.0,836.0,822.0,823.0,34200
2021-07-19,803.9688720703125,809.0,822.0,803.0,822.0,76600
2021-07-20,793.0372924804688,798.0,811.0,798.0,810.0,75300
2021-07-21,799.9937744140625,805.0,811.0,797.0,803.0,33200
2021-07-26,798.0062255859375,803.0,830.0,798.0,830.0,60000
2021-07-27,795.02490234375,800.0,806.0,795.0,805.0,34600
2021-07-28,784.09326171875,789.0,802.0,787.0,802.0,69400
2021-07-29,799.9937744140625,805.0,805.0,786.0,786.0,50100
2021-07-30,780.1181640625,785.0,804.0,784.0,803.0,60100
2021-08-02,790.0559692382812,795.0,800.0,786.0,800.0,24700
2021-08-03,782.105712890625,787.0,795.0,783.0,793.0,34300
2021-08-04,763.223876953125,768.0,785.0,768.0,785.0,45300
2021-08-05,751.2985229492188,756.0,775.0,756.0,759.0,93200
2021-08-06,763.223876953125,768.0,772.0,756.0,756.0,33900
2021-08-10,777.1368408203125,782.0,789.0,772.0,773.0,48700
2021-08-11,789.0621948242188,794.0,794.0,781.0,785.0,33900
2021-08-12,774.1554565429688,779.0,800.0,774.0,800.0,36000
2021-08-13,766.2052001953125,771.0,774.0,762.0,771.0,39300
2021-08-16,666.8270874023438,671.0,711.0,671.0,711.0,311200
2021-08-17,673.7835693359375,678.0,695.0,673.0,673.0,93500
2021-08-18,706.578369140625,711.0,714.0,679.0,679.0,106900
2021-08-19,726.4539794921875,731.0,749.0,725.0,726.0,108900
2021-08-20,710.553466796875,715.0,744.0,708.0,730.0,75600
2021-08-23,723.47265625,728.0,738.0,716.0,716.0,79200
2021-08-24,728.4415283203125,733.0,740.0,725.0,728.0,55800
2021-08-25,742.3544921875,747.0,747.0,727.0,730.0,68100
2021-08-26,741.3607177734375,746.0,757.0,738.0,750.0,65700
2021-08-27,734.4042358398438,739.0,745.0,728.0,745.0,44800
2021-08-30,753.2860717773438,758.0,759.0,735.0,735.0,51900
2021-08-31,778.130615234375,783.0,784.0,757.0,757.0,94500
2021-09-01,781.1119384765625,786.0,791.0,769.0,790.0,66700
2021-09-02,768.1928100585938,773.0,790.0,771.0,790.0,36200
2021-09-03,778.130615234375,783.0,785.0,759.0,780.0,107700
2021-09-06,804.9627075195312,810.0,828.0,795.0,828.0,78500
2021-09-07,799.9937744140625,805.0,824.0,795.0,824.0,76800
2021-09-08,806.9502563476562,812.0,821.0,790.0,798.0,78000
2021-09-09,799.0,804.0,821.0,802.0,821.0,63500
2021-09-10,808.9378051757812,814.0,814.0,784.0,801.0,86000
2021-09-13,808.9378051757812,814.0,814.0,800.0,803.0,51600
2021-09-14,809.9315795898438,815.0,819.0,803.0,815.0,71000
2021-09-15,810.9253540039062,816.0,820.0,795.0,806.0,72600
2021-09-16,797.012451171875,802.0,817.0,784.0,817.0,103900
2021-09-17,808.9378051757812,814.0,822.0,787.0,787.0,153600
2021-09-21,796.0186767578125,801.0,807.0,790.0,800.0,82100
2021-09-22,768.1928100585938,773.0,793.0,773.0,789.0,96100
2021-09-24,790.0559692382812,795.0,796.0,783.0,788.0,100800
2021-09-27,798.0062255859375,803.0,814.0,798.0,810.0,94200
2021-09-28,799.0,804.0,809.0,786.0,809.0,80200
2021-09-29,795.0,795.0,799.0,777.0,791.0,107900
2021-09-30,791.0,791.0,799.0,778.0,790.0,74400
2021-10-01,780.0,780.0,792.0,772.0,792.0,85100
2021-10-04,764.0,764.0,784.0,756.0,782.0,73700
2021-10-05,746.0,746.0,764.0,736.0,751.0,71100
2021-10-06,746.0,746.0,760.0,740.0,744.0,92700
2021-10-07,751.0,751.0,774.0,748.0,756.0,58800
2021-10-08,776.0,776.0,779.0,762.0,775.0,65100
2021-10-11,778.0,778.0,784.0,770.0,779.0,29400
2021-10-12,761.0,761.0,778.0,761.0,778.0,41100
2021-10-13,753.0,753.0,761.0,753.0,755.0,24800
2021-10-14,751.0,751.0,780.0,746.0,746.0,135800
2021-10-15,781.0,781.0,781.0,751.0,753.0,76700
2021-10-18,782.0,782.0,789.0,774.0,785.0,56800
2021-10-19,781.0,781.0,792.0,779.0,785.0,27600
2021-10-20,770.0,770.0,787.0,770.0,784.0,23900
2021-10-21,757.0,757.0,773.0,757.0,770.0,38800
2021-10-22,764.0,764.0,764.0,751.0,751.0,27600
2021-10-25,761.0,761.0,761.0,751.0,760.0,27600
2021-10-26,762.0,762.0,774.0,758.0,774.0,43700
2021-10-27,761.0,761.0,768.0,757.0,764.0,31900
2021-10-28,773.0,773.0,778.0,753.0,756.0,88600
2021-10-29,776.0,776.0,789.0,776.0,782.0,47100
2021-11-01,793.0,793.0,797.0,781.0,791.0,49700
2021-11-02,786.0,786.0,800.0,786.0,790.0,62300
2021-11-04,779.0,779.0,790.0,779.0,788.0,41400
2021-11-05,770.0,770.0,777.0,753.0,775.0,55200
2021-11-08,761.0,761.0,769.0,760.0,769.0,22500
2021-11-09,747.0,747.0,767.0,747.0,761.0,36800
2021-11-10,733.0,733.0,749.0,729.0,745.0,127900
2021-11-11,721.0,721.0,733.0,721.0,724.0,35600
2021-11-12,733.0,733.0,737.0,716.0,721.0,64200
2021-11-15,793.0,793.0,796.0,731.0,731.0,159000
2021-11-16,845.0,845.0,845.0,792.0,793.0,186000
2021-11-17,805.0,805.0,835.0,802.0,831.0,143800
2021-11-18,830.0,830.0,834.0,793.0,802.0,85500
2021-11-19,952.0,952.0,957.0,864.0,865.0,800900
2021-11-22,877.0,877.0,920.0,863.0,915.0,420500
2021-11-24,852.0,852.0,904.0,843.0,868.0,202700
2021-11-25,825.0,825.0,866.0,819.0,852.0,137000
2021-11-26,814.0,814.0,833.0,804.0,833.0,149900
2021-11-29,800.0,800.0,815.0,778.0,784.0,204900
2021-11-30,831.0,831.0,868.0,814.0,814.0,212500
2021-12-01,811.0,811.0,831.0,807.0,831.0,76600
2021-12-02,816.0,816.0,862.0,805.0,805.0,137800
2021-12-03,824.0,824.0,831.0,802.0,820.0,81500
2021-12-06,810.0,810.0,827.0,810.0,824.0,49400
2021-12-07,883.0,883.0,893.0,825.0,830.0,231600
2021-12-08,905.0,905.0,926.0,875.0,886.0,275100
2021-12-09,923.0,923.0,949.0,899.0,917.0,254600
2021-12-10,898.0,898.0,923.0,883.0,923.0,125600
2021-12-13,896.0,896.0,918.0,883.0,911.0,94700
2021-12-14,881.0,881.0,930.0,870.0,900.0,136000
2021-12-15,899.0,899.0,904.0,882.0,888.0,61900
2021-12-16,850.0,850.0,887.0,849.0,887.0,195800
2021-12-17,793.0,793.0,843.0,793.0,843.0,329200
2021-12-20,761.0,761.0,793.0,748.0,785.0,253600
2021-12-21,780.0,780.0,794.0,767.0,770.0,113600
2021-12-22,838.0,838.0,842.0,773.0,773.0,160900
2021-12-23,862.0,862.0,872.0,826.0,846.0,162900
2021-12-24,855.0,855.0,887.0,848.0,873.0,118700
2021-12-27,852.0,852.0,869.0,838.0,867.0,147900
2021-12-28,874.0,874.0,890.0,858.0,882.0,134500
2021-12-29,891.0,891.0,900.0,856.0,864.0,103600
2021-12-30,891.0,891.0,899.0,862.0,878.0,78800
2022-01-04,894.0,894.0,904.0,874.0,904.0,68000
2022-01-05,866.0,866.0,882.0,848.0,881.0,87600
2022-01-06,823.0,823.0,851.0,822.0,847.0,59400
2022-01-07,824.0,824.0,865.0,809.0,830.0,75200
2022-01-11,836.0,836.0,841.0,812.0,821.0,60500
2022-01-12,854.0,854.0,867.0,830.0,833.0,59800
2022-01-13,816.0,816.0,855.0,815.0,855.0,50700
2022-01-14,804.0,804.0,816.0,794.0,816.0,69600
2022-01-17,805.0,805.0,810.0,788.0,800.0,57700
2022-01-18,797.0,797.0,826.0,797.0,807.0,51300
2022-01-19,761.0,761.0,794.0,761.0,784.0,129800
2022-01-20,787.0,787.0,792.0,761.0,761.0,47700
2022-01-21,790.0,790.0,790.0,762.0,777.0,33700
2022-01-24,789.0,789.0,790.0,769.0,782.0,91200
2022-01-25,750.0,750.0,784.0,746.0,784.0,52500
2022-01-26,752.0,752.0,765.0,746.0,765.0,55200
2022-01-27,704.0,704.0,775.0,703.0,767.0,96000
2022-01-28,710.0,710.0,717.0,695.0,705.0,96200
2022-01-31,732.0,732.0,733.0,710.0,710.0,41400
2022-02-01,720.0,720.0,739.0,711.0,733.0,53800
2022-02-02,757.0,757.0,757.0,719.0,720.0,46100
2022-02-03,733.0,733.0,748.0,724.0,748.0,41900
2022-02-04,730.0,730.0,731.0,709.0,722.0,50200
2022-02-07,726.0,726.0,745.0,726.0,738.0,38000
2022-02-08,708.0,708.0,724.0,707.0,718.0,47200
2022-02-09,722.0,722.0,728.0,699.0,706.0,64800
2022-02-10,739.0,739.0,739.0,726.0,736.0,56900
2022-02-14,723.0,723.0,743.0,719.0,735.0,71200
2022-02-15,723.0,723.0,746.0,719.0,728.0,44000
2022-02-16,729.0,729.0,738.0,718.0,731.0,49500
2022-02-17,707.0,707.0,744.0,706.0,744.0,73500
2022-02-18,703.0,703.0,711.0,687.0,697.0,96000
2022-02-21,678.0,678.0,695.0,665.0,693.0,103000
2022-02-22,675.0,675.0,696.0,666.0,676.0,77300
2022-02-24,664.0,664.0,677.0,654.0,672.0,61900
2022-02-25,691.0,691.0,695.0,673.0,673.0,75600
2022-02-28,713.0,713.0,717.0,687.0,712.0,95400
2022-03-01,738.0,738.0,738.0,708.0,715.0,90100
2022-03-02,739.0,739.0,776.0,715.0,724.0,203100
2022-03-03,738.0,738.0,747.0,721.0,746.0,66900
2022-03-04,712.0,712.0,729.0,700.0,723.0,59100
2022-03-07,679.0,679.0,700.0,671.0,687.0,78700
2022-03-08,681.0,681.0,707.0,672.0,679.0,63500
2022-03-09,670.0,670.0,695.0,663.0,690.0,55300
2022-03-10,713.0,713.0,713.0,697.0,700.0,51800
2022-03-11,701.0,701.0,703.0,684.0,698.0,40400
2022-03-14,707.0,707.0,718.0,698.0,713.0,28800
2022-03-15,719.0,719.0,719.0,693.0,704.0,34500
2022-03-16,723.0,723.0,723.0,704.0,721.0,44200
2022-03-17,724.0,724.0,735.0,718.0,727.0,62100
2022-03-18,732.0,732.0,736.0,712.0,712.0,42500
2022-03-22,729.0,729.0,736.0,719.0,736.0,66400
2022-03-23,762.0,762.0,777.0,729.0,734.0,134800
2022-03-24,796.0,796.0,800.0,748.0,751.0,179600
2022-03-25,810.0,810.0,818.0,799.0,818.0,112500
2022-03-28,784.0,784.0,811.0,777.0,811.0,72100
2022-03-29,792.0,792.0,792.0,758.0,783.0,133700
2022-03-30,812.0,812.0,833.0,787.0,820.0,143700
2022-03-31,831.0,831.0,836.0,792.0,801.0,105500
2022-04-01,820.0,820.0,830.0,801.0,816.0,63700
2022-04-04,820.0,820.0,831.0,793.0,831.0,103800
2022-04-05,839.0,839.0,841.0,812.0,819.0,103500
2022-04-06,828.0,828.0,837.0,805.0,833.0,99200
2022-04-07,820.0,820.0,859.0,815.0,849.0,146600
2022-04-08,849.0,849.0,849.0,814.0,830.0,117400
2022-04-11,856.0,856.0,885.0,853.0,870.0,232100
2022-04-12,834.0,834.0,859.0,831.0,856.0,88900
2022-04-13,882.0,882.0,882.0,849.0,849.0,136700
2022-04-14,862.0,862.0,905.0,856.0,885.0,177500
2022-04-15,850.0,850.0,854.0,831.0,850.0,139500
2022-04-18,860.0,860.0,864.0,841.0,842.0,55600
2022-04-19,863.0,863.0,877.0,857.0,873.0,68400
2022-04-20,847.0,847.0,874.0,847.0,874.0,49300
2022-04-21,848.0,848.0,855.0,839.0,854.0,55500
2022-04-22,805.0,805.0,826.0,803.0,823.0,93700
2022-04-25,789.0,789.0,806.0,787.0,791.0,96900
2022-04-26,826.0,826.0,839.0,801.0,804.0,100100
2022-04-27,822.0,822.0,826.0,800.0,818.0,108000
2022-04-28,826.0,826.0,830.0,806.0,824.0,56500
2022-05-02,798.0,798.0,816.0,790.0,805.0,94600
2022-05-06,810.0,810.0,813.0,789.0,813.0,48500
2022-05-09,772.0,772.0,796.0,768.0,795.0,78500
2022-05-10,742.0,742.0,754.0,730.0,752.0,91600
2022-05-11,743.0,743.0,759.0,737.0,737.0,69900
2022-05-12,717.0,717.0,734.0,710.0,729.0,118400
2022-05-13,759.0,759.0,776.0,733.0,742.0,109100
2022-05-16,849.0,849.0,872.0,820.0,830.0,271500
2022-05-17,840.0,840.0,866.0,838.0,855.0,92600
2022-05-18,839.0,839.0,846.0,823.0,841.0,96100
2022-05-19,813.0,813.0,823.0,806.0,809.0,81300
2022-05-20,818.0,818.0,820.0,805.0,818.0,66900
2022-05-23,830.0,830.0,837.0,815.0,817.0,81500
2022-05-24,820.0,820.0,832.0,812.0,832.0,53900
2022-05-25,785.0,785.0,814.0,785.0,813.0,80200
2022-05-26,780.0,780.0,812.0,778.0,800.0,77000
2022-05-27,776.0,776.0,794.0,771.0,794.0,94000
2022-05-30,812.0,812.0,821.0,794.0,795.0,131800
2022-05-31,853.0,853.0,865.0,826.0,829.0,200800
2022-06-01,860.0,860.0,869.0,850.0,853.0,109000
2022-06-02,881.0,881.0,891.0,860.0,865.0,181500
2022-06-03,880.0,880.0,912.0,880.0,893.0,210000
2022-06-06,911.0,911.0,918.0,900.0,900.0,157100
2022-06-07,963.0,963.0,982.0,930.0,931.0,385000
2022-06-08,1001.0,1001.0,1009.0,980.0,983.0,247300
2022-06-09,989.0,989.0,1013.0,979.0,1012.0,168300
2022-06-10,950.0,950.0,963.0,949.0,955.0,181300
2022-06-13,949.0,949.0,961.0,921.0,921.0,121800
2022-06-14,972.0,972.0,978.0,923.0,934.0,182000
2022-06-15,951.0,951.0,977.0,946.0,976.0,107300
2022-06-16,946.0,946.0,990.0,946.0,985.0,118600
2022-06-17,950.0,950.0,959.0,916.0,920.0,173100
2022-06-20,898.0,898.0,958.0,895.0,955.0,166800
2022-06-21,905.0,905.0,928.0,890.0,906.0,119800
2022-06-22,875.0,875.0,920.0,873.0,920.0,75100
2022-06-23,911.0,911.0,940.0,883.0,888.0,106400
2022-06-24,960.0,960.0,969.0,923.0,926.0,108600
2022-06-27,947.0,947.0,975.0,945.0,975.0,74600
2022-06-28,981.0,981.0,988.0,947.0,949.0,108000
2022-06-29,957.0,957.0,973.0,949.0,973.0,118200
2022-06-30,951.0,951.0,962.0,950.0,957.0,62300
2022-07-01,933.0,933.0,955.0,926.0,946.0,89100
2022-07-04,955.0,955.0,980.0,945.0,948.0,49700
2022-07-05,945.0,945.0,954.0,934.0,950.0,59300
2022-07-06,966.0,966.0,966.0,950.0,951.0,53300
2022-07-07,985.0,985.0,994.0,950.0,969.0,95100
2022-07-08,982.0,982.0,1002.0,972.0,987.0,121700
2022-07-11,981.0,981.0,1020.0,980.0,1010.0,90500
2022-07-12,959.0,959.0,968.0,953.0,968.0,48300
2022-07-13,963.0,963.0,967.0,948.0,955.0,36300
2022-07-14,986.0,986.0,986.0,948.0,954.0,43600
2022-07-15,950.0,950.0,980.0,949.0,980.0,87800
2022-07-19,965.0,965.0,967.0,938.0,951.0,38500
2022-07-20,983.0,983.0,997.0,971.0,979.0,64300
2022-07-21,1111.0,1111.0,1127.0,1054.0,1063.0,1365400
2022-07-22,1113.0,1113.0,1126.0,1083.0,1104.0,412200
2022-07-25,1160.0,1160.0,1190.0,1097.0,1107.0,582400
2022-07-26,1233.0,1233.0,1238.0,1143.0,1164.0,536100
2022-07-27,1195.0,1195.0,1240.0,1191.0,1239.0,342000
2022-07-28,1196.0,1196.0,1218.0,1174.0,1212.0,231300
2022-07-29,1181.0,1181.0,1209.0,1155.0,1209.0,198100
2022-08-01,1178.0,1178.0,1188.0,1151.0,1185.0,150700
2022-08-02,1156.0,1156.0,1207.0,1151.0,1188.0,122100
2022-08-03,1196.0,1196.0,1196.0,1158.0,1164.0,128000
2022-08-04,1172.0,1172.0,1210.0,1172.0,1196.0,184100
2022-08-05,1147.0,1147.0,1176.0,1086.0,1176.0,355400
2022-08-08,1162.0,1162.0,1183.0,1153.0,1159.0,111700
2022-08-09,1168.0,1168.0,1173.0,1153.0,1160.0,76600
2022-08-10,1138.0,1138.0,1157.0,1122.0,1157.0,102700
2022-08-12,1146.0,1146.0,1163.0,1135.0,1152.0,132000
2022-08-15,1180.0,1180.0,1248.0,1176.0,1248.0,447700
2022-08-16,1184.0,1184.0,1209.0,1150.0,1179.0,183700
2022-08-17,1170.0,1170.0,1196.0,1155.0,1194.0,172700
2022-08-18,1227.0,1227.0,1227.0,1163.0,1175.0,244100
2022-08-19,1192.0,1192.0,1233.0,1190.0,1213.0,179300
2022-08-22,1139.0,1139.0,1210.0,1134.0,1173.0,417400
2022-08-23,1117.0,1117.0,1127.0,1081.0,1117.0,478900
2022-08-24,1192.0,1192.0,1205.0,1111.0,1114.0,429000
2022-08-25,1294.0,1294.0,1297.0,1228.0,1243.0,709100
2022-08-26,1309.0,1309.0,1344.0,1274.0,1294.0,608200
2022-08-29,1228.0,1228.0,1262.0,1214.0,1251.0,491200
2022-08-30,1278.0,1278.0,1295.0,1241.0,1248.0,445900
2022-08-31,1230.0,1230.0,1259.0,1226.0,1259.0,237400
2022-09-01,1215.0,1215.0,1218.0,1194.0,1206.0,178700
2022-09-02,1176.0,1176.0,1216.0,1166.0,1210.0,194400
2022-09-05,1206.0,1206.0,1214.0,1146.0,1170.0,151000
2022-09-06,1192.0,1192.0,1224.0,1187.0,1212.0,122000
2022-09-07,1140.0,1140.0,1180.0,1125.0,1176.0,308900
2022-09-08,1123.0,1123.0,1145.0,1108.0,1142.0,300000
2022-09-09,1141.0,1141.0,1154.0,1124.0,1131.0,124700
2022-09-12,1170.0,1170.0,1179.0,1137.0,1151.0,178600
2022-09-13,1152.0,1152.0,1187.0,1147.0,1177.0,135300
2022-09-14,1093.5277099609375,1103.0,1121.0,1078.0,1088.0,209100
2022-09-15,1116.3302001953125,1126.0,1160.0,1124.0,1149.0,222600
2022-09-16,1083.613525390625,1093.0,1121.0,1084.0,1107.0,209600
2022-09-20,1071.716552734375,1081.0,1102.0,1060.0,1086.0,158500
2022-09-21,1055.85400390625,1065.0,1075.0,1048.0,1072.0,132000
2022-09-22,1048.9141845703125,1058.0,1062.0,1026.0,1046.0,160200
2022-09-26,1026.1116943359375,1035.0,1068.0,1027.0,1068.0,174500
2022-09-27,1087.5792236328125,1097.0,1110.0,1072.0,1072.0,311200
2022-09-28,1039.0,1048.0,1114.0,1031.0,1109.0,286900
2022-09-29,1071.0,1071.0,1085.0,1051.0,1085.0,141400
2022-09-30,1052.0,1052.0,1095.0,1050.0,1058.0,199900
2022-10-03,1059.0,1059.0,1064.0,1018.0,1025.0,134400
2022-10-04,1104.0,1104.0,1107.0,1084.0,1085.0,143300
2022-10-05,1102.0,1102.0,1143.0,1095.0,1137.0,182600
2022-10-06,1106.0,1106.0,1130.0,1091.0,1099.0,116900
2022-10-07,1075.0,1075.0,1100.0,1071.0,1100.0,140100
2022-10-11,1028.0,1028.0,1059.0,1022.0,1055.0,233600
2022-10-12,1046.0,1046.0,1067.0,1011.0,1013.0,349600
2022-10-13,1004.0,1004.0,1038.0,995.0,1030.0,196100
2022-10-14,1042.0,1042.0,1052.0,1023.0,1034.0,167600
2022-10-17,1024.0,1024.0,1040.0,1012.0,1013.0,98900
2022-10-18,1068.0,1068.0,1076.0,1045.0,1045.0,127500
2022-10-19,1069.0,1069.0,1092.0,1065.0,1092.0,84600
2022-10-20,1054.0,1054.0,1077.0,1052.0,1060.0,85300
2022-10-21,1044.0,1044.0,1059.0,1037.0,1052.0,62800
2022-10-24,1043.0,1043.0,1055.0,1039.0,1055.0,54200
2022-10-25,1114.0,1114.0,1127.0,1055.0,1055.0,331700
2022-10-26,1155.0,1155.0,1174.0,1131.0,1133.0,255900
2022-10-27,1139.0,1139.0,1151.0,1131.0,1151.0,114200
2022-10-28,1140.0,1140.0,1147.0,1116.0,1120.0,199700
2022-10-31,1127.0,1127.0,1173.0,1124.0,1173.0,136500
2022-11-01,1141.0,1141.0,1145.0,1121.0,1125.0,72000
2022-11-02,1121.0,1121.0,1142.0,1112.0,1130.0,94300
2022-11-04,1091.0,1091.0,1103.0,1090.0,1093.0,91700
2022-11-07,1116.0,1116.0,1134.0,1103.0,1116.0,104400
2022-11-08,1139.0,1139.0,1146.0,1126.0,1132.0,89500
2022-11-09,1126.0,1126.0,1146.0,1117.0,1142.0,76100
2022-11-10,1119.0,1119.0,1122.0,1092.0,1116.0,128400
2022-11-11,1154.0,1154.0,1162.0,1137.0,1155.0,255800
2022-11-14,1167.0,1167.0,1227.0,1099.0,1127.0,332700
2022-11-15,1174.0,1174.0,1177.0,1135.0,1167.0,184800
2022-11-16,1214.0,1214.0,1214.0,1177.0,1181.0,270800
2022-11-17,1197.0,1197.0,1223.0,1189.0,1204.0,179000
2022-11-18,1117.0,1117.0,1178.0,1114.0,1177.0,381700
2022-11-21,1114.0,1114.0,1124.0,1095.0,1120.0,160700
2022-11-22,1093.0,1093.0,1127.0,1088.0,1127.0,190700
2022-11-24,1141.0,1141.0,1157.0,1105.0,1114.0,262600
2022-11-25,1131.0,1131.0,1153.0,1122.0,1145.0,98500
2022-11-28,1338.0,1338.0,1358.0,1208.0,1208.0,2174400
2022-11-29,1467.0,1467.0,1470.0,1325.0,1406.0,2950600
2022-11-30,1376.0,1376.0,1467.0,1364.0,1467.0,1587200
2022-12-01,1370.0,1370.0,1405.0,1328.0,1360.0,829500
2022-12-02,1347.0,1347.0,1387.0,1326.0,1372.0,347700
2022-12-05,1330.0,1330.0,1366.0,1309.0,1340.0,277200
2022-12-06,1308.0,1308.0,1324.0,1295.0,1310.0,188200
2022-12-07,1281.0,1281.0,1298.0,1263.0,1288.0,197700
2022-12-08,1262.0,1262.0,1278.0,1235.0,1267.0,196200
2022-12-09,1287.0,1287.0,1296.0,1260.0,1260.0,173600
2022-12-12,1313.0,1313.0,1327.0,1264.0,1284.0,239100
2022-12-13,1303.0,1303.0,1325.0,1292.0,1324.0,132300
2022-12-14,1315.0,1315.0,1320.0,1293.0,1317.0,158700
2022-12-15,1332.0,1332.0,1338.0,1273.0,1307.0,454400
2022-12-16,1308.0,1308.0,1318.0,1298.0,1306.0,220300
2022-12-19,1292.0,1292.0,1334.0,1276.0,1290.0,180500
2022-12-20,1222.0,1222.0,1309.0,1200.0,1292.0,380600
2022-12-21,1230.0,1230.0,1251.0,1199.0,1219.0,226500
2022-12-22,1250.0,1250.0,1267.0,1232.0,1250.0,126900
2022-12-23,1238.0,1238.0,1244.0,1218.0,1238.0,129600
2022-12-26,1228.0,1228.0,1261.0,1215.0,1261.0,143200
2022-12-27,1213.0,1213.0,1244.0,1213.0,1244.0,109200
2022-12-28,1218.0,1218.0,1221.0,1185.0,1206.0,196800
2022-12-29,1229.0,1229.0,1233.0,1190.0,1190.0,123600
2022-12-30,1227.0,1227.0,1250.0,1225.0,1235.0,86900
2023-01-04,1183.0,1183.0,1250.0,1183.0,1250.0,219900
2023-01-05,1159.0,1159.0,1193.0,1154.0,1185.0,155000
2023-01-06,1168.0,1168.0,1171.0,1137.0,1147.0,137900
2023-01-10,1173.0,1173.0,1192.0,1168.0,1181.0,99500
2023-01-11,1203.0,1203.0,1211.0,1180.0,1182.0,140900
2023-01-12,1183.0,1183.0,1227.0,1183.0,1223.0,99100
2023-01-13,1167.0,1167.0,1186.0,1153.0,1183.0,111700
2023-01-16,1144.0,1144.0,1173.0,1142.0,1160.0,138600
2023-01-17,1137.0,1137.0,1162.0,1135.0,1148.0,123900
2023-01-18,1181.0,1181.0,1185.0,1152.0,1155.0,112000
2023-01-19,1158.0,1158.0,1171.0,1147.0,1164.0,98600
2023-01-20,1159.0,1159.0,1163.0,1143.0,1154.0,57300
2023-01-23,1183.0,1183.0,1183.0,1170.0,1182.0,82800
2023-01-24,1197.0,1197.0,1204.0,1177.0,1200.0,139100
2023-01-25,1218.0,1218.0,1220.0,1195.0,1202.0,126100
2023-01-26,1232.0,1232.0,1286.0,1222.0,1245.0,398800
2023-01-27,1253.0,1253.0,1272.0,1225.0,1236.0,193700
2023-01-30,1289.0,1289.0,1311.0,1256.0,1256.0,271600
2023-01-31,1301.0,1301.0,1325.0,1269.0,1298.0,289600
2023-02-01,1325.0,1325.0,1353.0,1303.0,1307.0,283900
2023-02-02,1351.0,1351.0,1375.0,1333.0,1355.0,369700
2023-02-03,1354.0,1354.0,1367.0,1332.0,1360.0,201800
2023-02-06,1343.0,1343.0,1352.0,1320.0,1348.0,162600
2023-02-07,1366.0,1366.0,1388.0,1332.0,1349.0,187700
2023-02-08,1395.0,1395.0,1406.0,1358.0,1369.0,253200
2023-02-09,1402.0,1402.0,1413.0,1365.0,1377.0,192300
2023-02-10,1385.0,1385.0,1414.0,1380.0,1410.0,248300
2023-02-13,1361.0,1361.0,1415.0,1330.0,1415.0,469300
2023-02-14,1384.0,1384.0,1400.0,1337.0,1350.0,281600
2023-02-15,1407.0,1407.0,1414.0,1378.0,1387.0,220100
2023-02-16,1399.0,1399.0,1440.0,1388.0,1421.0,276400
2023-02-17,1378.0,1378.0,1401.0,1371.0,1380.0,167100
2023-02-20,1392.0,1392.0,1408.0,1365.0,1385.0,177400
2023-02-21,1348.0,1348.0,1394.0,1342.0,1390.0,120500
2023-02-22,1322.0,1322.0,1329.0,1299.0,1325.0,129500
2023-02-24,1349.0,1349.0,1358.0,1325.0,1340.0,87300
2023-02-27,1306.0,1306.0,1328.0,1302.0,1328.0,108600
2023-02-28,1392.0,1392.0,1412.0,1329.0,1330.0,235700
2023-03-01,1475.0,1475.0,1480.0,1390.0,1396.0,544600
2023-03-02,1468.0,1468.0,1492.0,1435.0,1476.0,376300
2023-03-03,1452.0,1452.0,1485.0,1439.0,1468.0,286400
2023-03-06,1463.0,1463.0,1503.0,1456.0,1462.0,225100
2023-03-07,1455.0,1455.0,1481.0,1453.0,1470.0,148800
2023-03-08,1457.0,1457.0,1470.0,1437.0,1441.0,130000
2023-03-09,1440.0,1440.0,1476.0,1437.0,1470.0,124300
2023-03-10,1459.0,1459.0,1473.0,1414.0,1426.0,214800
2023-03-13,1434.0,1434.0,1441.0,1392.0,1425.0,181900
2023-03-14,1377.0,1377.0,1407.0,1363.0,1404.0,171900
2023-03-15,1359.0,1359.0,1412.0,1347.0,1412.0,148200
2023-03-16,1353.0,1353.0,1362.0,1317.0,1320.0,113800
2023-03-17,1473.0,1473.0,1476.0,1378.0,1380.0,324000
2023-03-20,1341.0,1341.0,1464.0,1341.0,1464.0,350800
2023-03-22,1395.0,1395.0,1420.0,1384.0,1398.0,165300
2023-03-23,1435.0,1435.0,1437.0,1370.0,1380.0,149700
2023-03-24,1446.0,1446.0,1454.0,1415.0,1434.0,129000
2023-03-27,1437.0,1437.0,1462.0,1427.0,1455.0,117900
2023-03-28,1408.0,1408.0,1456.0,1405.0,1456.0,104300
2023-03-29,1467.0,1467.0,1467.0,1398.0,1411.0,215000
2023-03-30,1436.0,1436.0,1486.0,1421.0,1484.0,183100
2023-03-31,1475.0,1475.0,1510.0,1451.0,1475.0,370500
2023-04-03,1548.0,1548.0,1594.0,1520.0,1523.0,593000
2023-04-04,1511.0,1511.0,1537.0,1500.0,1537.0,236500
2023-04-05,1474.0,1474.0,1527.0,1474.0,1502.0,182100
2023-04-06,1472.0,1472.0,1477.0,1410.0,1450.0,140100
2023-04-07,1453.0,1453.0,1494.0,1429.0,1487.0,165400
2023-04-10,1497.0,1497.0,1511.0,1463.0,1480.0,169900
2023-04-11,1492.0,1492.0,1533.0,1485.0,1505.0,153800
2023-04-12,1462.0,1462.0,1482.0,1447.0,1482.0,105400
2023-04-13,1484.0,1484.0,1484.0,1442.0,1452.0,97400
2023-04-14,1490.0,1490.0,1524.0,1486.0,1514.0,168500
2023-04-17,1466.0,1466.0,1500.0,1463.0,1500.0,117300
2023-04-18,1489.0,1489.0,1504.0,1460.0,1460.0,114500
2023-04-19,1455.0,1455.0,1480.0,1452.0,1480.0,98300
2023-04-20,1431.0,1431.0,1455.0,1431.0,1445.0,114500
2023-04-21,1408.0,1408.0,1436.0,1392.0,1426.0,176100
2023-04-24,1405.0,1405.0,1424.0,1392.0,1420.0,99100
2023-04-28,1391.0,1391.0,1413.0,1376.0,1413.0,90900
2023-04-25,1445.0,1445.0,1475.0,1410.0,1418.0,242400
2023-04-26,1398.0,1398.0,1416.0,1385.0,1415.0,154000
2023-04-27,1385.0,1385.0,1403.0,1378.0,1400.0,148500
2023-04-28,1391.0,1391.0,1413.0,1376.0,1413.0,113000
2023-05-01,1377.0,1377.0,1416.0,1372.0,1410.0,91900
2023-05-02,1381.0,1381.0,1383.0,1355.0,1368.0,88500
2023-05-08,1409.0,1409.0,1426.0,1391.0,1391.0,184600
2023-05-09,1430.0,1430.0,1465.0,1425.0,1429.0,183100
2023-05-10,1406.0,1406.0,1418.0,1394.0,1416.0,125000
2023-05-11,1440.0,1440.0,1459.0,1415.0,1427.0,148400
2023-05-12,1407.0,1407.0,1424.0,1392.0,1424.0,193200
2023-05-15,1296.0,1296.0,1334.0,1250.0,1300.0,585300
2023-05-16,1246.0,1246.0,1300.0,1236.0,1299.0,344900
2023-05-17,1300.0,1300.0,1309.0,1224.0,1263.0,353100
2023-05-18,1324.0,1324.0,1368.0,1307.0,1330.0,407900
2023-05-19,1368.0,1368.0,1392.0,1321.0,1354.0,391000
2023-05-22,1377.0,1377.0,1380.0,1336.0,1363.0,319400
2023-05-23,1384.0,1384.0,1461.0,1378.0,1407.0,615900
2023-05-24,1333.0,1333.0,1360.0,1322.0,1354.0,317100
2023-05-25,1346.0,1346.0,1367.0,1329.0,1340.0,292700
2023-05-26,1355.0,1355.0,1393.0,1342.0,1360.0,295600
2023-05-29,1390.0,1390.0,1401.0,1365.0,1385.0,283200
2023-05-30,1371.0,1371.0,1382.0,1332.0,1375.0,283200
2023-05-31,1342.0,1342.0,1371.0,1334.0,1360.0,215300
2023-06-01,1317.0,1317.0,1340.0,1311.0,1334.0,239400
2023-06-02,1344.0,1344.0,1351.0,1314.0,1324.0,196100
2023-06-05,1413.0,1413.0,1448.0,1387.0,1409.0,955100
2023-06-06,1441.0,1441.0,1448.0,1406.0,1415.0,511500
2023-06-07,1430.0,1430.0,1488.0,1423.0,1450.0,561200
2023-06-08,1359.0,1359.0,1430.0,1347.0,1430.0,475600
2023-06-09,1340.0,1340.0,1389.0,1333.0,1389.0,327500
2023-06-12,1367.0,1367.0,1380.0,1332.0,1365.0,348100
2023-06-13,1360.0,1360.0,1392.0,1354.0,1385.0,304400
2023-06-14,1321.0,1321.0,1362.0,1317.0,1360.0,417000
2023-06-15,1331.0,1331.0,1344.0,1301.0,1327.0,320000
2023-06-16,1601.0,1601.0,1606.0,1401.0,1401.0,2726200
2023-06-19,1676.0,1676.0,1684.0,1578.0,1650.0,1790300
2023-06-20,1651.0,1651.0,1690.0,1597.0,1677.0,923600
2023-06-21,1601.0,1601.0,1639.0,1587.0,1639.0,543600
2023-06-22,1534.0,1534.0,1596.0,1522.0,1566.0,457100
2023-06-23,1458.0,1458.0,1585.0,1448.0,1578.0,596900
2023-06-26,1403.0,1403.0,1446.0,1390.0,1444.0,518500
2023-06-27,1367.0,1367.0,1402.0,1346.0,1402.0,434400
2023-06-28,1398.0,1398.0,1416.0,1370.0,1410.0,420300
2023-06-29,1435.0,1435.0,1455.0,1394.0,1406.0,376700
2023-06-30,1502.0,1502.0,1530.0,1461.0,1495.0,787800
2023-07-03,1494.0,1494.0,1512.0,1482.0,1498.0,346600
2023-07-04,1477.0,1477.0,1491.0,1448.0,1475.0,280100
2023-07-05,1446.0,1446.0,1469.0,1437.0,1456.0,199300
2023-07-06,1408.0,1408.0,1434.0,1398.0,1416.0,236600
2023-07-07,1421.0,1421.0,1436.0,1381.0,1388.0,224400
2023-07-10,1404.0,1404.0,1420.0,1395.0,1418.0,190300
2023-07-11,1414.0,1414.0,1441.0,1406.0,1438.0,193600
2023-07-12,1380.0,1380.0,1423.0,1377.0,1422.0,230600
2023-07-13,1432.0,1432.0,1440.0,1380.0,1399.0,240200
2023-07-20,1461.0,1461.0,1469.0,1427.0,1438.0,278700
2023-07-14,1432.0,1432.0,1450.0,1419.0,1437.0,199600
2023-07-18,1427.0,1427.0,1445.0,1416.0,1442.0,207000
2023-07-19,1444.0,1444.0,1475.0,1440.0,1468.0,274700
2023-07-20,1461.0,1461.0,1471.0,1427.0,1438.0,278700
2023-07-21,1415.0,1415.0,1435.0,1403.0,1435.0,304900
2023-07-24,1422.0,1422.0,1442.0,1413.0,1425.0,125400
2023-07-25,1424.0,1424.0,1427.0,1409.0,1423.0,120200
2023-07-26,1413.0,1413.0,1423.0,1401.0,1421.0,184800
2023-08-01,1375.0,1375.0,1408.0,1375.0,1388.0,199400
2023-07-27,1409.0,1409.0,1409.0,1393.0,1400.0,128600
2023-07-28,1399.0,1399.0,1414.0,1367.0,1385.0,323900
2023-07-31,1388.0,1388.0,1409.0,1371.0,1409.0,319300
2023-08-04,1314.0,1314.0,1331.0,1305.0,1330.0,195400
2023-08-01,1375.0,1375.0,1408.0,1375.0,1388.0,210000
2023-08-02,1371.0,1371.0,1384.0,1357.0,1373.0,180000
2023-08-03,1339.0,1339.0,1361.0,1333.0,1344.0,255200
2023-08-04,1314.0,1314.0,1331.0,1305.0,1330.0,203200
2023-08-07,1318.0,1318.0,1318.0,1288.0,1305.0,167900
2023-08-08,1256.0,1256.0,1308.0,1253.0,1308.0,345000
2023-08-09,1286.0,1286.0,1286.0,1249.0,1258.0,208600
2023-08-10,1271.0,1271.0,1273.0,1243.0,1263.0,253100
2023-08-14,1194.0,1194.0,1244.0,1176.0,1244.0,597300
2023-08-15,1216.0,1216.0,1219.0,1181.0,1193.0,201100
2023-08-16,1188.0,1188.0,1203.0,1183.0,1199.0,212000
2023-08-17,1174.0,1174.0,1179.0,1147.0,1179.0,291500
2023-08-18,1163.0,1163.0,1166.0,1141.0,1159.0,211300
2023-08-21,1189.0,1189.0,1197.0,1156.0,1156.0,179700
2023-08-22,1186.0,1186.0,1218.0,1182.0,1218.0,126200
2023-08-23,1194.0,1194.0,1194.0,1164.0,1175.0,139900
2023-08-24,1220.0,1220.0,1239.0,1211.0,1220.0,354800
2023-08-25,1231.0,1231.0,1244.0,1177.0,1196.0,281300
2023-08-28,1230.0,1230.0,1261.0,1223.0,1261.0,193600
2023-08-29,1263.0,1263.0,1267.0,1220.0,1230.0,188900
2023-08-30,1249.0,1249.0,1271.0,1248.0,1270.0,145900
2023-08-31,1239.0,1239.0,1247.0,1229.0,1235.0,256200
2023-09-01,1231.0,1231.0,1242.0,1217.0,1239.0,236300
2023-09-04,1230.0,1230.0,1247.0,1226.0,1230.0,154600
2023-09-05,1256.0,1256.0,1256.0,1230.0,1238.0,162200
2023-09-06,1243.0,1243.0,1257.0,1232.0,1256.0,217500
2023-09-07,1228.0,1228.0,1247.0,1228.0,1243.0,193700
