Date,Adj Close,Close,High,Low,Open,Volume
2001-01-04,1685.7021484375,3010.0,3050.0,3000.0,3050.0,4300
2001-01-05,1708.103515625,3050.0,3060.0,3010.0,3060.0,4600
2001-01-08,1708.103515625,3050.0,3050.0,3050.0,3050.0,0
2001-01-09,1708.103515625,3050.0,3080.0,3020.0,3080.0,4700
2001-01-10,1708.103515625,3050.0,3050.0,3000.0,3050.0,3000
2001-01-11,1696.9036865234375,3030.0,3050.0,3000.0,3040.0,2300
2001-01-12,1691.3026123046875,3020.0,3030.0,3000.0,3000.0,3300
2001-01-15,1685.7021484375,3010.0,3020.0,3000.0,3010.0,5500
2001-01-16,1691.3026123046875,3020.0,3020.0,3000.0,3010.0,3900
2001-01-17,1680.1024169921875,3000.0,3020.0,2950.0,2980.0,7100
2001-01-18,1708.103515625,3050.0,3050.0,2960.0,2990.0,14200
2001-01-19,1680.1024169921875,3000.0,3050.0,2950.0,3000.0,5100
2001-01-22,1680.1024169921875,3000.0,3040.0,2990.0,3030.0,3700
2001-01-23,1685.7021484375,3010.0,3020.0,2990.0,3020.0,3300
2001-01-24,1652.1005859375,2950.0,3020.0,2950.0,3020.0,10400
2001-01-25,1724.9053955078125,3080.0,3090.0,2970.0,2970.0,8900
2001-01-26,1691.3026123046875,3020.0,3180.0,3020.0,3180.0,12700
2001-01-29,1724.9053955078125,3080.0,3080.0,3040.0,3050.0,9100
2001-01-30,1708.103515625,3050.0,3150.0,3010.0,3080.0,28300
2001-01-31,1708.103515625,3050.0,3050.0,3000.0,3020.0,21700
2001-02-01,1691.3026123046875,3020.0,3060.0,3000.0,3060.0,6600
2001-02-02,1685.7021484375,3010.0,3020.0,3000.0,3010.0,6300
2001-02-05,1708.103515625,3050.0,3050.0,3000.0,3010.0,16500
2001-02-06,1657.700927734375,2960.0,3030.0,2960.0,3030.0,12200
2001-02-07,1668.901611328125,2980.0,2980.0,2940.0,2970.0,7600
2001-02-08,1657.700927734375,2960.0,2980.0,2960.0,2980.0,4700
2001-02-09,1663.3013916015625,2970.0,3000.0,2950.0,2950.0,6400
2001-02-12,1663.3013916015625,2970.0,2970.0,2970.0,2970.0,0
2001-02-13,1680.1024169921875,3000.0,3010.0,2980.0,3010.0,1900
2001-02-14,1702.50439453125,3040.0,3050.0,3000.0,3010.0,3600
2001-02-15,1713.70458984375,3060.0,3080.0,3050.0,3050.0,3100
2001-02-16,1713.70458984375,3060.0,3080.0,3060.0,3080.0,4800
2001-02-19,1747.306640625,3120.0,3130.0,3090.0,3100.0,3300
2001-02-20,1758.5068359375,3140.0,3160.0,3120.0,3120.0,15400
2001-02-21,1769.7076416015625,3160.0,3160.0,3120.0,3140.0,4300
2001-02-22,1797.7098388671875,3210.0,3210.0,3140.0,3160.0,5400
2001-02-23,1848.1126708984373,3300.0,3300.0,3170.0,3170.0,3400
2001-02-26,1864.9134521484373,3330.0,3330.0,3240.0,3250.0,3200
2001-02-27,1892.9150390625,3380.0,3400.0,3330.0,3400.0,23800
2001-02-28,1864.9134521484373,3330.0,3440.0,3330.0,3400.0,9200
2001-03-01,1808.9100341796875,3230.0,3260.0,3230.0,3250.0,4800
2001-03-02,1808.9100341796875,3230.0,3300.0,3230.0,3300.0,4900
2001-03-05,1792.1097412109375,3200.0,3200.0,3170.0,3200.0,1100
2001-03-06,1842.5125732421875,3290.0,3360.0,3210.0,3210.0,1900
2001-03-07,1836.9114990234373,3280.0,3300.0,3220.0,3300.0,5400
2001-03-08,1859.3134765625,3320.0,3320.0,3270.0,3280.0,6600
2001-03-09,1853.7130126953125,3310.0,3320.0,3300.0,3320.0,11800
2001-03-12,1764.1075439453125,3150.0,3350.0,3150.0,3350.0,8000
2001-03-13,1691.3026123046875,3020.0,3150.0,3020.0,3150.0,5200
2001-03-14,1691.3026123046875,3020.0,3020.0,3020.0,3020.0,0
2001-03-15,1836.9114990234373,3280.0,3280.0,3070.0,3110.0,4900
2001-03-16,1803.3092041015625,3220.0,3290.0,3220.0,3290.0,3300
2001-03-19,1836.9114990234373,3280.0,3300.0,3220.0,3220.0,2000
2001-03-20,1836.9114990234373,3280.0,3280.0,3280.0,3280.0,0
2001-03-21,1713.70458984375,3060.0,3340.0,3060.0,3280.0,8400
2001-03-22,1859.3134765625,3320.0,3340.0,3250.0,3340.0,12700
2001-03-23,1876.114013671875,3350.0,3370.0,3290.0,3340.0,8100
2001-03-26,1971.3201904296875,3520.0,3520.0,3410.0,3410.0,13800
2001-03-27,2005.308837890625,3540.0,3550.0,3430.0,3520.0,5200
2001-03-28,1988.3140869140625,3510.0,3510.0,3440.0,3440.0,4400
2001-03-29,1926.0018310546875,3400.0,3480.0,3400.0,3440.0,3500
2001-03-30,1903.34326171875,3360.0,3500.0,3350.0,3500.0,4400
2001-04-02,1897.67822265625,3350.0,3400.0,3300.0,3350.0,3900
2001-04-03,1965.6549072265625,3470.0,3490.0,3350.0,3350.0,3200
2001-04-04,1931.666259765625,3410.0,3490.0,3400.0,3420.0,4300
2001-04-05,1982.64990234375,3500.0,3560.0,3480.0,3480.0,10800
2001-04-06,1988.3140869140625,3510.0,3550.0,3500.0,3500.0,8200
2001-04-09,2005.308837890625,3540.0,3550.0,3480.0,3480.0,4400
2001-04-10,1999.643798828125,3530.0,3550.0,3510.0,3550.0,5200
2001-04-11,2050.6259765625,3620.0,3620.0,3530.0,3540.0,9000
2001-04-12,2033.6319580078125,3590.0,3620.0,3540.0,3600.0,3200
2001-04-13,2010.97265625,3550.0,3600.0,3550.0,3550.0,2800
2001-04-16,2084.6142578125,3680.0,3680.0,3600.0,3630.0,3800
2001-04-17,2056.290771484375,3630.0,3670.0,3600.0,3670.0,6800
2001-04-18,2061.954833984375,3640.0,3660.0,3610.0,3610.0,5200
2001-04-19,2095.943603515625,3700.0,3700.0,3650.0,3660.0,6100
2001-04-20,2073.28466796875,3660.0,3700.0,3650.0,3690.0,4400
2001-04-23,2095.943603515625,3700.0,3740.0,3650.0,3670.0,7000
2001-04-24,2152.590087890625,3800.0,3800.0,3650.0,3740.0,13400
2001-04-26,2180.914306640625,3850.0,3870.0,3800.0,3800.0,12100
2001-04-27,2226.232421875,3930.0,3980.0,3800.0,3900.0,13900
2001-04-30,2226.232421875,3930.0,3930.0,3930.0,3930.0,0
2001-05-01,2237.56201171875,3950.0,3950.0,3900.0,3930.0,9800
2001-05-02,2180.914306640625,3850.0,3950.0,3850.0,3950.0,6800
2001-05-04,2180.914306640625,3850.0,3850.0,3850.0,3850.0,0
2001-05-07,2209.23779296875,3900.0,3950.0,3820.0,3860.0,90
2001-05-08,2169.58544921875,3830.0,3850.0,3700.0,3800.0,40
2001-05-09,2124.2666015625,3750.0,3770.0,3650.0,3770.0,30
2001-05-10,2095.943603515625,3700.0,3700.0,3650.0,3650.0,30
2001-05-11,2095.943603515625,3700.0,3760.0,3670.0,3700.0,40
2001-05-14,2073.28466796875,3660.0,3690.0,3660.0,3690.0,20
2001-05-15,2101.608642578125,3710.0,3710.0,3640.0,3660.0,3400
2001-05-16,2067.6201171875,3650.0,3750.0,3650.0,3720.0,5300
2001-05-17,2090.279052734375,3690.0,3700.0,3650.0,3660.0,3100
2001-05-18,2090.279052734375,3690.0,3700.0,3650.0,3650.0,4900
2001-05-21,2158.25537109375,3810.0,3900.0,3800.0,3890.0,9200
2001-05-22,2135.5966796875,3770.0,3890.0,3770.0,3860.0,9000
2001-05-23,2158.25537109375,3810.0,3830.0,3780.0,3800.0,5600
2001-05-24,2084.6142578125,3680.0,3790.0,3660.0,3780.0,5600
2001-05-25,2112.9375,3730.0,3750.0,3680.0,3690.0,5100
2001-05-28,2112.9375,3730.0,3780.0,3730.0,3730.0,3300
2001-05-29,2101.608642578125,3710.0,3740.0,3700.0,3730.0,2100
2001-05-30,2095.943603515625,3700.0,3710.0,3680.0,3700.0,3600
2001-05-31,2067.6201171875,3650.0,3700.0,3600.0,3700.0,5000
2001-06-01,2084.6142578125,3680.0,3730.0,3630.0,3700.0,4500
2001-06-04,2101.608642578125,3710.0,3710.0,3610.0,3680.0,2100
2001-06-05,2107.273193359375,3720.0,3720.0,3660.0,3690.0,4900
2001-06-06,2078.948974609375,3670.0,3710.0,3660.0,3700.0,2200
2001-06-07,2090.279052734375,3690.0,3690.0,3600.0,3660.0,5800
2001-06-08,2033.6319580078125,3590.0,3610.0,3570.0,3570.0,16900
2001-06-11,2056.290771484375,3630.0,3640.0,3570.0,3600.0,2600
2001-06-12,1988.3140869140625,3510.0,3620.0,3510.0,3620.0,2800
2001-06-13,2061.954833984375,3640.0,3650.0,3500.0,3500.0,5100
2001-06-14,2022.302490234375,3570.0,3600.0,3510.0,3510.0,600
2001-06-15,1988.3140869140625,3510.0,3560.0,3510.0,3560.0,3500
2001-06-18,1988.3140869140625,3510.0,3530.0,3460.0,3500.0,4300
2001-06-19,1982.64990234375,3500.0,3570.0,3500.0,3500.0,2300
2001-06-20,2005.308837890625,3540.0,3560.0,3470.0,3480.0,3400
2001-06-21,2073.28466796875,3660.0,3660.0,3560.0,3560.0,4900
2001-06-22,2124.2666015625,3750.0,3750.0,3600.0,3640.0,11000
2001-06-25,2141.261474609375,3780.0,3840.0,3740.0,3800.0,7400
2001-06-26,2146.926025390625,3790.0,3800.0,3700.0,3780.0,6800
2001-06-27,2124.2666015625,3750.0,3790.0,3750.0,3790.0,4100
2001-06-28,2095.943603515625,3700.0,3790.0,3660.0,3760.0,11800
2001-06-29,2124.2666015625,3750.0,3770.0,3700.0,3750.0,9800
2001-07-02,2101.608642578125,3710.0,3750.0,3670.0,3750.0,4900
2001-07-03,2101.608642578125,3710.0,3720.0,3660.0,3660.0,3200
2001-07-04,2095.943603515625,3700.0,3710.0,3650.0,3710.0,900
2001-07-05,2067.6201171875,3650.0,3690.0,3650.0,3650.0,2700
2001-07-06,2039.2965087890625,3600.0,3650.0,3600.0,3630.0,3000
2001-07-09,2010.97265625,3550.0,3600.0,3510.0,3600.0,3800
2001-07-10,2010.97265625,3550.0,3570.0,3500.0,3510.0,5900
2001-07-11,1993.9788818359373,3520.0,3550.0,3500.0,3520.0,2700
2001-07-12,1993.9788818359373,3520.0,3530.0,3480.0,3500.0,2900
2001-07-13,2016.6365966796875,3560.0,3620.0,3520.0,3620.0,10800
2001-07-16,2039.2965087890625,3600.0,3600.0,3560.0,3560.0,2400
2001-07-17,2022.302490234375,3570.0,3650.0,3570.0,3600.0,11600
2001-07-18,2033.6319580078125,3590.0,3680.0,3570.0,3570.0,6500
2001-07-19,1982.64990234375,3500.0,3540.0,3450.0,3540.0,5500
2001-07-20,1982.64990234375,3500.0,3500.0,3500.0,3500.0,0
2001-07-23,1976.98486328125,3490.0,3540.0,3410.0,3540.0,9200
2001-07-24,1993.9788818359373,3520.0,3520.0,3440.0,3490.0,6800
2001-07-25,1993.9788818359373,3520.0,3550.0,3420.0,3470.0,3200
2001-07-26,2044.9609375,3610.0,3610.0,3510.0,3510.0,2800
2001-07-27,2090.279052734375,3690.0,3700.0,3580.0,3640.0,3600
2001-07-30,1971.3199462890625,3480.0,3690.0,3480.0,3690.0,2200
2001-07-31,2039.2965087890625,3600.0,3640.0,3590.0,3600.0,4400
2001-08-01,2050.6259765625,3620.0,3650.0,3610.0,3640.0,2800
2001-08-02,2067.6201171875,3650.0,3680.0,3600.0,3630.0,7200
2001-08-03,2090.279052734375,3690.0,3690.0,3620.0,3650.0,9100
2001-08-06,2050.6259765625,3620.0,3650.0,3600.0,3640.0,1500
2001-08-07,2107.273193359375,3720.0,3720.0,3610.0,3610.0,8700
2001-08-08,2067.6201171875,3650.0,3710.0,3550.0,3700.0,4400
2001-08-09,2078.948974609375,3670.0,3700.0,3650.0,3650.0,3400
2001-08-10,2078.948974609375,3670.0,3670.0,3530.0,3530.0,2900
2001-08-13,2005.308837890625,3540.0,3580.0,3510.0,3570.0,3000
2001-08-14,2010.97265625,3550.0,3600.0,3550.0,3560.0,1500
2001-08-15,2027.9669189453125,3580.0,3650.0,3580.0,3650.0,4700
2001-08-16,2022.302490234375,3570.0,3600.0,3570.0,3570.0,3400
2001-08-17,2027.9669189453125,3580.0,3600.0,3580.0,3580.0,3300
2001-08-20,2022.302490234375,3570.0,3590.0,3540.0,3590.0,2000
2001-08-21,2027.9669189453125,3580.0,3580.0,3550.0,3570.0,3000
2001-08-22,2039.2965087890625,3600.0,3630.0,3570.0,3580.0,5100
2001-08-23,2033.6319580078125,3590.0,3650.0,3590.0,3650.0,2100
2001-08-24,2039.2965087890625,3600.0,3650.0,3530.0,3590.0,2400
2001-08-27,2050.6259765625,3620.0,3650.0,3600.0,3600.0,6400
2001-08-28,2050.6259765625,3620.0,3620.0,3600.0,3600.0,1500
2001-08-29,2016.6365966796875,3560.0,3600.0,3560.0,3600.0,2300
2001-08-30,2010.97265625,3550.0,3560.0,3510.0,3560.0,3300
2001-08-31,1982.64990234375,3500.0,3600.0,3500.0,3600.0,5100
2001-09-03,1903.34326171875,3360.0,3450.0,3350.0,3350.0,2500
2001-09-04,1886.349365234375,3330.0,3330.0,3210.0,3210.0,4100
2001-09-05,1869.354736328125,3300.0,3340.0,3300.0,3330.0,2100
2001-09-06,1897.67822265625,3350.0,3350.0,3300.0,3300.0,1600
2001-09-07,1869.354736328125,3300.0,3350.0,3300.0,3310.0,3500
2001-09-10,1818.3726806640625,3210.0,3250.0,3210.0,3230.0,3100
2001-09-11,1790.04931640625,3160.0,3200.0,3150.0,3200.0,3000
2001-09-12,1705.0782470703125,3010.0,3040.0,3000.0,3000.0,3900
2001-09-13,1699.41357421875,3000.0,3000.0,2950.0,3000.0,6900
2001-09-14,1835.3668212890625,3240.0,3240.0,3040.0,3040.0,6400
2001-09-17,1727.7374267578125,3050.0,3100.0,3050.0,3100.0,2300
2001-09-18,1756.0611572265625,3100.0,3180.0,3100.0,3150.0,1700
2001-09-19,1812.707763671875,3200.0,3250.0,3100.0,3110.0,2900
2001-09-20,1841.0316162109373,3250.0,3250.0,3110.0,3200.0,9600
2001-09-21,1784.384765625,3150.0,3150.0,3120.0,3120.0,4600
2001-09-24,1784.384765625,3150.0,3150.0,3150.0,3150.0,0
2001-09-25,1807.3350830078125,3150.0,3240.0,3150.0,3210.0,2100
2001-09-26,1836.022216796875,3200.0,3220.0,3120.0,3120.0,3900
2001-09-27,1876.1859130859373,3270.0,3290.0,3230.0,3260.0,2800
2001-09-28,1876.1859130859373,3270.0,3270.0,3270.0,3270.0,0
2001-10-01,1973.7239990234373,3440.0,3500.0,3350.0,3450.0,5800
2001-10-02,2059.7880859375,3590.0,3590.0,3470.0,3480.0,4300
2001-10-03,2088.474853515625,3640.0,3640.0,3550.0,3610.0,3300
2001-10-04,2094.213134765625,3650.0,3690.0,3550.0,3680.0,5900
2001-10-05,2071.262939453125,3610.0,3630.0,3580.0,3620.0,900
2001-10-08,2071.262939453125,3610.0,3610.0,3610.0,3610.0,0
2001-10-09,2019.6248779296875,3520.0,3570.0,3450.0,3560.0,2500
2001-10-10,2042.5743408203125,3560.0,3560.0,3500.0,3520.0,2800
2001-10-11,2065.525146484375,3600.0,3600.0,3530.0,3600.0,3900
2001-10-12,2065.525146484375,3600.0,3600.0,3510.0,3510.0,2600
2001-10-15,2048.3125,3570.0,3570.0,3460.0,3460.0,2200
2001-10-16,2019.6248779296875,3520.0,3570.0,3490.0,3570.0,1400
2001-10-17,2008.1505126953125,3500.0,3550.0,3480.0,3480.0,3100
2001-10-18,1973.7239990234373,3440.0,3480.0,3360.0,3450.0,3100
2001-10-19,1979.4617919921875,3450.0,3450.0,3400.0,3410.0,2000
2001-10-22,1950.7734375,3400.0,3600.0,3400.0,3600.0,8100
2001-10-23,1979.4617919921875,3450.0,3500.0,3450.0,3450.0,2700
2001-10-24,2054.050048828125,3580.0,3580.0,3500.0,3540.0,4500
2001-10-25,2036.8372802734373,3550.0,3580.0,3510.0,3570.0,5700
2001-10-26,2013.886962890625,3510.0,3580.0,3510.0,3580.0,3800
2001-10-29,2031.100341796875,3540.0,3550.0,3510.0,3550.0,9100
2001-10-30,2031.100341796875,3540.0,3550.0,3480.0,3510.0,5100
2001-10-31,2054.050048828125,3580.0,3580.0,3500.0,3560.0,13600
2001-11-01,2059.7880859375,3590.0,3640.0,3540.0,3580.0,10800
2001-11-02,2088.474853515625,3640.0,3650.0,3620.0,3630.0,9500
2001-11-05,2071.262939453125,3610.0,3690.0,3540.0,3650.0,7800
2001-11-06,2077.00048828125,3620.0,3650.0,3600.0,3610.0,6300
2001-11-07,2082.73828125,3630.0,3640.0,3570.0,3620.0,5400
2001-11-08,2065.525146484375,3600.0,3600.0,3580.0,3590.0,3100
2001-11-09,2065.525146484375,3600.0,3600.0,3600.0,3600.0,0
2001-11-12,2013.886962890625,3510.0,3520.0,3480.0,3510.0,2900
2001-11-13,2025.36279296875,3530.0,3530.0,3410.0,3410.0,3200
2001-11-14,1967.9874267578125,3430.0,3520.0,3400.0,3520.0,3000
2001-11-15,2002.4122314453125,3490.0,3490.0,3350.0,3350.0,3000
2001-11-16,1985.198974609375,3460.0,3490.0,3420.0,3460.0,2600
2001-11-19,1990.9366455078125,3470.0,3490.0,3420.0,3420.0,1400
2001-11-20,1922.0859375,3350.0,3450.0,3350.0,3410.0,2400
2001-11-21,1967.9874267578125,3430.0,3440.0,3350.0,3350.0,4100
2001-11-22,1922.0859375,3350.0,3360.0,3220.0,3360.0,10700
2001-11-23,1922.0859375,3350.0,3350.0,3350.0,3350.0,0
2001-11-26,1922.0859375,3350.0,3360.0,3330.0,3330.0,7100
2001-11-27,1945.0361328125,3390.0,3420.0,3380.0,3390.0,4200
2001-11-28,1916.348388671875,3340.0,3390.0,3340.0,3360.0,9300
2001-11-29,1985.198974609375,3460.0,3480.0,3340.0,3340.0,4500
2001-11-30,2031.100341796875,3540.0,3590.0,3480.0,3520.0,22800
2001-12-03,2214.702392578125,3860.0,3920.0,3540.0,3550.0,91300
2001-12-04,2180.276123046875,3800.0,3900.0,3710.0,3860.0,114200
2001-12-05,2272.077880859375,3960.0,4040.0,3780.0,3810.0,208100
2001-12-06,2249.127197265625,3920.0,3950.0,3800.0,3910.0,69100
2001-12-07,2375.3544921875,4140.0,4140.0,3850.0,3900.0,108800
2001-12-10,2438.46728515625,4250.0,4280.0,4020.0,4110.0,128000
2001-12-11,2346.6669921875,4090.0,4210.0,4090.0,4190.0,49500
2001-12-12,2300.76611328125,4010.0,4150.0,3900.0,4090.0,67400
2001-12-13,2467.155517578125,4300.0,4300.0,3950.0,4010.0,172300
2001-12-14,2581.906982421875,4500.0,4550.0,4250.0,4300.0,231400
2001-12-17,2467.155517578125,4300.0,4500.0,4280.0,4500.0,54400
2001-12-18,2426.992431640625,4230.0,4350.0,4120.0,4300.0,56400
2001-12-19,2438.46728515625,4250.0,4250.0,4030.0,4130.0,43400
2001-12-20,2547.48095703125,4440.0,4450.0,4150.0,4250.0,40900
2001-12-21,2472.892578125,4310.0,4400.0,4250.0,4350.0,32700
2001-12-24,2472.892578125,4310.0,4310.0,4310.0,4310.0,0
2001-12-25,2409.779541015625,4200.0,4220.0,4050.0,4160.0,29600
2001-12-26,2392.56689453125,4170.0,4200.0,4090.0,4120.0,26800
2001-12-27,2404.042236328125,4190.0,4200.0,4090.0,4120.0,20100
2001-12-28,2438.46728515625,4250.0,4250.0,4170.0,4200.0,14200
2002-01-03,2438.46728515625,4250.0,4250.0,4250.0,4250.0,0
2002-01-04,2444.204833984375,4260.0,4300.0,4230.0,4250.0,8600
2002-01-07,2501.580078125,4360.0,4400.0,4190.0,4250.0,37700
2002-01-08,2421.255126953125,4220.0,4350.0,4210.0,4340.0,29400
2002-01-09,2415.51806640625,4210.0,4270.0,4140.0,4140.0,29500
2002-01-10,2404.042236328125,4190.0,4250.0,4150.0,4250.0,12000
2002-01-11,2340.928466796875,4080.0,4220.0,4080.0,4200.0,28200
2002-01-14,2340.928466796875,4080.0,4080.0,4080.0,4080.0,0
2002-01-15,2306.5029296875,4020.0,4070.0,3970.0,3980.0,27000
2002-01-16,2375.3544921875,4140.0,4160.0,4020.0,4030.0,28100
2002-01-17,2461.41796875,4290.0,4340.0,4180.0,4190.0,68800
2002-01-18,2604.85693359375,4540.0,4600.0,4320.0,4390.0,145100
2002-01-21,2667.970458984375,4650.0,4700.0,4540.0,4600.0,109100
2002-01-22,2581.906982421875,4500.0,4670.0,4480.0,4670.0,38200
2002-01-23,2616.331787109375,4560.0,4580.0,4400.0,4400.0,29300
2002-01-24,2719.608642578125,4740.0,4790.0,4600.0,4600.0,81500
2002-01-25,2765.50927734375,4820.0,4880.0,4720.0,4800.0,56200
2002-01-28,2742.55908203125,4780.0,4880.0,4730.0,4770.0,41500
2002-01-29,2702.395751953125,4710.0,4750.0,4660.0,4680.0,21500
2002-01-30,2639.2822265625,4600.0,4650.0,4560.0,4610.0,31000
2002-01-31,2639.2822265625,4600.0,4600.0,4600.0,4600.0,0
2002-02-01,2645.01953125,4610.0,4700.0,4550.0,4700.0,18900
2002-02-04,2530.268310546875,4410.0,4560.0,4400.0,4520.0,40700
2002-02-05,2599.119384765625,4530.0,4600.0,4320.0,4320.0,41300
2002-02-06,2604.85693359375,4540.0,4580.0,4490.0,4580.0,15300
2002-02-07,2679.445068359375,4670.0,4730.0,4570.0,4570.0,30200
2002-02-08,2754.034423828125,4800.0,4830.0,4690.0,4700.0,58600
2002-02-11,2754.034423828125,4800.0,4800.0,4800.0,4800.0,0
2002-02-12,2696.658447265625,4700.0,4900.0,4700.0,4800.0,52700
2002-02-13,2754.034423828125,4800.0,4870.0,4750.0,4800.0,40700
2002-02-14,2696.658447265625,4700.0,4850.0,4700.0,4830.0,25300
2002-02-15,2897.473876953125,5050.0,5100.0,4700.0,4720.0,139600
2002-02-18,2937.635986328125,5120.0,5170.0,5080.0,5080.0,71000
2002-02-19,2834.35986328125,4940.0,5150.0,4880.0,5140.0,41700
2002-02-20,2863.047607421875,4990.0,5030.0,4910.0,4940.0,52100
2002-02-21,2926.160400390625,5100.0,5110.0,4930.0,4960.0,51200
2002-02-22,2885.998046875,5030.0,5100.0,5000.0,5090.0,30700
2002-02-25,2977.799072265625,5190.0,5200.0,5040.0,5040.0,49100
2002-02-26,3006.4873046875,5240.0,5260.0,5120.0,5180.0,79700
2002-02-27,3006.4873046875,5240.0,5280.0,5190.0,5220.0,62200
2002-02-28,2931.899169921875,5110.0,5300.0,5110.0,5240.0,74500
2002-03-01,2989.274169921875,5210.0,5280.0,5100.0,5100.0,56900
2002-03-04,3058.12451171875,5330.0,5340.0,5210.0,5210.0,66100
2002-03-05,3012.22412109375,5250.0,5380.0,5200.0,5370.0,42600
2002-03-06,3431.067138671875,5980.0,6090.0,5450.0,5500.0,552100
2002-03-07,3442.5419921875,6000.0,6170.0,5900.0,6040.0,193100
2002-03-08,3310.578125,5770.0,6010.0,5720.0,5900.0,124000
2002-03-11,3287.627685546875,5730.0,5820.0,5640.0,5730.0,92000
2002-03-12,3505.656005859375,6110.0,6190.0,5740.0,5800.0,190000
2002-03-13,3482.705078125,6070.0,6200.0,5940.0,6100.0,124900
2002-03-14,3694.995849609375,6440.0,6530.0,6150.0,6170.0,347300
2002-03-15,3786.796142578125,6600.0,6600.0,6440.0,6540.0,175100
2002-03-18,3821.2216796875,6660.0,6950.0,6650.0,6650.0,210500
2002-03-19,3878.59716796875,6760.0,6820.0,6600.0,6600.0,147900
2002-03-20,4062.20068359375,7080.0,7100.0,6890.0,6960.0,217700
2002-03-21,4062.20068359375,7080.0,7080.0,7080.0,7080.0,0
2002-03-22,4234.3271484375,7380.0,7440.0,7090.0,7160.0,232900
2002-03-25,4044.98681640625,7050.0,7580.0,7010.0,7580.0,170300
2002-03-26,4166.16357421875,7220.0,7320.0,6910.0,6910.0,140300
2002-03-27,4500.841796875,7800.0,7800.0,7250.0,7300.0,255500
2002-03-28,4373.89453125,7580.0,7980.0,7570.0,7860.0,262800
2002-03-29,4425.82861328125,7670.0,7840.0,7510.0,7570.0,100400
2002-04-01,4356.58349609375,7550.0,7870.0,7530.0,7700.0,126900
2002-04-02,4044.987548828125,7010.0,7490.0,6860.0,7400.0,312000
2002-04-03,4270.02880859375,7400.0,7470.0,6800.0,6950.0,307000
2002-04-04,4016.135498046875,6960.0,7300.0,6960.0,7300.0,210300
2002-04-05,4050.75732421875,7020.0,7170.0,6980.0,7010.0,117800
2002-04-08,4004.5947265625,6940.0,7100.0,6850.0,7050.0,103700
2002-04-09,3912.26953125,6780.0,7000.0,6730.0,6920.0,124300
2002-04-10,4016.135498046875,6960.0,7030.0,6680.0,6680.0,123400
2002-04-11,3866.107177734375,6700.0,7060.0,6630.0,7050.0,81700
2002-04-12,3721.850830078125,6450.0,6710.0,6450.0,6600.0,99100
2002-04-15,3952.662109375,6850.0,6870.0,6500.0,6500.0,162400
2002-04-16,3969.97265625,6880.0,6970.0,6800.0,6950.0,111200
2002-04-17,3958.433837890625,6860.0,6950.0,6720.0,6910.0,67300
2002-04-18,3906.4990234375,6770.0,6860.0,6620.0,6860.0,41200
2002-04-19,3993.05322265625,6920.0,6930.0,6650.0,6670.0,86400
2002-04-22,3987.28369140625,6910.0,7000.0,6870.0,6920.0,70400
2002-04-23,3923.809814453125,6800.0,6890.0,6770.0,6890.0,35400
2002-04-24,3906.4990234375,6770.0,6820.0,6720.0,6800.0,37500
2002-04-25,3819.944580078125,6620.0,6750.0,6620.0,6750.0,49700
2002-04-26,3837.25634765625,6650.0,6700.0,6510.0,6630.0,52300
2002-04-30,3669.91796875,6360.0,6630.0,6350.0,6630.0,53200
2002-05-01,3894.958740234375,6750.0,6790.0,6410.0,6460.0,142800
2002-05-02,3837.25634765625,6650.0,6850.0,6590.0,6850.0,98600
2002-05-06,3837.25634765625,6650.0,6650.0,6650.0,6650.0,0
2002-05-07,3785.322998046875,6560.0,6630.0,6470.0,6470.0,30700
2002-05-08,3819.944580078125,6620.0,6680.0,6560.0,6660.0,28500
2002-05-09,3889.1884765625,6740.0,6740.0,6600.0,6710.0,51100
2002-05-10,3796.865234375,6580.0,6720.0,6570.0,6720.0,27600
2002-05-13,3779.55322265625,6550.0,6560.0,6430.0,6430.0,30000
2002-05-14,3692.998046875,6400.0,6600.0,6380.0,6560.0,33300
2002-05-15,3704.5390625,6420.0,6480.0,6410.0,6450.0,28100
2002-05-16,3739.1611328125,6480.0,6480.0,6400.0,6410.0,18300
2002-05-17,3721.850830078125,6450.0,6570.0,6450.0,6550.0,31200
2002-05-20,3808.404052734375,6600.0,6670.0,6460.0,6460.0,36100
2002-05-21,3993.05322265625,6920.0,6950.0,6600.0,6600.0,147500
2002-05-22,4050.75732421875,7020.0,7130.0,6960.0,6990.0,228500
2002-05-23,4016.135498046875,6960.0,7090.0,6960.0,7090.0,76400
2002-05-24,4010.364990234375,6950.0,6980.0,6840.0,6960.0,32600
2002-05-27,4131.54150390625,7160.0,7220.0,6970.0,6990.0,151500
2002-05-28,4154.623046875,7200.0,7270.0,7150.0,7230.0,134700
2002-05-29,4114.2314453125,7130.0,7150.0,7030.0,7100.0,33900
2002-05-30,4073.83935546875,7060.0,7120.0,7010.0,7070.0,25900
2002-05-31,4096.9189453125,7100.0,7260.0,7100.0,7160.0,82000
2002-06-03,4096.9189453125,7100.0,7160.0,6970.0,7160.0,44700
2002-06-04,3993.05322265625,6920.0,7090.0,6870.0,6990.0,35800
2002-06-05,3969.97265625,6880.0,6970.0,6870.0,6870.0,23000
2002-06-06,3969.97265625,6880.0,6900.0,6760.0,6890.0,29900
2002-06-07,3877.64794921875,6720.0,6780.0,6700.0,6780.0,20200
2002-06-10,3773.783203125,6540.0,6700.0,6530.0,6660.0,41800
2002-06-11,3773.783203125,6540.0,6540.0,6470.0,6540.0,33300
2002-06-12,3727.620849609375,6460.0,6560.0,6450.0,6560.0,26200
2002-06-13,3664.146728515625,6350.0,6530.0,6290.0,6480.0,30900
2002-06-14,3519.88916015625,6100.0,6260.0,6050.0,6250.0,74900
2002-06-17,3381.401611328125,5860.0,6070.0,5800.0,6070.0,54900
2002-06-18,3439.10498046875,5960.0,5960.0,5860.0,5910.0,58900
2002-06-19,3364.090087890625,5830.0,6050.0,5780.0,6000.0,24500
2002-06-20,3439.10498046875,5960.0,5960.0,5700.0,5730.0,31100
2002-06-21,3444.875244140625,5970.0,6150.0,5920.0,6150.0,28300
2002-06-24,3410.2529296875,5910.0,6010.0,5710.0,5710.0,30900
2002-06-25,3444.875244140625,5970.0,6020.0,5910.0,6000.0,17800
2002-06-26,3381.401611328125,5860.0,5970.0,5850.0,5900.0,23100
2002-06-27,3398.71240234375,5890.0,5920.0,5850.0,5860.0,25600
2002-06-28,3456.4150390625,5990.0,5990.0,5860.0,5900.0,31700
2002-07-01,3421.79345703125,5930.0,6050.0,5910.0,5990.0,16600
2002-07-02,3427.564697265625,5940.0,5940.0,5800.0,5900.0,21600
2002-07-03,3514.119140625,6090.0,6180.0,5890.0,5940.0,27000
2002-07-04,3462.185302734375,6000.0,6170.0,6000.0,6170.0,17600
2002-07-05,3450.6455078125,5980.0,6170.0,5950.0,6020.0,16000
2002-07-08,3462.185302734375,6000.0,6170.0,6000.0,6080.0,15500
2002-07-09,3646.836181640625,6320.0,6380.0,6030.0,6170.0,33500
2002-07-10,3641.065185546875,6310.0,6450.0,6280.0,6420.0,31400
2002-07-11,3525.65966796875,6110.0,6210.0,6100.0,6200.0,16300
2002-07-12,3519.88916015625,6100.0,6300.0,6090.0,6210.0,24500
2002-07-15,3519.88916015625,6100.0,6110.0,6010.0,6090.0,22200
2002-07-16,3502.578125,6070.0,6130.0,6030.0,6110.0,17500
2002-07-17,3433.33447265625,5950.0,6050.0,5910.0,6050.0,26800
2002-07-18,3450.6455078125,5980.0,6050.0,5980.0,6040.0,31700
2002-07-19,3352.55029296875,5810.0,5940.0,5760.0,5900.0,34200
2002-07-22,3271.766357421875,5670.0,5730.0,5650.0,5650.0,33500
2002-07-23,3346.77978515625,5800.0,5870.0,5650.0,5680.0,39100
2002-07-24,3577.592529296875,6200.0,6200.0,5730.0,5730.0,70600
2002-07-25,3502.578125,6070.0,6160.0,6000.0,6150.0,46400
2002-07-26,3202.52197265625,5550.0,5840.0,5510.0,5800.0,64500
2002-07-29,3104.42626953125,5380.0,5690.0,5380.0,5650.0,44700
2002-07-30,3167.900634765625,5490.0,5580.0,5430.0,5580.0,35000
2002-07-31,3133.27783203125,5430.0,5440.0,5380.0,5410.0,16900
2002-08-01,3069.804443359375,5320.0,5380.0,5270.0,5370.0,22100
2002-08-02,2977.47998046875,5160.0,5320.0,5160.0,5250.0,33700
2002-08-05,3029.41259765625,5250.0,5320.0,5140.0,5150.0,21600
2002-08-06,2885.155517578125,5000.0,5220.0,5000.0,5190.0,36100
2002-08-07,2989.02099609375,5180.0,5200.0,5070.0,5200.0,16800
2002-08-08,3040.954345703125,5270.0,5390.0,5210.0,5310.0,37000
2002-08-09,3064.03466796875,5310.0,5470.0,5270.0,5470.0,35900
2002-08-12,2925.546630859375,5070.0,5280.0,5030.0,5280.0,17700
2002-08-13,2821.680908203125,4890.0,5030.0,4820.0,5000.0,36800
2002-08-14,2821.680908203125,4890.0,4890.0,4800.0,4890.0,21100
2002-08-15,2838.99267578125,4920.0,4960.0,4900.0,4940.0,12900
2002-08-16,2914.00732421875,5050.0,5050.0,4930.0,4970.0,17800
2002-08-19,2879.384765625,4990.0,5050.0,4990.0,5050.0,16500
2002-08-20,2885.155517578125,5000.0,5000.0,4950.0,4990.0,9000
2002-08-21,2914.00732421875,5050.0,5070.0,4950.0,4950.0,19300
2002-08-22,2798.600830078125,4850.0,4940.0,4720.0,4920.0,50100
2002-08-23,2798.600830078125,4850.0,4850.0,4850.0,4850.0,0
2002-08-26,2879.384765625,4990.0,5000.0,4800.0,4800.0,15200
2002-08-27,2896.69580078125,5020.0,5040.0,4970.0,5000.0,11000
2002-08-28,2815.910888671875,4880.0,5010.0,4830.0,5000.0,14000
2002-08-29,2723.586669921875,4720.0,4870.0,4720.0,4860.0,19700
2002-08-30,2735.127197265625,4740.0,4760.0,4670.0,4750.0,22300
2002-09-02,2665.88232421875,4620.0,4760.0,4610.0,4760.0,10000
2002-09-03,2567.787841796875,4450.0,4630.0,4450.0,4630.0,21000
2002-09-04,2510.08447265625,4350.0,4390.0,4330.0,4350.0,18700
2002-09-05,2613.9501953125,4530.0,4540.0,4400.0,4400.0,15300
2002-09-06,2550.47607421875,4420.0,4420.0,4350.0,4400.0,6900
2002-09-09,2538.935791015625,4400.0,4540.0,4400.0,4500.0,10300
2002-09-10,2590.869873046875,4490.0,4490.0,4370.0,4400.0,15300
2002-09-11,2654.342529296875,4600.0,4600.0,4510.0,4510.0,13400
2002-09-12,2625.49072265625,4550.0,4600.0,4490.0,4550.0,13800
2002-09-13,2527.3955078125,4380.0,4400.0,4290.0,4300.0,40900
2002-09-16,2527.3955078125,4380.0,4380.0,4380.0,4380.0,0
2002-09-17,2585.09912109375,4480.0,4480.0,4390.0,4400.0,9300
2002-09-18,2469.69287109375,4280.0,4510.0,4200.0,4510.0,16100
2002-09-19,2400.449462890625,4160.0,4530.0,4160.0,4480.0,20300
2002-09-20,2394.677490234375,4150.0,4260.0,4150.0,4180.0,20400
2002-09-23,2394.677490234375,4150.0,4150.0,4150.0,4150.0,0
2002-09-24,2452.381591796875,4250.0,4250.0,4110.0,4150.0,14300
2002-09-25,2440.7314453125,4190.0,4190.0,4110.0,4140.0,9400
2002-09-26,2429.0810546875,4170.0,4240.0,4140.0,4190.0,16100
2002-09-27,2429.0810546875,4170.0,4200.0,4150.0,4180.0,24600
2002-09-30,2417.429931640625,4150.0,4200.0,4120.0,4150.0,6900
2002-10-01,2347.529296875,4030.0,4110.0,3970.0,4110.0,25500
2002-10-02,2260.15283203125,3880.0,4080.0,3880.0,4050.0,16800
2002-10-03,2236.851806640625,3840.0,3880.0,3820.0,3880.0,18500
2002-10-04,2277.62744140625,3910.0,3920.0,3800.0,3830.0,23900
2002-10-07,2201.901123046875,3780.0,3950.0,3780.0,3950.0,14000
2002-10-08,2184.42529296875,3750.0,3790.0,3700.0,3780.0,29200
2002-10-09,2190.2509765625,3760.0,3770.0,3710.0,3720.0,17000
2002-10-10,2190.2509765625,3760.0,3800.0,3700.0,3720.0,26200
2002-10-11,2213.55078125,3800.0,3860.0,3780.0,3860.0,13600
2002-10-14,2213.55078125,3800.0,3800.0,3800.0,3800.0,0
2002-10-15,2295.102783203125,3940.0,3960.0,3880.0,3880.0,9200
2002-10-16,2365.00537109375,4060.0,4150.0,4020.0,4030.0,25700
2002-10-17,2423.256103515625,4160.0,4190.0,4060.0,4060.0,17600
2002-10-18,2533.933349609375,4350.0,4360.0,4180.0,4180.0,29400
2002-10-21,2621.31103515625,4500.0,4520.0,4340.0,4350.0,39500
2002-10-22,2539.759033203125,4360.0,4550.0,4330.0,4510.0,27600
2002-10-23,2755.288330078125,4730.0,4730.0,4260.0,4260.0,38500
2002-10-24,2667.91259765625,4580.0,4720.0,4480.0,4720.0,16300
2002-10-25,2673.737060546875,4590.0,4590.0,4490.0,4530.0,14400
2002-10-28,2586.3603515625,4440.0,4590.0,4410.0,4590.0,11900
2002-10-29,2464.031982421875,4230.0,4260.0,4190.0,4220.0,37000
2002-10-30,2452.381591796875,4210.0,4230.0,4200.0,4230.0,18400
2002-10-31,2399.956298828125,4120.0,4260.0,4120.0,4220.0,13500
2002-11-01,2423.256103515625,4160.0,4210.0,4050.0,4140.0,13600
2002-11-04,2423.256103515625,4160.0,4160.0,4160.0,4160.0,0
2002-11-05,2481.50732421875,4260.0,4300.0,4160.0,4170.0,16400
2002-11-06,2452.381591796875,4210.0,4350.0,4180.0,4300.0,11500
2002-11-07,2370.829833984375,4070.0,4220.0,4070.0,4220.0,16800
2002-11-08,2324.229248046875,3990.0,4030.0,3970.0,3990.0,15800
2002-11-11,2190.2509765625,3760.0,3950.0,3760.0,3950.0,27900
2002-11-12,2178.6005859375,3740.0,3780.0,3690.0,3740.0,29700
2002-11-13,2091.22314453125,3590.0,3740.0,3580.0,3740.0,17000
2002-11-14,1963.0697021484373,3370.0,3540.0,3370.0,3530.0,28500
2002-11-15,1869.868408203125,3210.0,3430.0,3210.0,3410.0,44100
2002-11-18,1834.9176025390625,3150.0,3240.0,3100.0,3240.0,43800
2002-11-19,1759.19091796875,3020.0,3110.0,3000.0,3090.0,38300
2002-11-20,1799.9664306640625,3090.0,3090.0,2970.0,3020.0,48700
2002-11-21,1864.0430908203125,3200.0,3250.0,3090.0,3190.0,44600
2002-11-22,1893.1690673828125,3250.0,3290.0,3180.0,3240.0,44300
2002-11-25,2097.049072265625,3600.0,3770.0,3380.0,3400.0,154200
2002-11-26,2056.2724609375,3530.0,3800.0,3470.0,3680.0,149300
2002-11-27,1974.7203369140625,3390.0,3440.0,3360.0,3430.0,64200
2002-11-28,2032.9715576171875,3490.0,3540.0,3440.0,3540.0,70500
2002-11-29,1998.0213623046875,3430.0,3500.0,3420.0,3500.0,69800
2002-12-02,1998.0213623046875,3430.0,3430.0,3430.0,3430.0,0
2002-12-03,1904.8193359375,3270.0,3380.0,3260.0,3350.0,44200
2002-12-04,1811.6165771484373,3110.0,3280.0,3110.0,3280.0,40500
2002-12-05,1864.0430908203125,3200.0,3220.0,3150.0,3210.0,25500
2002-12-06,1858.2177734375,3190.0,3200.0,3160.0,3200.0,23200
2002-12-09,1834.9176025390625,3150.0,3180.0,3150.0,3170.0,17300
2002-12-10,1805.7916259765625,3100.0,3120.0,3020.0,3050.0,32100
2002-12-11,1805.7916259765625,3100.0,3150.0,3080.0,3100.0,42100
2002-12-12,1788.316650390625,3070.0,3100.0,3050.0,3090.0,24200
2002-12-13,1799.9664306640625,3090.0,3100.0,3050.0,3070.0,43700
2002-12-16,1765.0162353515625,3030.0,3090.0,3020.0,3080.0,29700
2002-12-17,1759.19091796875,3020.0,3080.0,3010.0,3080.0,22300
2002-12-18,1735.89013671875,2980.0,3010.0,2970.0,3010.0,27900
2002-12-19,1765.0162353515625,3030.0,3030.0,2900.0,2980.0,20100
2002-12-20,1747.54052734375,3000.0,3050.0,2980.0,3020.0,18100
2002-12-23,1747.54052734375,3000.0,3000.0,3000.0,3000.0,0
2002-12-24,1753.36572265625,3010.0,3030.0,2970.0,3020.0,15600
2002-12-25,1951.4195556640625,3350.0,3450.0,3120.0,3160.0,130500
2002-12-26,1968.89599609375,3380.0,3450.0,3230.0,3400.0,81400
2002-12-27,1957.245361328125,3360.0,3420.0,3330.0,3380.0,29700
2002-12-30,1951.4195556640625,3350.0,3360.0,3300.0,3340.0,12200
2003-01-06,1980.546142578125,3400.0,3450.0,3380.0,3450.0,15800
2003-01-07,1951.4195556640625,3350.0,3440.0,3350.0,3400.0,18500
2003-01-08,1893.1690673828125,3250.0,3320.0,3240.0,3320.0,18500
2003-01-09,1887.3433837890625,3240.0,3250.0,3150.0,3150.0,22900
2003-01-10,1846.5682373046875,3170.0,3240.0,3160.0,3210.0,15000
2003-01-13,1846.5682373046875,3170.0,3170.0,3170.0,3170.0,0
2003-01-14,1869.868408203125,3210.0,3220.0,3160.0,3160.0,8600
2003-01-15,1904.8193359375,3270.0,3270.0,3190.0,3190.0,11300
2003-01-16,1881.5179443359373,3230.0,3250.0,3200.0,3250.0,17700
2003-01-17,1957.245361328125,3360.0,3360.0,3200.0,3220.0,34500
2003-01-20,1916.4696044921875,3290.0,3340.0,3260.0,3310.0,18400
2003-01-21,1928.1195068359373,3310.0,3310.0,3220.0,3260.0,17000
2003-01-22,1887.3433837890625,3240.0,3320.0,3240.0,3300.0,18400
2003-01-23,1881.5179443359373,3230.0,3290.0,3210.0,3230.0,31400
2003-01-24,1928.1195068359373,3310.0,3380.0,3250.0,3250.0,39700
2003-01-27,1881.5179443359373,3230.0,3310.0,3230.0,3280.0,22100
2003-01-28,1893.1690673828125,3250.0,3280.0,3220.0,3220.0,19400
2003-01-29,1852.39306640625,3180.0,3250.0,3180.0,3250.0,15200
2003-01-30,1840.742919921875,3160.0,3190.0,3130.0,3180.0,14200
2003-01-31,1823.2672119140625,3130.0,3170.0,3110.0,3160.0,18400
2003-02-03,1840.742919921875,3160.0,3190.0,3130.0,3130.0,18900
2003-02-04,1869.868408203125,3210.0,3240.0,3180.0,3210.0,14000
2003-02-05,1928.1195068359373,3310.0,3330.0,3170.0,3210.0,37600
2003-02-06,1957.245361328125,3360.0,3360.0,3270.0,3350.0,42700
2003-02-07,1957.245361328125,3360.0,3390.0,3330.0,3380.0,23600
2003-02-10,1951.4195556640625,3350.0,3360.0,3330.0,3330.0,10900
2003-02-11,1951.4195556640625,3350.0,3350.0,3350.0,3350.0,0
2003-02-12,1992.1964111328125,3420.0,3420.0,3300.0,3340.0,38100
2003-02-13,1974.7203369140625,3390.0,3420.0,3360.0,3400.0,23400
2003-02-14,1963.0697021484373,3370.0,3400.0,3340.0,3400.0,24800
2003-02-17,2027.1468505859373,3480.0,3490.0,3400.0,3400.0,42400
2003-02-18,2009.6715087890625,3450.0,3500.0,3400.0,3480.0,33200
2003-02-19,1968.89599609375,3380.0,3460.0,3370.0,3450.0,23300
2003-02-20,2079.573486328125,3570.0,3580.0,3470.0,3480.0,120900
2003-02-21,2062.09765625,3540.0,3600.0,3500.0,3600.0,63100
2003-02-24,2044.6221923828125,3510.0,3520.0,3470.0,3490.0,19000
2003-02-25,1963.0697021484373,3370.0,3510.0,3360.0,3510.0,22400
2003-02-26,1998.0213623046875,3430.0,3470.0,3390.0,3390.0,15800
2003-02-27,1986.3704833984373,3410.0,3430.0,3360.0,3430.0,10500
2003-02-28,1998.0213623046875,3430.0,3470.0,3390.0,3470.0,13400
2003-03-03,2021.32080078125,3470.0,3500.0,3410.0,3450.0,19700
2003-03-04,2003.846435546875,3440.0,3460.0,3420.0,3450.0,8400
2003-03-05,2062.09765625,3540.0,3550.0,3430.0,3430.0,29200
2003-03-06,2009.6715087890625,3450.0,3540.0,3430.0,3540.0,21100
2003-03-07,1881.5179443359373,3230.0,3420.0,3180.0,3400.0,29000
2003-03-10,1823.2672119140625,3130.0,3180.0,3070.0,3180.0,16400
2003-03-11,1794.1419677734375,3080.0,3110.0,3030.0,3080.0,28900
2003-03-12,1765.0162353515625,3030.0,3070.0,3020.0,3030.0,25400
2003-03-13,1823.2672119140625,3130.0,3130.0,3060.0,3060.0,21200
2003-03-14,1782.490966796875,3060.0,3170.0,3060.0,3160.0,42800
2003-03-17,1788.316650390625,3070.0,3100.0,3010.0,3100.0,29900
2003-03-18,1788.316650390625,3070.0,3140.0,3020.0,3140.0,46800
2003-03-19,1776.6656494140625,3050.0,3080.0,2980.0,3080.0,27000
2003-03-20,1811.6165771484373,3110.0,3120.0,3070.0,3070.0,22400
2003-03-21,1811.6165771484373,3110.0,3110.0,3110.0,3110.0,0
2003-03-24,1887.3433837890625,3240.0,3260.0,3150.0,3180.0,23600
2003-03-25,1869.868408203125,3210.0,3250.0,3200.0,3210.0,22000
2003-03-26,1875.7674560546875,3180.0,3230.0,3180.0,3180.0,7300
2003-03-27,1881.6654052734373,3190.0,3210.0,3170.0,3210.0,5600
2003-03-28,1911.1585693359373,3240.0,3250.0,3200.0,3200.0,14100
2003-03-31,1834.476318359375,3110.0,3250.0,3110.0,3250.0,9600
2003-04-01,1816.7806396484373,3080.0,3080.0,3010.0,3010.0,13400
2003-04-02,1858.0711669921875,3150.0,3170.0,3090.0,3100.0,7500
2003-04-03,1822.67919921875,3090.0,3170.0,3090.0,3170.0,4800
2003-04-04,1810.8818359375,3070.0,3100.0,3040.0,3100.0,17700
2003-04-07,1846.2735595703125,3130.0,3150.0,3090.0,3120.0,6900
2003-04-08,1846.2735595703125,3130.0,3200.0,3110.0,3150.0,11300
2003-04-09,1858.0711669921875,3150.0,3160.0,3110.0,3160.0,12600
2003-04-10,1822.67919921875,3090.0,3150.0,3070.0,3130.0,16600
2003-04-11,1922.9559326171875,3260.0,3310.0,3090.0,3100.0,52300
2003-04-14,1863.9697265625,3160.0,3260.0,3130.0,3260.0,19700
2003-04-15,1869.868408203125,3170.0,3230.0,3150.0,3150.0,9700
2003-04-16,1940.652099609375,3290.0,3330.0,3150.0,3180.0,34200
2003-04-17,2011.4359130859373,3410.0,3520.0,3380.0,3390.0,133400
2003-04-18,1999.6385498046875,3390.0,3460.0,3350.0,3460.0,32600
2003-04-21,2040.928466796875,3460.0,3500.0,3370.0,3430.0,32000
2003-04-22,2005.5369873046875,3400.0,3500.0,3400.0,3500.0,29700
2003-04-23,1970.1446533203125,3340.0,3450.0,3330.0,3450.0,16000
2003-04-24,1934.7530517578125,3280.0,3350.0,3260.0,3300.0,28600
2003-04-25,1893.4630126953125,3210.0,3280.0,3120.0,3230.0,46500
2003-04-28,1822.67919921875,3090.0,3210.0,3090.0,3210.0,15600
2003-04-29,1822.67919921875,3090.0,3090.0,3090.0,3090.0,0
2003-04-30,1858.0711669921875,3150.0,3250.0,3140.0,3240.0,20900
2003-05-01,1875.7674560546875,3180.0,3240.0,3150.0,3150.0,26300
2003-05-02,1869.868408203125,3170.0,3210.0,3160.0,3210.0,18400
2003-05-05,1869.868408203125,3170.0,3170.0,3170.0,3170.0,0
2003-05-06,1899.3612060546875,3220.0,3240.0,3200.0,3220.0,13600
2003-05-07,1893.4630126953125,3210.0,3270.0,3200.0,3270.0,9800
2003-05-08,1875.7674560546875,3180.0,3210.0,3150.0,3200.0,16500
2003-05-09,1922.9559326171875,3260.0,3300.0,3160.0,3170.0,24900
2003-05-12,1875.7674560546875,3180.0,3240.0,3180.0,3220.0,26500
2003-05-13,1899.3612060546875,3220.0,3240.0,3200.0,3230.0,19500
2003-05-14,1899.3612060546875,3220.0,3230.0,3190.0,3230.0,8600
2003-05-15,1875.7674560546875,3180.0,3230.0,3180.0,3220.0,10800
2003-05-16,1905.259765625,3230.0,3240.0,3200.0,3220.0,12100
2003-05-19,1858.0711669921875,3150.0,3220.0,3120.0,3220.0,17100
2003-05-20,1893.4630126953125,3210.0,3220.0,3100.0,3150.0,13600
2003-05-21,1846.2735595703125,3130.0,3180.0,3130.0,3140.0,21600
2003-05-22,1863.9697265625,3160.0,3180.0,3140.0,3180.0,8300
2003-05-23,1887.563720703125,3200.0,3200.0,3160.0,3160.0,11800
2003-05-26,1905.259765625,3230.0,3270.0,3210.0,3210.0,10500
2003-05-27,1869.868408203125,3170.0,3240.0,3170.0,3220.0,13200
2003-05-28,1875.7674560546875,3180.0,3220.0,3160.0,3200.0,28900
2003-05-29,1887.563720703125,3200.0,3200.0,3160.0,3200.0,14600
2003-05-30,1934.7530517578125,3280.0,3280.0,3230.0,3250.0,32100
2003-06-02,1987.841064453125,3370.0,3390.0,3310.0,3380.0,46500
2003-06-03,1958.3475341796875,3320.0,3360.0,3270.0,3360.0,14600
2003-06-04,1946.55029296875,3300.0,3370.0,3300.0,3300.0,14800
2003-06-05,1958.3475341796875,3320.0,3380.0,3300.0,3310.0,22100
2003-06-06,1976.0439453125,3350.0,3360.0,3330.0,3350.0,16900
2003-06-09,2040.928466796875,3460.0,3480.0,3340.0,3360.0,47900
2003-06-10,1976.0439453125,3350.0,3400.0,3340.0,3400.0,14300
2003-06-11,1976.0439453125,3350.0,3440.0,3350.0,3390.0,27900
2003-06-12,1981.9422607421875,3360.0,3420.0,3360.0,3380.0,16000
2003-06-13,1999.6385498046875,3390.0,3400.0,3360.0,3370.0,24800
2003-06-16,2099.914794921875,3560.0,3600.0,3400.0,3410.0,136600
2003-06-17,2176.597900390625,3690.0,3690.0,3580.0,3580.0,182300
2003-06-18,2265.0771484375,3840.0,3900.0,3720.0,3740.0,264000
2003-06-19,2206.0908203125,3740.0,3900.0,3720.0,3890.0,81000
2003-06-20,2194.2939453125,3720.0,3800.0,3700.0,3700.0,34600
2003-06-23,2158.9013671875,3660.0,3740.0,3650.0,3720.0,31800
2003-06-24,2111.71240234375,3580.0,3650.0,3560.0,3600.0,37200
2003-06-25,2223.7861328125,3770.0,3820.0,3650.0,3660.0,70600
2003-06-26,2164.800048828125,3670.0,3790.0,3650.0,3770.0,32300
2003-06-27,2200.192138671875,3730.0,3790.0,3720.0,3750.0,33900
2003-06-30,2229.685302734375,3780.0,3850.0,3730.0,3750.0,54000
2003-07-01,2282.773681640625,3870.0,3900.0,3760.0,3810.0,121500
2003-07-02,2300.468994140625,3900.0,3970.0,3830.0,3920.0,144800
2003-07-03,2211.989501953125,3750.0,3930.0,3750.0,3930.0,53300
2003-07-04,2247.38134765625,3810.0,3820.0,3730.0,3730.0,28500
2003-07-07,2235.583740234375,3790.0,3840.0,3780.0,3820.0,30900
2003-07-08,2223.7861328125,3770.0,3900.0,3770.0,3820.0,45600
2003-07-09,2341.759765625,3970.0,3970.0,3780.0,3780.0,96400
2003-07-10,2300.468994140625,3900.0,4010.0,3870.0,4000.0,88700
2003-07-11,2235.583740234375,3790.0,3950.0,3790.0,3950.0,55400
2003-07-14,2217.888427734375,3760.0,3830.0,3750.0,3800.0,30300
2003-07-15,2206.0908203125,3740.0,3800.0,3720.0,3800.0,28700
2003-07-16,2164.800048828125,3670.0,3740.0,3600.0,3730.0,23300
2003-07-17,2082.21923828125,3530.0,3600.0,3510.0,3570.0,28100
2003-07-18,2094.01611328125,3550.0,3550.0,3470.0,3500.0,20100
2003-07-21,2094.01611328125,3550.0,3550.0,3550.0,3550.0,0
2003-07-22,2076.320556640625,3520.0,3560.0,3510.0,3540.0,17000
2003-07-23,2129.408447265625,3610.0,3630.0,3530.0,3540.0,17500
2003-07-24,2141.2060546875,3630.0,3670.0,3630.0,3670.0,23000
2003-07-25,2158.9013671875,3660.0,3690.0,3600.0,3630.0,16400
2003-07-28,2200.192138671875,3730.0,3730.0,3660.0,3710.0,12600
2003-07-29,2324.063232421875,3940.0,3980.0,3860.0,3950.0,159500
2003-07-30,2294.56982421875,3890.0,3930.0,3850.0,3890.0,49900
2003-07-31,2235.583740234375,3790.0,3860.0,3750.0,3850.0,23900
2003-08-01,2276.875,3860.0,3870.0,3790.0,3830.0,25200
2003-08-04,2223.7861328125,3770.0,3850.0,3770.0,3810.0,15400
2003-08-05,2200.192138671875,3730.0,3800.0,3690.0,3770.0,14000
2003-08-06,2200.192138671875,3730.0,3750.0,3660.0,3690.0,16000
2003-08-07,2182.49609375,3700.0,3770.0,3690.0,3710.0,7500
2003-08-08,2170.69921875,3680.0,3720.0,3660.0,3700.0,16500
2003-08-11,2153.00341796875,3650.0,3720.0,3650.0,3710.0,14400
2003-08-12,2170.69921875,3680.0,3720.0,3680.0,3710.0,12300
2003-08-13,2194.2939453125,3720.0,3750.0,3670.0,3700.0,13800
2003-08-14,2211.989501953125,3750.0,3760.0,3700.0,3700.0,10300
2003-08-15,2229.685302734375,3780.0,3780.0,3780.0,3780.0,13600
2003-08-18,2265.0771484375,3840.0,3850.0,3760.0,3830.0,12300
2003-08-19,2288.672119140625,3880.0,3910.0,3800.0,3890.0,35000
2003-08-20,2300.468994140625,3900.0,3910.0,3850.0,3850.0,26800
2003-08-21,2282.773681640625,3870.0,3900.0,3840.0,3900.0,16800
2003-08-22,2300.468994140625,3900.0,3930.0,3860.0,3900.0,20500
2003-08-25,2306.3671875,3910.0,3940.0,3860.0,3940.0,21000
2003-08-26,2270.975830078125,3850.0,3910.0,3840.0,3880.0,20800
2003-08-27,2270.975830078125,3850.0,3890.0,3790.0,3830.0,25400
2003-08-28,2300.468994140625,3900.0,3950.0,3840.0,3850.0,44800
2003-08-29,2294.56982421875,3890.0,3940.0,3890.0,3930.0,21800
2003-09-01,2412.542724609375,4090.0,4100.0,3950.0,3980.0,111900
2003-09-02,2418.441650390625,4100.0,4230.0,4050.0,4190.0,144600
2003-09-03,2383.050048828125,4040.0,4160.0,4020.0,4150.0,42500
2003-09-04,2383.050048828125,4040.0,4090.0,4040.0,4060.0,18500
2003-09-05,2359.45556640625,4000.0,4060.0,3980.0,4040.0,18300
2003-09-08,2353.556884765625,3990.0,4030.0,3940.0,3950.0,11700
2003-09-09,2371.25244140625,4020.0,4060.0,3990.0,4040.0,21200
2003-09-10,2383.050048828125,4040.0,4060.0,4000.0,4020.0,16700
2003-09-11,2353.556884765625,3990.0,4050.0,3960.0,4050.0,16900
2003-09-12,2341.759765625,3970.0,4030.0,3950.0,4010.0,26800
2003-09-16,2388.9482421875,4050.0,4050.0,3960.0,3970.0,21000
2003-09-17,2365.35400390625,4010.0,4100.0,4010.0,4090.0,24100
2003-09-18,2359.45556640625,4000.0,4030.0,3970.0,4030.0,12700
2003-09-19,2347.658447265625,3980.0,4050.0,3970.0,4000.0,23700
2003-09-22,2341.759765625,3970.0,3990.0,3940.0,3950.0,24400
2003-09-23,2341.759765625,3970.0,3970.0,3970.0,3970.0,0
2003-09-24,2324.063232421875,3940.0,3970.0,3860.0,3950.0,26800
2003-09-25,2276.390380859375,3820.0,3860.0,3800.0,3860.0,15500
2003-09-26,2252.553955078125,3780.0,3800.0,3760.0,3770.0,16900
2003-09-29,2294.267333984375,3850.0,3930.0,3830.0,3930.0,20500
2003-09-30,2294.267333984375,3850.0,3890.0,3830.0,3890.0,11500
2003-10-01,2318.1044921875,3890.0,3900.0,3760.0,3760.0,27300
2003-10-02,2294.267333984375,3850.0,3920.0,3820.0,3920.0,15600
2003-10-03,2353.859130859375,3950.0,3980.0,3850.0,3860.0,27900
2003-10-06,2359.818115234375,3960.0,4050.0,3960.0,4050.0,30800
2003-10-07,2377.6953125,3990.0,4020.0,3970.0,4000.0,20400
2003-10-08,2335.980712890625,3920.0,3990.0,3910.0,3980.0,14200
2003-10-09,2306.18603515625,3870.0,3940.0,3870.0,3910.0,7900
2003-10-10,2341.94140625,3930.0,3960.0,3880.0,3920.0,13600
2003-10-13,2341.94140625,3930.0,3930.0,3930.0,3930.0,0
2003-10-14,2324.063232421875,3900.0,3930.0,3860.0,3900.0,16700
2003-10-15,2300.22705078125,3860.0,3920.0,3850.0,3890.0,15200
2003-10-16,2312.144775390625,3880.0,3900.0,3850.0,3870.0,11200
2003-10-17,2282.349365234375,3830.0,3870.0,3830.0,3850.0,13900
2003-10-20,2294.267333984375,3850.0,3860.0,3810.0,3810.0,10300
2003-10-21,2371.736083984375,3980.0,3990.0,3840.0,3840.0,41300
2003-10-22,2288.308837890625,3840.0,3990.0,3840.0,3980.0,17200
2003-10-23,2181.044189453125,3660.0,3820.0,3650.0,3820.0,23700
2003-10-24,2198.921142578125,3690.0,3750.0,3670.0,3680.0,11800
2003-10-27,2181.044189453125,3660.0,3690.0,3660.0,3660.0,8200
2003-10-28,2204.880615234375,3700.0,3710.0,3660.0,3660.0,6500
2003-10-29,2216.798828125,3720.0,3750.0,3700.0,3750.0,4900
2003-10-30,2151.24853515625,3610.0,3630.0,3540.0,3620.0,33700
2003-10-31,2097.616943359375,3520.0,3600.0,3520.0,3570.0,21800
2003-11-03,2097.616943359375,3520.0,3520.0,3520.0,3520.0,0
2003-11-04,2121.45263671875,3560.0,3610.0,3530.0,3570.0,23200
2003-11-05,2115.49365234375,3550.0,3570.0,3520.0,3560.0,12400
2003-11-06,2097.616943359375,3520.0,3560.0,3510.0,3550.0,12300
2003-11-07,2067.820068359375,3470.0,3510.0,3460.0,3500.0,18400
2003-11-10,1984.39208984375,3330.0,3450.0,3300.0,3400.0,23600
2003-11-11,1966.515380859375,3300.0,3330.0,3250.0,3330.0,22100
2003-11-12,1936.7197265625,3250.0,3330.0,3250.0,3330.0,18000
2003-11-13,1948.637939453125,3270.0,3290.0,3250.0,3260.0,15500
2003-11-14,1948.637939453125,3270.0,3300.0,3250.0,3290.0,13300
2003-11-17,1865.2098388671875,3130.0,3270.0,3120.0,3270.0,20100
2003-11-18,1847.332763671875,3100.0,3110.0,3050.0,3110.0,30500
2003-11-19,1841.3734130859373,3090.0,3140.0,3070.0,3100.0,21500
2003-11-20,1841.3734130859373,3090.0,3140.0,3060.0,3110.0,53800
2003-11-21,1853.2911376953125,3110.0,3120.0,3060.0,3070.0,33200
2003-11-25,1877.1278076171875,3150.0,3240.0,3120.0,3210.0,17400
2003-11-26,1918.841552734375,3220.0,3240.0,3160.0,3200.0,22500
2003-11-27,1954.597412109375,3280.0,3310.0,3260.0,3280.0,15200
2003-11-28,1918.841552734375,3220.0,3330.0,3220.0,3330.0,19500
2003-12-01,1942.678466796875,3260.0,3280.0,3190.0,3210.0,17800
2003-12-02,1954.597412109375,3280.0,3320.0,3250.0,3310.0,18900
2003-12-03,1936.7197265625,3250.0,3290.0,3220.0,3290.0,10700
2003-12-04,1912.8828125,3210.0,3260.0,3200.0,3250.0,29400
2003-12-05,1936.7197265625,3250.0,3250.0,3220.0,3230.0,18400
2003-12-08,1906.92333984375,3200.0,3280.0,3200.0,3280.0,12300
2003-12-09,1924.8016357421875,3230.0,3240.0,3200.0,3220.0,12500
2003-12-10,1912.8828125,3210.0,3280.0,3200.0,3250.0,20200
2003-12-11,1924.8016357421875,3230.0,3240.0,3200.0,3230.0,15100
2003-12-12,1912.8828125,3210.0,3210.0,3180.0,3210.0,26100
2003-12-15,1883.087890625,3160.0,3230.0,3150.0,3200.0,44600
2003-12-16,1859.2506103515625,3120.0,3170.0,3080.0,3170.0,41500
2003-12-17,1805.618896484375,3030.0,3120.0,3020.0,3120.0,72500
2003-12-18,1817.536865234375,3050.0,3060.0,3010.0,3030.0,35400
2003-12-19,1817.536865234375,3050.0,3070.0,3020.0,3070.0,22500
2003-12-22,1823.4952392578125,3060.0,3070.0,3050.0,3070.0,28500
2003-12-23,1823.4952392578125,3060.0,3060.0,3060.0,3060.0,0
2003-12-24,1817.536865234375,3050.0,3070.0,3040.0,3070.0,22600
2003-12-25,1811.578125,3040.0,3060.0,3010.0,3050.0,20400
2003-12-26,1817.536865234375,3050.0,3050.0,3030.0,3040.0,20800
2003-12-29,1835.413818359375,3080.0,3100.0,3060.0,3070.0,26600
2003-12-30,1853.2911376953125,3110.0,3150.0,3100.0,3120.0,17600
2004-01-02,1853.2911376953125,3110.0,3110.0,3110.0,3110.0,0
2004-01-05,1900.9649658203125,3190.0,3190.0,3160.0,3170.0,11100
2004-01-06,1924.8016357421875,3230.0,3260.0,3200.0,3250.0,37700
2004-01-07,1918.841552734375,3220.0,3240.0,3220.0,3240.0,17300
2004-01-08,1948.637939453125,3270.0,3290.0,3220.0,3250.0,41100
2004-01-09,1984.39208984375,3330.0,3330.0,3270.0,3300.0,38300
2004-01-12,1984.39208984375,3330.0,3330.0,3330.0,3330.0,0
2004-01-13,1984.39208984375,3330.0,3380.0,3320.0,3380.0,34700
2004-01-14,1984.39208984375,3330.0,3350.0,3300.0,3350.0,25600
2004-01-15,1960.5562744140625,3290.0,3350.0,3290.0,3350.0,23200
2004-01-16,1966.515380859375,3300.0,3320.0,3280.0,3290.0,16400
2004-01-19,1978.43310546875,3320.0,3340.0,3300.0,3300.0,23200
2004-01-20,2008.229248046875,3370.0,3410.0,3330.0,3340.0,29900
2004-01-21,1996.3106689453125,3350.0,3390.0,3350.0,3380.0,29300
2004-01-22,1990.351318359375,3340.0,3380.0,3340.0,3360.0,18000
2004-01-23,1996.3106689453125,3350.0,3370.0,3340.0,3350.0,15800
2004-01-26,1984.39208984375,3330.0,3360.0,3330.0,3360.0,16900
2004-01-27,1984.39208984375,3330.0,3340.0,3320.0,3340.0,13100
2004-01-28,1972.474365234375,3310.0,3320.0,3300.0,3310.0,11800
2004-01-29,1966.515380859375,3300.0,3320.0,3280.0,3300.0,21200
2004-01-30,1954.597412109375,3280.0,3300.0,3270.0,3300.0,11300
2004-02-02,2002.269775390625,3360.0,3430.0,3290.0,3300.0,28600
2004-02-03,1990.351318359375,3340.0,3370.0,3310.0,3370.0,12500
2004-02-04,1948.637939453125,3270.0,3370.0,3260.0,3370.0,16100
2004-02-05,1942.678466796875,3260.0,3270.0,3240.0,3270.0,7100
2004-02-06,1942.678466796875,3260.0,3270.0,3240.0,3260.0,7700
2004-02-09,1948.637939453125,3270.0,3360.0,3270.0,3280.0,13500
2004-02-10,1930.7598876953125,3240.0,3290.0,3240.0,3270.0,11700
2004-02-11,1930.7598876953125,3240.0,3240.0,3240.0,3240.0,0
2004-02-12,1954.597412109375,3280.0,3310.0,3250.0,3270.0,7500
2004-02-13,1942.678466796875,3260.0,3310.0,3260.0,3300.0,6700
2004-02-16,1972.474365234375,3310.0,3320.0,3250.0,3300.0,11600
2004-02-17,1966.515380859375,3300.0,3320.0,3270.0,3320.0,18800
2004-02-18,1960.5562744140625,3290.0,3320.0,3280.0,3320.0,12800
2004-02-19,1954.597412109375,3280.0,3320.0,3280.0,3290.0,16700
2004-02-20,1948.637939453125,3270.0,3290.0,3260.0,3270.0,15300
2004-02-23,1978.43310546875,3320.0,3330.0,3280.0,3290.0,15000
2004-02-24,1972.474365234375,3310.0,3330.0,3290.0,3330.0,16400
2004-02-25,1984.39208984375,3330.0,3340.0,3320.0,3320.0,15400
2004-02-26,1990.351318359375,3340.0,3340.0,3320.0,3330.0,11600
2004-02-27,2014.188720703125,3380.0,3380.0,3340.0,3350.0,23700
2004-03-01,2055.90185546875,3450.0,3470.0,3400.0,3400.0,73800
2004-03-02,2085.697509765625,3500.0,3510.0,3450.0,3480.0,57000
2004-03-03,2127.412109375,3570.0,3630.0,3540.0,3550.0,81800
2004-03-04,2133.371337890625,3580.0,3620.0,3530.0,3570.0,33800
2004-03-05,2151.24853515625,3610.0,3630.0,3590.0,3620.0,34600
2004-03-08,2163.166748046875,3630.0,3650.0,3590.0,3600.0,43100
2004-03-09,2157.20751953125,3620.0,3670.0,3600.0,3600.0,18600
2004-03-10,2163.166748046875,3630.0,3660.0,3620.0,3620.0,14400
2004-03-11,2175.0849609375,3650.0,3660.0,3600.0,3610.0,19000
2004-03-12,2145.2890625,3600.0,3630.0,3580.0,3610.0,28300
2004-03-15,2151.24853515625,3610.0,3650.0,3600.0,3610.0,17700
2004-03-16,2169.125732421875,3640.0,3640.0,3620.0,3620.0,15700
2004-03-17,2234.67626953125,3750.0,3760.0,3650.0,3660.0,41000
2004-03-18,2264.4716796875,3800.0,3860.0,3790.0,3800.0,48600
2004-03-19,2252.553955078125,3780.0,3820.0,3770.0,3800.0,19600
2004-03-22,2234.67626953125,3750.0,3800.0,3740.0,3780.0,14200
2004-03-23,2228.71728515625,3740.0,3750.0,3680.0,3750.0,23000
2004-03-24,2246.59423828125,3770.0,3800.0,3740.0,3780.0,20400
2004-03-25,2246.59423828125,3770.0,3800.0,3750.0,3770.0,20300
2004-03-26,2264.663818359375,3760.0,3820.0,3740.0,3820.0,15400
2004-03-29,2270.686279296875,3770.0,3800.0,3730.0,3800.0,22200
2004-03-30,2264.663818359375,3760.0,3780.0,3730.0,3760.0,12600
2004-03-31,2258.64111328125,3750.0,3770.0,3730.0,3770.0,10500
2004-04-01,2252.617919921875,3740.0,3750.0,3730.0,3740.0,17700
2004-04-02,2246.594970703125,3730.0,3740.0,3700.0,3720.0,16300
2004-04-05,2258.64111328125,3750.0,3780.0,3710.0,3760.0,23900
2004-04-06,2258.64111328125,3750.0,3760.0,3720.0,3730.0,22400
2004-04-07,2270.686279296875,3770.0,3780.0,3730.0,3770.0,31100
2004-04-08,2288.755615234375,3800.0,3800.0,3740.0,3740.0,22800
2004-04-09,2270.686279296875,3770.0,3770.0,3740.0,3770.0,26100
2004-04-12,2336.940185546875,3880.0,3890.0,3780.0,3790.0,66800
2004-04-13,2379.101806640625,3950.0,3980.0,3910.0,3910.0,75400
2004-04-14,2361.031982421875,3920.0,3950.0,3900.0,3940.0,26900
2004-04-15,2336.940185546875,3880.0,3950.0,3840.0,3940.0,28600
2004-04-16,2330.91650390625,3870.0,3920.0,3850.0,3920.0,12000
2004-04-19,2300.802001953125,3820.0,3870.0,3800.0,3820.0,12800
2004-04-20,2300.802001953125,3820.0,3850.0,3790.0,3800.0,15900
2004-04-21,2288.755615234375,3800.0,3810.0,3720.0,3720.0,12400
2004-04-22,2276.710205078125,3780.0,3800.0,3760.0,3770.0,13400
2004-04-23,2246.594970703125,3730.0,3800.0,3720.0,3800.0,24300
2004-04-26,2270.686279296875,3770.0,3780.0,3720.0,3730.0,12300
2004-04-27,2252.617919921875,3740.0,3770.0,3720.0,3770.0,11700
2004-04-28,2252.617919921875,3740.0,3770.0,3720.0,3720.0,15700
2004-04-29,2252.617919921875,3740.0,3740.0,3740.0,3740.0,0
2004-04-30,2258.64111328125,3750.0,3810.0,3750.0,3790.0,33300
2004-05-05,2258.64111328125,3750.0,3750.0,3750.0,3750.0,0
2004-05-06,2246.594970703125,3730.0,3800.0,3720.0,3800.0,18200
2004-05-07,2222.501953125,3690.0,3760.0,3680.0,3750.0,14500
2004-05-10,2120.111328125,3520.0,3610.0,3510.0,3540.0,22700
2004-05-11,2102.0419921875,3490.0,3500.0,3420.0,3470.0,16600
2004-05-12,2162.271240234375,3590.0,3590.0,3480.0,3510.0,9400
2004-05-13,2240.5712890625,3720.0,3750.0,3600.0,3640.0,32000
2004-05-14,2192.3876953125,3640.0,3690.0,3620.0,3620.0,13300
2004-05-17,2132.156982421875,3540.0,3650.0,3490.0,3640.0,31700
2004-05-18,2234.548828125,3710.0,3780.0,3490.0,3590.0,30100
2004-05-19,2252.617919921875,3740.0,3740.0,3640.0,3700.0,14300
2004-05-20,2300.802001953125,3820.0,3830.0,3620.0,3730.0,27100
2004-05-21,2300.802001953125,3820.0,3840.0,3760.0,3830.0,11200
2004-05-24,2282.733154296875,3790.0,3800.0,3780.0,3790.0,6900
2004-05-25,2294.77880859375,3810.0,3820.0,3740.0,3820.0,16000
2004-05-26,2336.940185546875,3880.0,3890.0,3800.0,3810.0,22200
2004-05-27,2312.8486328125,3840.0,3900.0,3820.0,3890.0,26800
2004-05-28,2330.91650390625,3870.0,3880.0,3820.0,3850.0,14400
2004-05-31,2330.91650390625,3870.0,3910.0,3850.0,3860.0,19200
2004-06-01,2348.986083984375,3900.0,3920.0,3790.0,3790.0,38200
2004-06-02,2348.986083984375,3900.0,3930.0,3880.0,3890.0,10100
2004-06-03,2330.91650390625,3870.0,3920.0,3870.0,3920.0,15100
2004-06-04,2367.05615234375,3930.0,3950.0,3850.0,3850.0,33500
2004-06-07,2397.169921875,3980.0,4050.0,3930.0,3950.0,31200
2004-06-08,2397.169921875,3980.0,4010.0,3960.0,4010.0,23600
2004-06-09,2427.286376953125,4030.0,4030.0,3970.0,4000.0,25900
2004-06-10,2421.2626953125,4020.0,4030.0,3990.0,4030.0,13800
2004-06-11,2409.216552734375,4000.0,4070.0,4000.0,4050.0,24800
2004-06-14,2397.169921875,3980.0,4020.0,3950.0,4010.0,16700
2004-06-15,2403.193359375,3990.0,4020.0,3950.0,3950.0,16800
2004-06-16,2439.331787109375,4050.0,4080.0,4010.0,4010.0,28400
2004-06-17,2535.700439453125,4210.0,4290.0,4050.0,4070.0,64500
2004-06-18,2499.562255859375,4150.0,4210.0,4050.0,4210.0,21000
2004-06-21,2511.608154296875,4170.0,4260.0,4110.0,4160.0,25700
2004-06-22,2553.77001953125,4240.0,4260.0,4190.0,4200.0,32100
2004-06-23,2571.839111328125,4270.0,4350.0,4260.0,4300.0,40300
2004-06-24,2565.815673828125,4260.0,4300.0,4170.0,4300.0,13400
2004-06-25,2559.792724609375,4250.0,4290.0,4240.0,4270.0,11200
2004-06-28,2589.908203125,4300.0,4300.0,4200.0,4200.0,16100
2004-06-29,2571.839111328125,4270.0,4280.0,4250.0,4250.0,10200
2004-06-30,2601.954345703125,4320.0,4330.0,4240.0,4240.0,18500
2004-07-01,2589.908203125,4300.0,4310.0,4260.0,4270.0,13100
2004-07-02,2571.839111328125,4270.0,4320.0,4200.0,4260.0,18700
2004-07-05,2511.608154296875,4170.0,4200.0,4150.0,4200.0,13400
2004-07-06,2499.562255859375,4150.0,4210.0,4120.0,4190.0,14300
2004-07-07,2469.44677734375,4100.0,4120.0,4020.0,4120.0,11000
2004-07-08,2493.539306640625,4140.0,4160.0,4070.0,4150.0,11100
2004-07-09,2517.6318359375,4180.0,4210.0,4110.0,4140.0,12200
2004-07-12,2547.7470703125,4230.0,4230.0,4170.0,4180.0,8300
2004-07-13,2529.677734375,4200.0,4250.0,4180.0,4240.0,8100
2004-07-14,2517.6318359375,4180.0,4300.0,4180.0,4300.0,12000
2004-07-15,2505.585205078125,4160.0,4230.0,4150.0,4230.0,11600
2004-07-16,2505.585205078125,4160.0,4170.0,4070.0,4160.0,7900
2004-07-19,2505.585205078125,4160.0,4160.0,4160.0,4160.0,0
2004-07-20,2469.44677734375,4100.0,4120.0,4080.0,4120.0,5600
2004-07-21,2493.539306640625,4140.0,4140.0,4070.0,4070.0,8200
2004-07-22,2481.49365234375,4120.0,4120.0,4050.0,4060.0,4700
2004-07-23,2451.37841796875,4070.0,4120.0,4070.0,4120.0,4100
2004-07-26,2457.401611328125,4080.0,4090.0,4060.0,4060.0,6800
2004-07-27,2391.14794921875,3970.0,4090.0,3910.0,4090.0,9200
2004-07-28,2415.239990234375,4010.0,4050.0,3970.0,4000.0,5700
2004-07-29,2379.101806640625,3950.0,3960.0,3860.0,3910.0,6000
2004-07-30,2457.401611328125,4080.0,4110.0,4000.0,4100.0,10900
2004-08-02,2439.331787109375,4050.0,4050.0,4030.0,4030.0,2000
2004-08-03,2403.193359375,3990.0,4050.0,3980.0,4050.0,5000
2004-08-04,2403.193359375,3990.0,4010.0,3920.0,4000.0,6200
2004-08-05,2385.12451171875,3960.0,3990.0,3940.0,3940.0,4100
2004-08-06,2355.009521484375,3910.0,3920.0,3880.0,3920.0,5200
2004-08-09,2367.05615234375,3930.0,3930.0,3850.0,3900.0,4400
2004-08-10,2348.986083984375,3900.0,3920.0,3880.0,3920.0,4000
2004-08-11,2421.2626953125,4020.0,4070.0,3920.0,3920.0,11300
2004-08-12,2433.309326171875,4040.0,4040.0,4000.0,4020.0,8500
2004-08-13,2391.14794921875,3970.0,4040.0,3950.0,4040.0,6400
2004-08-16,2348.986083984375,3900.0,3940.0,3850.0,3940.0,4900
2004-08-17,2373.07861328125,3940.0,3950.0,3880.0,3900.0,4600
2004-08-18,2373.07861328125,3940.0,3960.0,3910.0,3950.0,2700
2004-08-19,2385.12451171875,3960.0,3960.0,3910.0,3950.0,5200
2004-08-20,2385.12451171875,3960.0,3990.0,3930.0,3950.0,3400
2004-08-23,2415.239990234375,4010.0,4030.0,4010.0,4030.0,1500
2004-08-24,2415.239990234375,4010.0,4050.0,4010.0,4010.0,3700
2004-08-25,2433.309326171875,4040.0,4050.0,3920.0,3920.0,8700
2004-08-26,2445.355712890625,4060.0,4100.0,4030.0,4030.0,6800
2004-08-27,2457.401611328125,4080.0,4100.0,4010.0,4010.0,7000
2004-08-30,2427.286376953125,4030.0,4080.0,4010.0,4080.0,3100
2004-08-31,2457.401611328125,4080.0,4100.0,4030.0,4030.0,8800
2004-09-01,2469.44677734375,4100.0,4100.0,4040.0,4050.0,5900
2004-09-02,2469.44677734375,4100.0,4130.0,4090.0,4120.0,5800
2004-09-03,2427.286376953125,4030.0,4140.0,4030.0,4130.0,8200
2004-09-06,2487.516357421875,4130.0,4130.0,4080.0,4080.0,11800
2004-09-07,2469.44677734375,4100.0,4120.0,4100.0,4120.0,5700
2004-09-08,2499.562255859375,4150.0,4170.0,4120.0,4140.0,9900
2004-09-09,2481.49365234375,4120.0,4150.0,4110.0,4150.0,6700
2004-09-10,2445.355712890625,4060.0,4120.0,4060.0,4110.0,22100
2004-09-13,2409.216552734375,4000.0,4070.0,3990.0,4070.0,20500
2004-09-14,2421.2626953125,4020.0,4060.0,4010.0,4010.0,17100
2004-09-15,2415.239990234375,4010.0,4070.0,4000.0,4040.0,9900
2004-09-16,2439.331787109375,4050.0,4070.0,3990.0,4000.0,22200
2004-09-17,2433.309326171875,4040.0,4060.0,4030.0,4060.0,4500
2004-09-20,2433.309326171875,4040.0,4040.0,4040.0,4040.0,0
2004-09-21,2421.2626953125,4020.0,4070.0,4010.0,4070.0,8700
2004-09-22,2427.286376953125,4030.0,4050.0,4010.0,4030.0,7200
2004-09-23,2427.286376953125,4030.0,4030.0,4030.0,4030.0,0
2004-09-24,2427.286376953125,4030.0,4050.0,4000.0,4010.0,9100
2004-09-27,2445.535888671875,4020.0,4030.0,3900.0,4000.0,9300
2004-09-28,2415.119384765625,3970.0,4020.0,3930.0,3980.0,7500
2004-09-29,2415.119384765625,3970.0,3990.0,3940.0,3980.0,4900
2004-09-30,2402.952880859375,3950.0,4000.0,3900.0,4000.0,8400
2004-10-01,2415.119384765625,3970.0,4020.0,3960.0,4000.0,7000
2004-10-04,2433.36962890625,4000.0,4020.0,3980.0,3980.0,8300
2004-10-05,2433.36962890625,4000.0,4010.0,3990.0,4010.0,3400
2004-10-06,2433.36962890625,4000.0,4000.0,3920.0,3990.0,9700
2004-10-07,2427.2861328125,3990.0,4000.0,3960.0,3970.0,6900
2004-10-08,2378.6181640625,3910.0,3980.0,3850.0,3940.0,11900
2004-10-11,2378.6181640625,3910.0,3910.0,3910.0,3910.0,0
2004-10-12,2372.53515625,3900.0,3950.0,3900.0,3950.0,7500
2004-10-13,2384.701416015625,3920.0,3950.0,3910.0,3940.0,5000
2004-10-14,2336.034912109375,3840.0,3900.0,3820.0,3900.0,7100
2004-10-15,2311.700439453125,3800.0,3810.0,3760.0,3810.0,6700
2004-10-18,2299.534423828125,3780.0,3880.0,3760.0,3820.0,7800
2004-10-19,2317.783935546875,3810.0,3830.0,3780.0,3800.0,9500
2004-10-20,2256.94970703125,3710.0,3780.0,3710.0,3780.0,9600
2004-10-21,2208.282958984375,3630.0,3710.0,3630.0,3700.0,14500
2004-10-22,2202.199462890625,3620.0,3650.0,3610.0,3640.0,11100
2004-10-25,2177.865234375,3580.0,3620.0,3580.0,3580.0,7000
2004-10-26,2165.699462890625,3560.0,3600.0,3560.0,3580.0,5800
2004-10-27,2171.7822265625,3570.0,3630.0,3560.0,3590.0,7000
2004-10-28,2190.03271484375,3600.0,3600.0,3580.0,3580.0,9600
2004-10-29,2177.865234375,3580.0,3600.0,3580.0,3600.0,8300
2004-11-01,2244.782958984375,3690.0,3690.0,3590.0,3620.0,17100
2004-11-02,2275.199951171875,3740.0,3750.0,3730.0,3740.0,15400
2004-11-03,2275.199951171875,3740.0,3740.0,3740.0,3740.0,0
2004-11-04,2263.033203125,3720.0,3780.0,3680.0,3780.0,22000
2004-11-05,2287.3671875,3760.0,3760.0,3730.0,3750.0,11400
2004-11-08,2299.534423828125,3780.0,3810.0,3760.0,3760.0,22500
2004-11-09,2323.867919921875,3820.0,3850.0,3780.0,3790.0,13800
2004-11-10,2287.3671875,3760.0,3800.0,3750.0,3800.0,9500
2004-11-11,2269.11669921875,3730.0,3820.0,3730.0,3780.0,6300
2004-11-12,2305.6171875,3790.0,3840.0,3730.0,3730.0,7500
2004-11-15,2372.53515625,3900.0,3900.0,3820.0,3830.0,14500
2004-11-16,2372.53515625,3900.0,3910.0,3870.0,3880.0,6800
2004-11-17,2384.701416015625,3920.0,3960.0,3890.0,3900.0,18900
2004-11-18,2396.869140625,3940.0,3990.0,3920.0,3950.0,18600
2004-11-19,2329.951171875,3830.0,3970.0,3830.0,3970.0,10600
2004-11-22,2311.700439453125,3800.0,3870.0,3800.0,3870.0,3700
2004-11-23,2311.700439453125,3800.0,3800.0,3800.0,3800.0,0
2004-11-24,2317.783935546875,3810.0,3840.0,3770.0,3770.0,4100
2004-11-25,2323.867919921875,3820.0,3850.0,3780.0,3820.0,6000
2004-11-26,2329.951171875,3830.0,3850.0,3820.0,3820.0,5800
2004-11-29,2372.53515625,3900.0,3910.0,3830.0,3850.0,13600
2004-11-30,2372.53515625,3900.0,3920.0,3880.0,3900.0,9700
2004-12-01,2317.783935546875,3810.0,3870.0,3790.0,3870.0,14300
2004-12-02,2360.367919921875,3880.0,3890.0,3830.0,3860.0,14600
2004-12-03,2348.201904296875,3860.0,3880.0,3810.0,3880.0,7300
2004-12-06,2336.034912109375,3840.0,3860.0,3810.0,3850.0,5300
2004-12-07,2372.53515625,3900.0,3960.0,3830.0,3830.0,21800
2004-12-08,2445.535888671875,4020.0,4110.0,3920.0,3990.0,64300
2004-12-09,2457.703369140625,4040.0,4070.0,3900.0,4020.0,24600
2004-12-10,2433.36962890625,4000.0,4040.0,3980.0,3990.0,19400
2004-12-13,2469.87060546875,4060.0,4100.0,4000.0,4050.0,28100
2004-12-14,2488.119873046875,4090.0,4100.0,4040.0,4050.0,14100
2004-12-15,2469.87060546875,4060.0,4120.0,4060.0,4120.0,10900
2004-12-16,2469.87060546875,4060.0,4070.0,4010.0,4040.0,15000
2004-12-17,2488.119873046875,4090.0,4090.0,4040.0,4040.0,14600
2004-12-20,2518.536865234375,4140.0,4140.0,4050.0,4050.0,23100
2004-12-21,2561.121337890625,4210.0,4250.0,4140.0,4140.0,36700
2004-12-22,2573.28759765625,4230.0,4240.0,4190.0,4240.0,18200
2004-12-23,2573.28759765625,4230.0,4230.0,4230.0,4230.0,0
2004-12-24,2567.203857421875,4220.0,4220.0,4200.0,4200.0,7800
2004-12-27,2579.3720703125,4240.0,4240.0,4200.0,4210.0,7800
2004-12-28,2573.28759765625,4230.0,4230.0,4210.0,4230.0,5200
2004-12-29,2579.3720703125,4240.0,4280.0,4230.0,4230.0,20900
2004-12-30,2579.3720703125,4240.0,4250.0,4230.0,4240.0,3800
2005-01-03,2579.3720703125,4240.0,4240.0,4240.0,4240.0,0
2005-01-04,2573.28759765625,4230.0,4250.0,4220.0,4250.0,4500
2005-01-05,2609.787841796875,4290.0,4340.0,4260.0,4280.0,23100
2005-01-06,2609.787841796875,4290.0,4310.0,4220.0,4280.0,15200
2005-01-07,2597.62158203125,4270.0,4290.0,4260.0,4290.0,6500
2005-01-10,2597.62158203125,4270.0,4270.0,4270.0,4270.0,0
2005-01-11,2640.2060546875,4340.0,4360.0,4290.0,4290.0,23100
2005-01-12,2658.455322265625,4370.0,4430.0,4310.0,4310.0,22800
2005-01-13,2646.289306640625,4350.0,4380.0,4330.0,4380.0,14200
2005-01-14,2688.873291015625,4420.0,4440.0,4310.0,4350.0,18100
2005-01-17,2688.873291015625,4420.0,4450.0,4400.0,4450.0,15800
2005-01-18,2664.53955078125,4380.0,4420.0,4340.0,4390.0,13300
2005-01-19,2658.455322265625,4370.0,4400.0,4310.0,4310.0,9000
2005-01-20,2652.3720703125,4360.0,4370.0,4310.0,4320.0,9800
2005-01-21,2664.53955078125,4380.0,4380.0,4280.0,4290.0,12900
2005-01-24,2676.7060546875,4400.0,4400.0,4350.0,4360.0,9200
2005-01-25,2780.124755859375,4570.0,4610.0,4440.0,4450.0,49500
2005-01-26,2974.79345703125,4890.0,4940.0,4730.0,4810.0,111400
2005-01-27,2968.709716796875,4880.0,5270.0,4810.0,4870.0,317100
2005-01-28,2877.459228515625,4730.0,4880.0,4610.0,4880.0,123600
2005-01-31,3047.795166015625,5010.0,5010.0,4840.0,4930.0,94300
2005-02-01,3303.29833984375,5430.0,5500.0,5090.0,5160.0,459100
2005-02-02,3254.631103515625,5350.0,5530.0,5280.0,5460.0,307100
2005-02-03,3345.883544921875,5500.0,5500.0,5380.0,5440.0,111800
2005-02-04,3278.965576171875,5390.0,5500.0,5310.0,5500.0,86100
2005-02-07,3224.214111328125,5300.0,5410.0,5300.0,5410.0,67100
2005-02-08,3297.215087890625,5420.0,5480.0,5350.0,5380.0,97000
2005-02-09,3236.381103515625,5320.0,5450.0,5310.0,5430.0,49100
2005-02-10,3151.214111328125,5180.0,5320.0,5170.0,5300.0,62200
2005-02-11,3151.214111328125,5180.0,5180.0,5180.0,5180.0,0
2005-02-14,3193.797119140625,5250.0,5290.0,5080.0,5130.0,72700
2005-02-15,3181.630859375,5230.0,5270.0,5210.0,5250.0,18700
2005-02-16,3145.1298828125,5170.0,5260.0,5100.0,5260.0,46400
2005-02-17,3126.87890625,5140.0,5190.0,5100.0,5100.0,29600
2005-02-18,3090.37841796875,5080.0,5130.0,5070.0,5130.0,34800
2005-02-21,3114.712158203125,5120.0,5130.0,5080.0,5100.0,24700
2005-02-22,3096.46240234375,5090.0,5170.0,5080.0,5110.0,42000
2005-02-23,3102.545654296875,5100.0,5110.0,5000.0,5000.0,45400
2005-02-24,3169.463134765625,5210.0,5240.0,5140.0,5140.0,54500
2005-02-25,3169.463134765625,5210.0,5350.0,5180.0,5230.0,63600
2005-02-28,3145.1298828125,5170.0,5280.0,5160.0,5250.0,37800
2005-03-01,3254.631103515625,5350.0,5350.0,5250.0,5270.0,71900
2005-03-02,3248.54833984375,5340.0,5380.0,5280.0,5360.0,47300
2005-03-03,3193.797119140625,5250.0,5330.0,5240.0,5280.0,47000
2005-03-04,3205.964111328125,5270.0,5280.0,5230.0,5280.0,43700
2005-03-07,3218.13134765625,5290.0,5310.0,5250.0,5270.0,37700
2005-03-08,3278.965576171875,5390.0,5410.0,5300.0,5300.0,79300
2005-03-09,3291.13232421875,5410.0,5480.0,5350.0,5470.0,73200
2005-03-10,3236.381103515625,5320.0,5410.0,5320.0,5400.0,25300
2005-03-11,3199.881103515625,5260.0,5300.0,5220.0,5220.0,51600
2005-03-14,3181.630859375,5230.0,5270.0,5180.0,5260.0,51400
2005-03-15,3151.214111328125,5180.0,5260.0,5140.0,5220.0,33800
2005-03-16,3205.964111328125,5270.0,5280.0,5120.0,5150.0,34900
2005-03-17,3205.964111328125,5270.0,5270.0,5190.0,5270.0,30800
2005-03-18,3175.547119140625,5220.0,5250.0,5170.0,5170.0,20200
2005-03-21,3175.547119140625,5220.0,5220.0,5220.0,5220.0,0
2005-03-22,3236.381103515625,5320.0,5360.0,5260.0,5290.0,36500
2005-03-23,3181.630859375,5230.0,5330.0,5200.0,5330.0,43300
2005-03-24,3151.214111328125,5180.0,5280.0,5150.0,5270.0,31600
2005-03-25,3139.04638671875,5160.0,5200.0,5140.0,5140.0,22300
2005-03-28,3175.832763671875,5180.0,5180.0,5120.0,5120.0,14900
2005-03-29,3120.6533203125,5090.0,5200.0,5030.0,5190.0,18700
2005-03-30,3114.52294921875,5080.0,5090.0,5020.0,5090.0,22600
2005-03-31,3096.1298828125,5050.0,5090.0,4950.0,5070.0,34800
2005-04-01,3040.951416015625,4960.0,4980.0,4860.0,4910.0,44500
2005-04-04,2985.772705078125,4870.0,4950.0,4870.0,4870.0,29600
2005-04-05,3065.475341796875,5000.0,5000.0,4880.0,4890.0,29400
2005-04-06,3102.26123046875,5060.0,5090.0,5000.0,5000.0,35500
2005-04-07,3089.9990234375,5040.0,5060.0,4980.0,5050.0,28200
2005-04-08,3120.6533203125,5090.0,5090.0,5000.0,5000.0,20500
2005-04-11,3083.867431640625,5030.0,5120.0,5030.0,5120.0,22700
2005-04-12,3059.343017578125,4990.0,5020.0,4970.0,5000.0,15400
2005-04-13,3040.951416015625,4960.0,4980.0,4920.0,4970.0,9900
2005-04-14,3065.475341796875,5000.0,5000.0,4810.0,4900.0,34300
2005-04-15,3040.951416015625,4960.0,5000.0,4890.0,4900.0,36800
2005-04-18,2912.201171875,4750.0,4860.0,4700.0,4850.0,39700
2005-04-19,2998.0341796875,4890.0,4950.0,4790.0,4790.0,34600
2005-04-20,3053.213623046875,4980.0,4990.0,4940.0,4990.0,35800
2005-04-21,3034.821044921875,4950.0,4970.0,4840.0,4930.0,28400
2005-04-22,3083.867431640625,5030.0,5040.0,4990.0,5000.0,21600
2005-04-25,3096.1298828125,5050.0,5070.0,5000.0,5030.0,20800
2005-04-26,3126.784912109375,5100.0,5180.0,5040.0,5060.0,44100
2005-04-27,3108.392578125,5070.0,5090.0,5030.0,5060.0,14600
2005-04-28,3163.570068359375,5160.0,5160.0,5060.0,5060.0,31000
2005-04-29,3163.570068359375,5160.0,5160.0,5160.0,5160.0,0
2005-05-02,3139.046142578125,5120.0,5160.0,5080.0,5160.0,9500
2005-05-05,3139.046142578125,5120.0,5120.0,5120.0,5120.0,0
2005-05-06,3132.9150390625,5110.0,5110.0,5050.0,5050.0,25500
2005-05-09,3059.343017578125,4990.0,5110.0,4930.0,5080.0,53900
2005-05-10,3083.867431640625,5030.0,5090.0,4950.0,5040.0,70500
2005-05-11,3010.2958984375,4910.0,4990.0,4820.0,4990.0,24200
2005-05-12,3004.166015625,4900.0,4910.0,4860.0,4890.0,16900
2005-05-13,2967.3798828125,4840.0,4870.0,4800.0,4850.0,20900
2005-05-16,2893.80859375,4720.0,4850.0,4720.0,4840.0,15600
2005-05-17,2795.713134765625,4560.0,4750.0,4550.0,4710.0,20500
2005-05-18,2795.713134765625,4560.0,4600.0,4550.0,4570.0,11200
2005-05-19,2918.33154296875,4760.0,4760.0,4590.0,4590.0,19400
2005-05-20,2832.497314453125,4620.0,4690.0,4620.0,4640.0,20800
2005-05-23,2850.8916015625,4650.0,4690.0,4480.0,4590.0,20100
2005-05-24,2814.10693359375,4590.0,4650.0,4540.0,4650.0,12800
2005-05-25,2838.62939453125,4630.0,4650.0,4560.0,4580.0,22300
2005-05-26,2801.844970703125,4570.0,4620.0,4530.0,4580.0,17800
2005-05-27,2838.62939453125,4630.0,4650.0,4580.0,4580.0,18400
2005-05-30,2869.284423828125,4680.0,4820.0,4650.0,4720.0,30700
2005-05-31,2875.415283203125,4690.0,4700.0,4620.0,4640.0,35900
2005-06-01,2875.415283203125,4690.0,4700.0,4670.0,4690.0,23600
2005-06-02,2869.284423828125,4680.0,4700.0,4680.0,4680.0,13800
2005-06-03,2863.153564453125,4670.0,4680.0,4600.0,4680.0,23600
2005-06-06,2869.284423828125,4680.0,4720.0,4600.0,4660.0,16000
2005-06-07,2832.497314453125,4620.0,4690.0,4620.0,4630.0,5400
2005-06-08,2838.62939453125,4630.0,4630.0,4580.0,4600.0,23300
2005-06-09,2820.23681640625,4600.0,4650.0,4580.0,4630.0,15900
2005-06-10,2814.10693359375,4590.0,4650.0,4590.0,4610.0,41600
2005-06-13,2814.10693359375,4590.0,4610.0,4560.0,4560.0,6400
2005-06-14,2807.975830078125,4580.0,4590.0,4560.0,4560.0,7100
2005-06-15,2924.46337890625,4770.0,4770.0,4560.0,4570.0,26900
2005-06-16,2942.8564453125,4800.0,4810.0,4740.0,4780.0,14000
2005-06-17,2948.987060546875,4810.0,4820.0,4730.0,4800.0,12200
2005-06-20,2912.201171875,4750.0,4800.0,4730.0,4780.0,11200
2005-06-21,2912.201171875,4750.0,4780.0,4690.0,4740.0,9300
2005-06-22,2930.59375,4780.0,4780.0,4690.0,4760.0,15100
2005-06-23,2930.59375,4780.0,4780.0,4710.0,4740.0,8800
2005-06-24,2918.33154296875,4760.0,4760.0,4710.0,4730.0,9200
2005-06-27,2899.93896484375,4730.0,4760.0,4700.0,4730.0,9700
2005-06-28,2942.8564453125,4800.0,4810.0,4710.0,4740.0,6500
2005-06-29,2948.987060546875,4810.0,4830.0,4760.0,4770.0,10000
2005-06-30,2979.640625,4860.0,4890.0,4850.0,4880.0,19500
2005-07-01,3016.42724609375,4920.0,4940.0,4870.0,4940.0,24200
2005-07-04,3022.558349609375,4930.0,4970.0,4900.0,4950.0,19100
2005-07-05,2998.0341796875,4890.0,4940.0,4860.0,4940.0,11800
2005-07-06,3010.2958984375,4910.0,4930.0,4850.0,4900.0,14300
2005-07-07,2991.903564453125,4880.0,4930.0,4870.0,4930.0,14900
2005-07-08,2979.640625,4860.0,4880.0,4840.0,4860.0,11300
2005-07-11,2979.640625,4860.0,4900.0,4820.0,4890.0,7300
2005-07-12,2979.640625,4860.0,4880.0,4830.0,4860.0,7500
2005-07-13,2973.510498046875,4850.0,4870.0,4840.0,4870.0,7900
2005-07-14,2967.3798828125,4840.0,4880.0,4820.0,4820.0,10300
2005-07-15,3077.737060546875,5020.0,5050.0,4860.0,4880.0,65700
2005-07-18,3077.737060546875,5020.0,5020.0,5020.0,5020.0,0
2005-07-19,3040.951416015625,4960.0,5000.0,4940.0,4980.0,19600
2005-07-20,3065.475341796875,5000.0,5020.0,4970.0,5000.0,26500
2005-07-21,3053.213623046875,4980.0,5030.0,4970.0,5010.0,15300
2005-07-22,3034.821044921875,4950.0,4980.0,4900.0,4980.0,13500
2005-07-25,3047.08251953125,4970.0,4980.0,4920.0,4940.0,16500
2005-07-26,3028.689208984375,4940.0,4970.0,4910.0,4930.0,9500
2005-07-27,3040.951416015625,4960.0,4970.0,4890.0,4920.0,13700
2005-07-28,3028.689208984375,4940.0,4960.0,4920.0,4950.0,12400
2005-07-29,3028.689208984375,4940.0,5030.0,4920.0,4960.0,21100
2005-08-01,3047.08251953125,4970.0,5010.0,4950.0,4960.0,22900
2005-08-02,2936.725341796875,4790.0,4950.0,4780.0,4940.0,53600
2005-08-03,2942.8564453125,4800.0,4870.0,4790.0,4810.0,16200
2005-08-04,2961.248779296875,4830.0,4870.0,4800.0,4810.0,27300
2005-08-05,2948.987060546875,4810.0,4830.0,4780.0,4830.0,21200
2005-08-08,2967.3798828125,4840.0,4850.0,4640.0,4800.0,24100
2005-08-09,2985.772705078125,4870.0,4870.0,4830.0,4830.0,10800
2005-08-10,3016.42724609375,4920.0,4940.0,4850.0,4870.0,25700
2005-08-11,3028.689208984375,4940.0,4980.0,4930.0,4950.0,16100
2005-08-12,3047.08251953125,4970.0,4980.0,4930.0,4980.0,20100
2005-08-15,3047.08251953125,4970.0,4990.0,4950.0,4980.0,10100
2005-08-16,3089.9990234375,5040.0,5070.0,4980.0,5000.0,24100
2005-08-17,3053.213623046875,4980.0,5050.0,4980.0,5010.0,20800
2005-08-18,3028.689208984375,4940.0,5020.0,4940.0,5020.0,11100
2005-08-19,2979.640625,4860.0,4920.0,4840.0,4890.0,25600
2005-08-22,2979.640625,4860.0,4910.0,4860.0,4910.0,11800
2005-08-23,2998.0341796875,4890.0,4900.0,4870.0,4870.0,12600
2005-08-24,2998.0341796875,4890.0,4900.0,4880.0,4900.0,6300
2005-08-25,2991.903564453125,4880.0,4910.0,4870.0,4880.0,11600
2005-08-26,2991.903564453125,4880.0,4900.0,4860.0,4890.0,11200
2005-08-29,2967.3798828125,4840.0,4910.0,4830.0,4890.0,16600
2005-08-30,2973.510498046875,4850.0,4870.0,4840.0,4860.0,9200
2005-08-31,2948.987060546875,4810.0,4850.0,4810.0,4850.0,12400
2005-09-01,2955.117919921875,4820.0,4860.0,4820.0,4830.0,10300
2005-09-02,2930.59375,4780.0,4870.0,4760.0,4870.0,16300
2005-09-05,2924.46337890625,4770.0,4810.0,4760.0,4790.0,16800
2005-09-06,2875.415283203125,4690.0,4780.0,4680.0,4780.0,28300
2005-09-07,2887.678466796875,4710.0,4720.0,4670.0,4700.0,20200
2005-09-08,2887.678466796875,4710.0,4730.0,4670.0,4720.0,15200
2005-09-09,2936.725341796875,4790.0,4810.0,4730.0,4730.0,34900
2005-09-12,2912.201171875,4750.0,4830.0,4730.0,4800.0,18500
2005-09-13,2924.46337890625,4770.0,4780.0,4740.0,4760.0,12400
2005-09-14,2906.0703125,4740.0,4790.0,4730.0,4770.0,20000
2005-09-15,2948.987060546875,4810.0,4820.0,4750.0,4760.0,14200
2005-09-16,2955.117919921875,4820.0,4840.0,4790.0,4820.0,29200
2005-09-19,2955.117919921875,4820.0,4820.0,4820.0,4820.0,0
2005-09-20,2991.903564453125,4880.0,4890.0,4820.0,4820.0,20100
2005-09-21,3016.42724609375,4920.0,4930.0,4870.0,4890.0,18400
2005-09-22,2998.0341796875,4890.0,4900.0,4860.0,4870.0,10100
2005-09-23,2998.0341796875,4890.0,4890.0,4890.0,4890.0,0
2005-09-26,3034.821044921875,4950.0,4960.0,4910.0,4910.0,16000
2005-09-27,3016.277099609375,4880.0,4940.0,4880.0,4940.0,13700
2005-09-28,3034.8203125,4910.0,4940.0,4860.0,4860.0,23800
2005-09-29,3041.000732421875,4920.0,4930.0,4870.0,4900.0,22900
2005-09-30,3139.895263671875,5080.0,5100.0,4900.0,4950.0,51100
2005-10-03,3207.88525390625,5190.0,5220.0,5080.0,5090.0,81700
2005-10-04,3214.066162109375,5200.0,5210.0,5110.0,5150.0,30000
2005-10-05,3189.342529296875,5160.0,5210.0,5140.0,5210.0,16500
2005-10-06,3108.9912109375,5030.0,5120.0,5030.0,5100.0,11000
2005-10-07,3115.171630859375,5040.0,5120.0,4990.0,4990.0,15900
2005-10-10,3115.171630859375,5040.0,5040.0,5040.0,5040.0,0
2005-10-11,3121.352783203125,5050.0,5070.0,4940.0,5050.0,12000
2005-10-12,3170.800048828125,5130.0,5240.0,5070.0,5070.0,45100
2005-10-13,3183.16259765625,5150.0,5170.0,5100.0,5130.0,26400
2005-10-14,3195.52392578125,5170.0,5180.0,5110.0,5160.0,11800
2005-10-17,3176.980224609375,5140.0,5190.0,5130.0,5170.0,15200
2005-10-18,3139.895263671875,5080.0,5130.0,5060.0,5130.0,21300
2005-10-19,3176.980224609375,5140.0,5170.0,5040.0,5080.0,28800
2005-10-20,3115.171630859375,5040.0,5150.0,5030.0,5150.0,13400
2005-10-21,3158.43798828125,5110.0,5130.0,5000.0,5000.0,7300
2005-10-24,3059.543701171875,4950.0,5050.0,4940.0,5030.0,14900
2005-10-25,3102.809814453125,5020.0,5100.0,4980.0,4980.0,20000
2005-10-26,3115.171630859375,5040.0,5110.0,5020.0,5110.0,14400
2005-10-27,3158.43798828125,5110.0,5150.0,5080.0,5100.0,12900
2005-10-28,3176.980224609375,5140.0,5140.0,5060.0,5120.0,12300
2005-10-31,3232.609375,5230.0,5230.0,5160.0,5160.0,16200
2005-11-01,3220.247802734375,5210.0,5220.0,5140.0,5150.0,12800
2005-11-02,3152.256591796875,5100.0,5150.0,5070.0,5120.0,25000
2005-11-03,3152.256591796875,5100.0,5100.0,5100.0,5100.0,0
2005-11-04,3133.71435546875,5070.0,5200.0,5070.0,5120.0,26700
2005-11-07,3146.076904296875,5090.0,5130.0,5070.0,5130.0,11400
2005-11-08,3195.52392578125,5170.0,5190.0,5110.0,5120.0,22200
2005-11-09,3158.43798828125,5110.0,5200.0,5110.0,5200.0,25100
2005-11-10,3207.88525390625,5190.0,5190.0,5110.0,5110.0,13100
2005-11-11,3164.61962890625,5120.0,5190.0,5100.0,5170.0,23700
2005-11-14,3158.43798828125,5110.0,5170.0,5110.0,5150.0,13300
2005-11-15,3152.256591796875,5100.0,5140.0,5100.0,5110.0,10500
2005-11-16,3164.61962890625,5120.0,5130.0,5040.0,5090.0,9900
2005-11-17,3164.61962890625,5120.0,5150.0,5080.0,5100.0,12400
2005-11-18,3176.980224609375,5140.0,5180.0,5110.0,5170.0,14400
2005-11-21,3362.407958984375,5440.0,5480.0,5210.0,5210.0,114600
2005-11-22,3343.86474609375,5410.0,5550.0,5360.0,5440.0,55500
2005-11-23,3343.86474609375,5410.0,5410.0,5410.0,5410.0,0
2005-11-24,3337.683837890625,5400.0,5470.0,5380.0,5440.0,20800
2005-11-25,3337.683837890625,5400.0,5430.0,5350.0,5360.0,12500
2005-11-28,3306.778564453125,5350.0,5400.0,5320.0,5400.0,22600
2005-11-29,3251.15234375,5260.0,5350.0,5220.0,5300.0,46300
2005-11-30,3232.609375,5230.0,5330.0,5230.0,5320.0,25100
2005-12-01,3356.226318359375,5430.0,5450.0,5230.0,5230.0,28300
2005-12-02,3343.86474609375,5410.0,5460.0,5380.0,5460.0,25900
2005-12-05,3356.226318359375,5430.0,5450.0,5320.0,5340.0,25600
2005-12-06,3300.59912109375,5340.0,5460.0,5340.0,5460.0,27000
2005-12-07,3350.046630859375,5420.0,5420.0,5370.0,5380.0,14700
2005-12-08,3300.59912109375,5340.0,5420.0,5320.0,5400.0,20500
2005-12-09,3312.9599609375,5360.0,5420.0,5350.0,5420.0,25600
2005-12-12,3343.86474609375,5410.0,5460.0,5380.0,5420.0,28800
2005-12-13,3343.86474609375,5410.0,5440.0,5370.0,5410.0,32600
2005-12-14,3405.673583984375,5510.0,5650.0,5420.0,5440.0,87400
2005-12-15,3442.7587890625,5570.0,5640.0,5450.0,5520.0,54300
2005-12-16,3418.036376953125,5530.0,5630.0,5490.0,5630.0,26200
2005-12-19,3411.85498046875,5520.0,5560.0,5490.0,5530.0,15500
2005-12-20,3380.949951171875,5470.0,5530.0,5450.0,5500.0,21300
2005-12-21,3418.036376953125,5530.0,5560.0,5440.0,5510.0,26000
2005-12-22,3498.3876953125,5660.0,5750.0,5570.0,5570.0,50600
2005-12-23,3498.3876953125,5660.0,5660.0,5660.0,5660.0,0
2005-12-26,3547.83447265625,5740.0,5870.0,5690.0,5800.0,38800
2005-12-27,3529.292236328125,5710.0,5750.0,5670.0,5740.0,15800
2005-12-28,3578.739990234375,5790.0,5820.0,5650.0,5650.0,16500
2005-12-29,3578.739990234375,5790.0,5860.0,5750.0,5840.0,18500
2005-12-30,3467.48291015625,5610.0,5800.0,5610.0,5800.0,11800
2006-01-03,3467.48291015625,5610.0,5610.0,5610.0,5610.0,0
2006-01-04,3584.91943359375,5800.0,5820.0,5720.0,5810.0,13900
2006-01-05,3584.91943359375,5800.0,5860.0,5750.0,5850.0,19400
2006-01-06,3578.739990234375,5790.0,5840.0,5750.0,5820.0,15000
2006-01-09,3578.739990234375,5790.0,5790.0,5790.0,5790.0,0
2006-01-10,3560.196533203125,5760.0,5920.0,5750.0,5850.0,28500
2006-01-11,3572.557861328125,5780.0,5800.0,5700.0,5750.0,17900
2006-01-12,3541.65380859375,5730.0,5850.0,5730.0,5850.0,18100
2006-01-13,3516.929931640625,5690.0,5780.0,5670.0,5720.0,21100
2006-01-16,3535.47216796875,5720.0,5770.0,5660.0,5670.0,16100
2006-01-17,3461.301513671875,5600.0,5730.0,5600.0,5650.0,17500
2006-01-18,3288.23681640625,5320.0,5510.0,5230.0,5510.0,34100
2006-01-19,3393.311767578125,5490.0,5530.0,5260.0,5300.0,34400
2006-01-20,3343.86474609375,5410.0,5580.0,5380.0,5510.0,20000
2006-01-23,3251.15234375,5260.0,5380.0,5260.0,5300.0,27200
2006-01-24,3306.778564453125,5350.0,5440.0,5260.0,5270.0,21100
2006-01-25,3312.9599609375,5360.0,5450.0,5330.0,5450.0,18600
2006-01-26,3411.85498046875,5520.0,5520.0,5360.0,5490.0,20200
2006-01-27,3541.65380859375,5730.0,5740.0,5580.0,5580.0,26200
2006-01-30,3510.7490234375,5680.0,5780.0,5680.0,5740.0,17900
2006-01-31,3467.48291015625,5610.0,5680.0,5480.0,5680.0,12500
2006-02-01,3498.3876953125,5660.0,5670.0,5570.0,5630.0,18900
2006-02-02,3541.65380859375,5730.0,5760.0,5620.0,5620.0,28000
2006-02-03,3566.377685546875,5770.0,5800.0,5720.0,5720.0,32200
2006-02-06,3572.557861328125,5780.0,5820.0,5740.0,5790.0,12000
2006-02-07,3566.377685546875,5770.0,5790.0,5750.0,5750.0,12900
2006-02-08,3535.47216796875,5720.0,5760.0,5720.0,5750.0,27800
2006-02-09,3566.377685546875,5770.0,5810.0,5740.0,5740.0,26200
2006-02-10,3535.47216796875,5720.0,5790.0,5720.0,5770.0,30700
2006-02-13,3473.663818359375,5620.0,5720.0,5570.0,5720.0,30500
2006-02-14,3442.7587890625,5570.0,5660.0,5430.0,5520.0,19600
2006-02-15,3374.76904296875,5460.0,5600.0,5440.0,5580.0,18100
2006-02-16,3374.76904296875,5460.0,5550.0,5430.0,5430.0,15700
2006-02-17,3350.046630859375,5420.0,5550.0,5420.0,5440.0,25000
2006-02-20,3306.778564453125,5350.0,5430.0,5320.0,5350.0,21900
2006-02-21,3325.322265625,5380.0,5430.0,5300.0,5340.0,26700
2006-02-22,3331.5029296875,5390.0,5500.0,5320.0,5430.0,25100
2006-02-23,3442.7587890625,5570.0,5650.0,5300.0,5300.0,26400
2006-02-24,3461.301513671875,5600.0,5680.0,5410.0,5670.0,22800
2006-02-27,3448.940185546875,5580.0,5680.0,5560.0,5600.0,21500
2006-02-28,3399.49365234375,5500.0,5560.0,5320.0,5550.0,26200
2006-03-01,3319.14208984375,5370.0,5460.0,5370.0,5420.0,20400
2006-03-02,3312.9599609375,5360.0,5540.0,5360.0,5440.0,14000
2006-03-03,3325.322265625,5380.0,5440.0,5310.0,5370.0,15900
2006-03-06,3312.9599609375,5360.0,5390.0,5280.0,5340.0,18600
2006-03-07,3288.23681640625,5320.0,5390.0,5300.0,5300.0,8800
2006-03-08,3238.7900390625,5240.0,5360.0,5230.0,5360.0,10400
2006-03-09,3350.046630859375,5420.0,5420.0,5260.0,5320.0,17600
2006-03-10,3380.949951171875,5470.0,5530.0,5440.0,5500.0,22400
2006-03-13,3455.1220703125,5590.0,5590.0,5480.0,5480.0,14800
2006-03-14,3436.57861328125,5560.0,5620.0,5530.0,5600.0,11500
2006-03-15,3436.57861328125,5560.0,5600.0,5550.0,5570.0,11800
2006-03-16,3430.3984375,5550.0,5610.0,5540.0,5600.0,16000
2006-03-17,3467.48291015625,5610.0,5610.0,5500.0,5500.0,8100
2006-03-20,3486.0263671875,5640.0,5680.0,5610.0,5610.0,13100
2006-03-21,3486.0263671875,5640.0,5640.0,5640.0,5640.0,0
2006-03-22,3529.292236328125,5710.0,5730.0,5650.0,5650.0,17300
2006-03-23,3529.292236328125,5710.0,5750.0,5700.0,5700.0,13800
2006-03-24,3529.292236328125,5710.0,5740.0,5700.0,5730.0,15400
2006-03-27,3566.377685546875,5770.0,5860.0,5730.0,5730.0,21400
2006-03-28,3591.27392578125,5770.0,5820.0,5760.0,5800.0,7200
2006-03-29,3597.49755859375,5780.0,5800.0,5700.0,5770.0,10400
2006-03-30,3597.49755859375,5780.0,5840.0,5770.0,5830.0,14900
2006-03-31,3547.70556640625,5700.0,5780.0,5680.0,5780.0,15900
2006-04-03,3609.9453125,5800.0,5850.0,5750.0,5750.0,18300
2006-04-04,3659.73779296875,5880.0,5920.0,5800.0,5800.0,25900
2006-04-05,3715.754638671875,5970.0,6030.0,5880.0,5910.0,52100
2006-04-06,3815.33935546875,6130.0,6150.0,6050.0,6070.0,41800
2006-04-07,3777.995361328125,6070.0,6090.0,6010.0,6090.0,24400
2006-04-10,3746.874267578125,6020.0,6040.0,6000.0,6040.0,14400
2006-04-11,3746.874267578125,6020.0,6070.0,5970.0,6050.0,25000
2006-04-12,3715.754638671875,5970.0,6040.0,5970.0,6010.0,16400
2006-04-13,3709.530029296875,5960.0,6000.0,5850.0,5950.0,13600
2006-04-14,3678.410400390625,5910.0,5970.0,5820.0,5970.0,7300
2006-04-17,3641.06640625,5850.0,5910.0,5840.0,5850.0,8200
2006-04-18,3721.978271484375,5980.0,5980.0,5830.0,5850.0,9500
2006-04-19,3684.635009765625,5920.0,5990.0,5880.0,5980.0,9200
2006-04-20,3641.06640625,5850.0,5880.0,5830.0,5850.0,10600
2006-04-21,3634.842041015625,5840.0,5860.0,5830.0,5840.0,6400
2006-04-24,3479.241943359375,5590.0,5790.0,5550.0,5720.0,31400
2006-04-25,3491.68896484375,5610.0,5690.0,5500.0,5550.0,23900
2006-04-26,3354.759521484375,5390.0,5580.0,5360.0,5580.0,39200
2006-04-27,3354.759521484375,5390.0,5480.0,5390.0,5480.0,21800
2006-04-28,3373.4326171875,5420.0,5460.0,5390.0,5450.0,21200
2006-05-01,3417.0,5490.0,5570.0,5410.0,5410.0,29400
2006-05-02,3435.67236328125,5520.0,5560.0,5430.0,5510.0,12800
2006-05-05,3435.67236328125,5520.0,5520.0,5520.0,5520.0,0
2006-05-08,3429.4482421875,5510.0,5650.0,5470.0,5560.0,16200
2006-05-09,3392.104248046875,5450.0,5550.0,5450.0,5480.0,9500
2006-05-10,3360.983642578125,5400.0,5450.0,5380.0,5420.0,18400
2006-05-11,3261.399658203125,5240.0,5450.0,5230.0,5370.0,19500
2006-05-12,3192.93505859375,5130.0,5290.0,5100.0,5200.0,20400
2006-05-15,3136.918212890625,5040.0,5250.0,5000.0,5150.0,20400
2006-05-16,3087.126220703125,4960.0,5160.0,4920.0,5100.0,25500
2006-05-17,3112.022216796875,5000.0,5040.0,4920.0,4960.0,19000
2006-05-18,3080.902099609375,4950.0,5030.0,4900.0,5000.0,23400
2006-05-19,3006.213134765625,4830.0,4950.0,4790.0,4900.0,37500
2006-05-22,2987.541259765625,4800.0,4950.0,4790.0,4900.0,21900
2006-05-23,2968.868408203125,4770.0,4840.0,4750.0,4800.0,12600
2006-05-24,2919.076904296875,4690.0,4800.0,4640.0,4800.0,25800
2006-05-25,2981.31689453125,4790.0,4880.0,4690.0,4690.0,29700
2006-05-26,3006.213134765625,4830.0,4900.0,4800.0,4800.0,19700
2006-05-29,2987.541259765625,4800.0,4900.0,4780.0,4900.0,16200
2006-05-30,2993.764892578125,4810.0,4840.0,4790.0,4830.0,15300
2006-05-31,2993.764892578125,4810.0,4870.0,4760.0,4810.0,27900
2006-06-01,2962.64453125,4760.0,4850.0,4720.0,4820.0,29900
2006-06-02,2956.421142578125,4750.0,4780.0,4450.0,4780.0,43600
2006-06-05,2943.971923828125,4730.0,4790.0,4650.0,4760.0,29600
2006-06-06,2943.971923828125,4730.0,4770.0,4540.0,4550.0,29400
2006-06-07,2919.076904296875,4690.0,4840.0,4630.0,4760.0,46300
2006-06-08,2738.579345703125,4400.0,4700.0,4380.0,4680.0,40800
2006-06-09,2713.6826171875,4360.0,4470.0,4230.0,4320.0,52300
2006-06-12,2744.80322265625,4410.0,4430.0,4320.0,4360.0,22700
2006-06-13,2676.3388671875,4300.0,4450.0,4300.0,4400.0,18500
2006-06-14,2825.716552734375,4540.0,4550.0,4310.0,4350.0,35900
2006-06-15,2794.59619140625,4490.0,4590.0,4420.0,4590.0,18000
2006-06-16,2825.716552734375,4540.0,4700.0,4500.0,4550.0,22800
2006-06-19,2825.716552734375,4540.0,4640.0,4520.0,4570.0,19200
2006-06-20,2794.59619140625,4490.0,4560.0,4450.0,4540.0,12700
2006-06-21,2763.474853515625,4440.0,4510.0,4400.0,4500.0,8600
2006-06-22,2794.59619140625,4490.0,4550.0,4440.0,4470.0,8200
2006-06-23,2763.474853515625,4440.0,4490.0,4340.0,4490.0,13400
2006-06-26,2769.699462890625,4450.0,4540.0,4450.0,4490.0,8000
2006-06-27,2775.9228515625,4460.0,4520.0,4430.0,4520.0,7200
2006-06-28,2757.25146484375,4430.0,4480.0,4400.0,4430.0,7400
2006-06-29,2775.9228515625,4460.0,4530.0,4460.0,4510.0,9100
2006-06-30,2838.16455078125,4560.0,4660.0,4520.0,4660.0,9700
2006-07-03,2856.83642578125,4590.0,4660.0,4580.0,4660.0,5900
2006-07-04,2887.955810546875,4640.0,4640.0,4580.0,4630.0,4700
2006-07-05,2863.060302734375,4600.0,4670.0,4580.0,4670.0,5600
2006-07-06,2844.387939453125,4570.0,4630.0,4530.0,4630.0,9200
2006-07-07,2869.284423828125,4610.0,4620.0,4520.0,4580.0,7500
2006-07-10,2844.387939453125,4570.0,4570.0,4510.0,4520.0,9900
2006-07-11,2838.16455078125,4560.0,4670.0,4500.0,4670.0,13500
2006-07-12,2769.699462890625,4450.0,4530.0,4410.0,4530.0,12000
2006-07-13,2726.130859375,4380.0,4390.0,4280.0,4350.0,11600
2006-07-14,2707.459228515625,4350.0,4380.0,4280.0,4380.0,10800
2006-07-17,2707.459228515625,4350.0,4350.0,4350.0,4350.0,0
2006-07-18,2626.546630859375,4220.0,4310.0,4190.0,4310.0,14000
2006-07-19,2595.4267578125,4170.0,4230.0,4130.0,4230.0,6800
2006-07-20,2657.6669921875,4270.0,4270.0,4230.0,4250.0,10400
2006-07-21,2645.218994140625,4250.0,4320.0,4180.0,4260.0,13900
2006-07-24,2676.3388671875,4300.0,4350.0,4180.0,4240.0,12500
2006-07-25,2719.90771484375,4370.0,4440.0,4310.0,4350.0,6600
2006-07-26,2695.010986328125,4330.0,4400.0,4320.0,4370.0,8800
2006-07-27,2732.35546875,4390.0,4390.0,4270.0,4340.0,4900
2006-07-28,2751.02734375,4420.0,4430.0,4310.0,4390.0,7500
2006-07-31,2751.02734375,4420.0,4510.0,4420.0,4510.0,6700
2006-08-01,2794.59619140625,4490.0,4540.0,4400.0,4470.0,13900
2006-08-02,2800.8203125,4500.0,4520.0,4460.0,4490.0,5400
2006-08-03,2788.3720703125,4480.0,4550.0,4480.0,4490.0,3200
2006-08-04,2775.9228515625,4460.0,4520.0,4420.0,4520.0,3200
2006-08-07,2726.130859375,4380.0,4460.0,4380.0,4460.0,5000
2006-08-08,2738.579345703125,4400.0,4410.0,4340.0,4380.0,8000
2006-08-09,2769.699462890625,4450.0,4450.0,4320.0,4410.0,7200
2006-08-10,2751.02734375,4420.0,4440.0,4360.0,4440.0,8000
2006-08-11,2738.579345703125,4400.0,4450.0,4390.0,4390.0,6000
2006-08-14,2794.59619140625,4490.0,4490.0,4440.0,4440.0,6200
2006-08-15,2775.9228515625,4460.0,4500.0,4450.0,4500.0,4700
2006-08-16,2819.491943359375,4530.0,4540.0,4490.0,4520.0,5200
2006-08-17,2856.83642578125,4590.0,4630.0,4550.0,4560.0,14900
2006-08-18,2906.62890625,4670.0,4680.0,4590.0,4630.0,6800
2006-08-21,2943.971923828125,4730.0,4740.0,4700.0,4700.0,8000
2006-08-22,2925.300537109375,4700.0,4750.0,4680.0,4720.0,10600
2006-08-23,2906.62890625,4670.0,4700.0,4670.0,4680.0,3300
2006-08-24,2881.73291015625,4630.0,4680.0,4600.0,4670.0,7500
2006-08-25,2875.50830078125,4620.0,4640.0,4600.0,4640.0,6000
2006-08-28,2813.26806640625,4520.0,4640.0,4500.0,4640.0,9900
2006-08-29,2831.9404296875,4550.0,4550.0,4500.0,4540.0,5900
2006-08-30,2825.716552734375,4540.0,4580.0,4480.0,4560.0,6000
2006-08-31,2844.387939453125,4570.0,4610.0,4530.0,4540.0,13900
2006-09-01,2813.26806640625,4520.0,4570.0,4510.0,4540.0,6100
2006-09-04,2838.16455078125,4560.0,4600.0,4530.0,4570.0,5900
2006-09-05,2856.83642578125,4590.0,4600.0,4570.0,4590.0,4400
2006-09-06,2819.491943359375,4530.0,4590.0,4510.0,4580.0,10600
2006-09-07,2800.8203125,4500.0,4540.0,4500.0,4530.0,8300
2006-09-08,2788.3720703125,4480.0,4500.0,4450.0,4470.0,14100
2006-09-11,2751.02734375,4420.0,4520.0,4420.0,4480.0,8600
2006-09-12,2707.459228515625,4350.0,4470.0,4350.0,4420.0,10600
2006-09-13,2676.3388671875,4300.0,4370.0,4280.0,4360.0,15100
2006-09-14,2663.890869140625,4280.0,4310.0,4250.0,4280.0,13900
2006-09-15,2657.6669921875,4270.0,4280.0,4250.0,4250.0,10300
2006-09-18,2657.6669921875,4270.0,4270.0,4270.0,4270.0,0
2006-09-19,2657.6669921875,4270.0,4350.0,4260.0,4290.0,13200
2006-09-20,2620.32275390625,4210.0,4280.0,4180.0,4280.0,9400
2006-09-21,2632.770751953125,4230.0,4260.0,4210.0,4260.0,5200
2006-09-22,2601.64990234375,4180.0,4230.0,4170.0,4230.0,11400
2006-09-25,2638.994873046875,4240.0,4250.0,4150.0,4160.0,10400
2006-09-26,2626.427734375,4180.0,4250.0,4150.0,4250.0,7400
2006-09-27,2657.8447265625,4230.0,4250.0,4200.0,4230.0,14700
2006-09-28,2651.561767578125,4220.0,4270.0,4210.0,4270.0,8700
2006-09-29,2657.8447265625,4230.0,4240.0,4220.0,4240.0,9200
2006-10-02,2676.695068359375,4260.0,4260.0,4220.0,4240.0,19400
2006-10-03,2676.695068359375,4260.0,4290.0,4260.0,4270.0,17200
2006-10-04,2632.71142578125,4190.0,4280.0,4180.0,4280.0,18600
2006-10-05,2670.411376953125,4250.0,4260.0,4210.0,4220.0,10100
2006-10-06,2613.86181640625,4160.0,4250.0,4160.0,4230.0,16600
2006-10-09,2613.86181640625,4160.0,4160.0,4160.0,4160.0,0
2006-10-10,2620.14501953125,4170.0,4210.0,4150.0,4200.0,18000
2006-10-11,2588.727783203125,4120.0,4190.0,4100.0,4170.0,13000
2006-10-12,2557.311767578125,4070.0,4140.0,4030.0,4100.0,14200
2006-10-13,2576.1611328125,4100.0,4140.0,4040.0,4090.0,26900
2006-10-16,2588.727783203125,4120.0,4140.0,4090.0,4090.0,18000
2006-10-17,2595.011474609375,4130.0,4170.0,4130.0,4170.0,8700
2006-10-18,2607.577392578125,4150.0,4170.0,4090.0,4140.0,26000
2006-10-19,2664.12841796875,4240.0,4320.0,4200.0,4200.0,34500
2006-10-20,2695.545166015625,4290.0,4330.0,4260.0,4280.0,22400
2006-10-23,2708.111083984375,4310.0,4320.0,4260.0,4320.0,15300
2006-10-24,2689.260986328125,4280.0,4340.0,4280.0,4320.0,17500
2006-10-25,2701.828125,4300.0,4300.0,4270.0,4280.0,11800
2006-10-26,2676.695068359375,4260.0,4300.0,4260.0,4260.0,14200
2006-10-27,2651.561767578125,4220.0,4290.0,4220.0,4290.0,14800
2006-10-30,2626.427734375,4180.0,4230.0,4170.0,4230.0,27400
2006-10-31,2651.561767578125,4220.0,4220.0,4110.0,4180.0,23200
2006-11-01,2626.427734375,4180.0,4220.0,4170.0,4220.0,11400
2006-11-02,2607.577392578125,4150.0,4180.0,4140.0,4150.0,11000
2006-11-03,2607.577392578125,4150.0,4150.0,4150.0,4150.0,0
2006-11-06,2638.9951171875,4200.0,4290.0,4150.0,4150.0,20700
2006-11-07,2632.71142578125,4190.0,4240.0,4180.0,4220.0,8600
2006-11-08,2595.011474609375,4130.0,4210.0,4130.0,4170.0,11200
2006-11-09,2607.577392578125,4150.0,4180.0,4130.0,4150.0,16300
2006-11-10,2588.727783203125,4120.0,4200.0,4120.0,4150.0,20100
2006-11-13,2595.011474609375,4130.0,4180.0,4100.0,4140.0,21700
2006-11-14,2664.12841796875,4240.0,4270.0,4120.0,4120.0,16000
2006-11-15,2632.71142578125,4190.0,4280.0,4190.0,4250.0,9800
2006-11-16,2626.427734375,4180.0,4230.0,4180.0,4180.0,9000
2006-11-17,2620.14501953125,4170.0,4180.0,4150.0,4160.0,24000
2006-11-20,2569.878662109375,4090.0,4150.0,4090.0,4140.0,15500
2006-11-21,2532.1787109375,4030.0,4120.0,4030.0,4090.0,20100
2006-11-22,2532.1787109375,4030.0,4030.0,3950.0,4000.0,20600
2006-11-23,2532.1787109375,4030.0,4030.0,4030.0,4030.0,0
2006-11-24,2519.6123046875,4010.0,4050.0,3960.0,3990.0,12500
2006-11-27,2569.878662109375,4090.0,4090.0,4040.0,4050.0,8100
2006-11-28,2544.744384765625,4050.0,4070.0,4020.0,4050.0,11500
2006-11-29,2588.727783203125,4120.0,4120.0,4050.0,4050.0,12800
2006-11-30,2632.71142578125,4190.0,4190.0,4120.0,4170.0,11600
2006-12-01,2607.577392578125,4150.0,4180.0,4150.0,4180.0,5900
2006-12-04,2613.86181640625,4160.0,4160.0,4120.0,4140.0,9700
2006-12-05,2588.727783203125,4120.0,4160.0,4120.0,4160.0,10800
2006-12-06,2607.577392578125,4150.0,4160.0,4130.0,4140.0,11300
2006-12-07,2620.14501953125,4170.0,4180.0,4140.0,4180.0,10200
2006-12-08,2613.86181640625,4160.0,4220.0,4150.0,4200.0,23000
2006-12-11,2651.561767578125,4220.0,4220.0,4150.0,4150.0,7200
2006-12-12,2645.278564453125,4210.0,4220.0,4190.0,4210.0,6800
2006-12-13,2638.9951171875,4200.0,4210.0,4170.0,4180.0,8300
2006-12-14,2651.561767578125,4220.0,4230.0,4190.0,4200.0,8400
2006-12-15,2651.561767578125,4220.0,4240.0,4200.0,4210.0,7200
2006-12-18,2626.427734375,4180.0,4220.0,4170.0,4220.0,8800
2006-12-19,2607.577392578125,4150.0,4190.0,4130.0,4190.0,16200
2006-12-20,2638.9951171875,4200.0,4200.0,4140.0,4160.0,12100
2006-12-21,2626.427734375,4180.0,4200.0,4160.0,4190.0,6800
2006-12-22,2620.14501953125,4170.0,4190.0,4160.0,4180.0,5400
2006-12-25,2588.727783203125,4120.0,4160.0,4110.0,4150.0,7700
2006-12-26,2607.577392578125,4150.0,4150.0,4100.0,4110.0,10400
2006-12-27,2620.14501953125,4170.0,4170.0,4120.0,4140.0,7500
2006-12-28,2638.9951171875,4200.0,4200.0,4170.0,4170.0,7600
2006-12-29,2626.427734375,4180.0,4230.0,4180.0,4230.0,5300
2007-01-04,2657.8447265625,4230.0,4250.0,4180.0,4230.0,5800
2007-01-05,2682.978515625,4270.0,4330.0,4250.0,4270.0,16100
2007-01-09,2664.12841796875,4240.0,4320.0,4150.0,4320.0,23600
2007-01-10,2607.577392578125,4150.0,4280.0,4130.0,4210.0,20300
2007-01-11,2626.427734375,4180.0,4200.0,4150.0,4180.0,8300
2007-01-12,2632.71142578125,4190.0,4220.0,4180.0,4180.0,14900
2007-01-15,2632.71142578125,4190.0,4230.0,4180.0,4200.0,15700
2007-01-16,2638.9951171875,4200.0,4210.0,4180.0,4210.0,12100
2007-01-17,2651.561767578125,4220.0,4230.0,4190.0,4220.0,9400
2007-01-18,2638.9951171875,4200.0,4250.0,4200.0,4240.0,11800
2007-01-19,2664.12841796875,4240.0,4260.0,4200.0,4210.0,20100
2007-01-22,2701.828125,4300.0,4330.0,4260.0,4270.0,18000
2007-01-23,2689.260986328125,4280.0,4300.0,4280.0,4300.0,11700
2007-01-24,2701.828125,4300.0,4310.0,4260.0,4300.0,35200
2007-01-25,2670.411376953125,4250.0,4310.0,4250.0,4300.0,16000
2007-01-26,2676.695068359375,4260.0,4280.0,4230.0,4250.0,12200
2007-01-29,2664.12841796875,4240.0,4270.0,4230.0,4270.0,12500
2007-01-30,2682.978515625,4270.0,4290.0,4250.0,4250.0,8400
2007-01-31,2682.978515625,4270.0,4290.0,4260.0,4290.0,10700
2007-02-01,2745.811767578125,4370.0,4400.0,4310.0,4320.0,46300
2007-02-02,2783.51123046875,4430.0,4510.0,4410.0,4420.0,52400
2007-02-05,2783.51123046875,4430.0,4470.0,4400.0,4460.0,27700
2007-02-06,2858.91162109375,4550.0,4570.0,4420.0,4420.0,46700
2007-02-07,2821.211669921875,4490.0,4560.0,4490.0,4550.0,30700
2007-02-08,2821.211669921875,4490.0,4570.0,4480.0,4540.0,26200
2007-02-09,2884.04443359375,4590.0,4600.0,4500.0,4510.0,28000
2007-02-13,2934.31103515625,4670.0,4740.0,4610.0,4630.0,32400
2007-02-14,2890.327392578125,4600.0,4720.0,4570.0,4690.0,35700
2007-02-15,2884.04443359375,4590.0,4620.0,4570.0,4620.0,16900
2007-02-16,2877.760986328125,4580.0,4600.0,4560.0,4600.0,17200
2007-02-19,2852.62841796875,4540.0,4560.0,4510.0,4550.0,17200
2007-02-20,2871.477783203125,4570.0,4570.0,4520.0,4540.0,10000
2007-02-21,2928.027099609375,4660.0,4660.0,4600.0,4600.0,44300
2007-02-22,3028.5615234375,4820.0,4850.0,4740.0,4790.0,60300
2007-02-23,3034.843994140625,4830.0,4840.0,4760.0,4770.0,34100
2007-02-26,3053.693603515625,4860.0,4890.0,4830.0,4830.0,32900
2007-02-27,3041.12744140625,4840.0,4870.0,4800.0,4870.0,25500
2007-02-28,2978.294677734375,4740.0,4770.0,4570.0,4600.0,39000
2007-03-01,2940.593994140625,4680.0,4750.0,4640.0,4750.0,41800
2007-03-02,2946.877685546875,4690.0,4740.0,4600.0,4670.0,29100
2007-03-05,2858.91162109375,4550.0,4700.0,4540.0,4700.0,37000
2007-03-06,2921.743896484375,4650.0,4690.0,4500.0,4500.0,25100
2007-03-07,2946.877685546875,4690.0,4770.0,4670.0,4770.0,27200
2007-03-08,3003.42822265625,4780.0,4780.0,4620.0,4730.0,21900
2007-03-09,2978.294677734375,4740.0,4790.0,4740.0,4790.0,29100
2007-03-12,3003.42822265625,4780.0,4800.0,4750.0,4770.0,19200
2007-03-13,3003.42822265625,4780.0,4810.0,4770.0,4800.0,19600
2007-03-14,2934.31103515625,4670.0,4770.0,4670.0,4770.0,18400
2007-03-15,2946.877685546875,4690.0,4730.0,4650.0,4690.0,13000
2007-03-16,2884.04443359375,4590.0,4660.0,4580.0,4650.0,27400
2007-03-19,2890.327392578125,4600.0,4640.0,4560.0,4600.0,15500
2007-03-20,2871.477783203125,4570.0,4640.0,4520.0,4610.0,22500
2007-03-22,2946.877685546875,4690.0,4710.0,4640.0,4670.0,18700
2007-03-23,2940.593994140625,4680.0,4690.0,4640.0,4650.0,16900
2007-03-26,2965.727294921875,4720.0,4770.0,4680.0,4730.0,17500
2007-03-27,2921.3681640625,4610.0,4720.0,4590.0,4720.0,11100
2007-03-28,2870.672119140625,4530.0,4620.0,4510.0,4580.0,30600
2007-03-29,2883.3466796875,4550.0,4570.0,4500.0,4530.0,16300
2007-03-30,2902.358154296875,4580.0,4660.0,4560.0,4640.0,8800
2007-04-02,2883.3466796875,4550.0,4640.0,4550.0,4580.0,27600
2007-04-03,2934.04296875,4630.0,4660.0,4510.0,4510.0,37400
2007-04-04,2997.411865234375,4730.0,4760.0,4640.0,4680.0,35200
2007-04-05,3029.097900390625,4780.0,4790.0,4670.0,4680.0,35900
2007-04-06,2978.40185546875,4700.0,4750.0,4680.0,4730.0,12300
2007-04-09,3041.77197265625,4800.0,4820.0,4750.0,4750.0,19600
2007-04-10,3010.086181640625,4750.0,4810.0,4750.0,4750.0,15300
2007-04-11,3022.760498046875,4770.0,4780.0,4720.0,4720.0,14000
2007-04-12,3016.42333984375,4760.0,4810.0,4740.0,4810.0,11700
2007-04-13,2997.411865234375,4730.0,4770.0,4730.0,4760.0,9100
2007-04-16,3022.760498046875,4770.0,4780.0,4710.0,4710.0,15700
2007-04-17,3010.086181640625,4750.0,4810.0,4740.0,4810.0,15900
2007-04-18,3003.75,4740.0,4800.0,4730.0,4790.0,17100
2007-04-19,2915.03125,4600.0,4710.0,4600.0,4700.0,23500
2007-04-20,2921.3681640625,4610.0,4640.0,4600.0,4630.0,9300
2007-04-23,2921.3681640625,4610.0,4670.0,4580.0,4610.0,18000
2007-04-24,2946.716064453125,4650.0,4660.0,4560.0,4570.0,19800
2007-04-25,2896.0205078125,4570.0,4630.0,4560.0,4600.0,11400
2007-04-26,2921.3681640625,4610.0,4630.0,4590.0,4590.0,12200
2007-04-27,2889.68310546875,4560.0,4680.0,4550.0,4620.0,18900
2007-05-01,2889.68310546875,4560.0,4620.0,4560.0,4580.0,7500
2007-05-02,2908.6943359375,4590.0,4630.0,4580.0,4600.0,6600
2007-05-07,2902.358154296875,4580.0,4620.0,4580.0,4610.0,8700
2007-05-08,2902.358154296875,4580.0,4610.0,4550.0,4600.0,10600
2007-05-09,2902.358154296875,4580.0,4600.0,4550.0,4570.0,9500
2007-05-10,2896.0205078125,4570.0,4590.0,4560.0,4570.0,7800
2007-05-11,2845.324462890625,4490.0,4570.0,4440.0,4570.0,13900
2007-05-14,2731.25732421875,4310.0,4500.0,4310.0,4460.0,26900
2007-05-15,2680.5615234375,4230.0,4270.0,4230.0,4250.0,23700
2007-05-16,2642.53955078125,4170.0,4240.0,4160.0,4210.0,20600
2007-05-17,2629.864501953125,4150.0,4220.0,4140.0,4220.0,18200
2007-05-18,2585.506103515625,4080.0,4150.0,4070.0,4150.0,14200
2007-05-21,2617.191162109375,4130.0,4180.0,4110.0,4130.0,20100
2007-05-22,2648.876220703125,4180.0,4180.0,4130.0,4160.0,14100
2007-05-23,2610.853515625,4120.0,4180.0,4110.0,4180.0,11900
2007-05-24,2598.18017578125,4100.0,4130.0,4100.0,4130.0,8700
2007-05-25,2572.832275390625,4060.0,4110.0,4050.0,4110.0,18400
2007-05-28,2579.168701171875,4070.0,4110.0,4060.0,4080.0,9300
2007-05-29,2585.506103515625,4080.0,4120.0,4070.0,4100.0,9700
2007-05-30,2598.18017578125,4100.0,4150.0,4080.0,4100.0,20900
2007-05-31,2617.191162109375,4130.0,4130.0,4080.0,4120.0,11900
2007-06-01,2636.2021484375,4160.0,4190.0,4120.0,4140.0,18400
2007-06-04,2686.8984375,4240.0,4270.0,4220.0,4230.0,20900
2007-06-05,2718.583984375,4290.0,4300.0,4230.0,4270.0,16400
2007-06-06,2693.235595703125,4250.0,4280.0,4230.0,4270.0,17800
2007-06-07,2705.90966796875,4270.0,4290.0,4200.0,4200.0,11800
2007-06-08,2705.90966796875,4270.0,4320.0,4230.0,4300.0,27200
2007-06-11,2699.572509765625,4260.0,4310.0,4250.0,4290.0,13700
2007-06-12,2680.5615234375,4230.0,4290.0,4230.0,4280.0,11000
2007-06-13,2661.550537109375,4200.0,4210.0,4160.0,4170.0,9800
2007-06-14,2705.90966796875,4270.0,4270.0,4230.0,4250.0,7800
2007-06-15,2838.9873046875,4480.0,4480.0,4240.0,4270.0,27900
2007-06-18,2813.638427734375,4440.0,4490.0,4400.0,4490.0,13300
2007-06-19,2813.638427734375,4440.0,4460.0,4430.0,4460.0,6400
2007-06-20,2832.650634765625,4470.0,4470.0,4430.0,4440.0,8100
2007-06-21,2813.638427734375,4440.0,4440.0,4400.0,4410.0,9000
2007-06-22,2788.291015625,4400.0,4400.0,4330.0,4390.0,11700
2007-06-25,2712.246826171875,4280.0,4360.0,4260.0,4300.0,22700
2007-06-26,2712.246826171875,4280.0,4290.0,4240.0,4280.0,4400
2007-06-27,2724.921142578125,4300.0,4330.0,4270.0,4300.0,11600
2007-06-28,2781.9541015625,4390.0,4390.0,4310.0,4350.0,8600
2007-06-29,2781.9541015625,4390.0,4390.0,4340.0,4380.0,7800
2007-07-02,2781.9541015625,4390.0,4400.0,4360.0,4400.0,7100
2007-07-03,2769.279541015625,4370.0,4400.0,4360.0,4370.0,5400
2007-07-04,2756.60595703125,4350.0,4410.0,4350.0,4410.0,5400
2007-07-05,2781.9541015625,4390.0,4390.0,4350.0,4350.0,2900
2007-07-06,2724.921142578125,4300.0,4350.0,4150.0,4350.0,16400
2007-07-09,2769.279541015625,4370.0,4500.0,4370.0,4500.0,11200
2007-07-10,2750.26904296875,4340.0,4360.0,4330.0,4340.0,6300
2007-07-11,2731.25732421875,4310.0,4330.0,4260.0,4300.0,9300
2007-07-12,2693.235595703125,4250.0,4290.0,4250.0,4280.0,7700
2007-07-13,2712.246826171875,4280.0,4280.0,4260.0,4270.0,2800
2007-07-17,2705.90966796875,4270.0,4340.0,4270.0,4310.0,3900
2007-07-18,2686.8984375,4240.0,4290.0,4220.0,4290.0,9700
2007-07-19,2693.235595703125,4250.0,4260.0,4220.0,4220.0,5200
2007-07-20,2693.235595703125,4250.0,4290.0,4240.0,4270.0,4500
2007-07-23,2661.550537109375,4200.0,4230.0,4200.0,4220.0,5800
2007-07-24,2693.235595703125,4250.0,4270.0,4200.0,4250.0,5100
2007-07-25,2680.5615234375,4230.0,4260.0,4210.0,4260.0,5800
2007-07-26,2642.53955078125,4170.0,4210.0,4170.0,4210.0,6400
2007-07-27,2579.168701171875,4070.0,4150.0,4000.0,4150.0,9400
2007-07-30,2579.168701171875,4070.0,4090.0,4020.0,4020.0,7400
2007-07-31,2642.53955078125,4170.0,4270.0,4130.0,4270.0,8500
2007-08-01,2642.53955078125,4170.0,4220.0,4160.0,4160.0,8600
2007-08-02,2648.876220703125,4180.0,4200.0,4160.0,4160.0,6300
2007-08-03,2629.864501953125,4150.0,4190.0,4090.0,4140.0,5900
2007-08-06,2648.876220703125,4180.0,4180.0,4110.0,4160.0,7000
2007-08-07,2617.191162109375,4130.0,4200.0,4130.0,4150.0,4400
2007-08-08,2579.168701171875,4070.0,4110.0,4050.0,4100.0,11300
2007-08-09,2547.483642578125,4020.0,4100.0,4000.0,4070.0,20800
2007-08-10,2452.4287109375,3870.0,4020.0,3820.0,4010.0,27600
2007-08-13,2401.732177734375,3790.0,3820.0,3720.0,3820.0,35300
2007-08-14,2433.417724609375,3840.0,3890.0,3810.0,3810.0,9600
2007-08-15,2376.38427734375,3750.0,3840.0,3750.0,3840.0,15700
2007-08-16,2332.025390625,3680.0,3730.0,3620.0,3730.0,18400
2007-08-17,2230.633056640625,3520.0,3660.0,3510.0,3660.0,27100
2007-08-20,2224.29541015625,3510.0,3690.0,3510.0,3670.0,17800
2007-08-21,2255.980712890625,3560.0,3590.0,3530.0,3560.0,14100
2007-08-22,2262.31787109375,3570.0,3580.0,3500.0,3510.0,10600
2007-08-23,2274.99169921875,3590.0,3680.0,3560.0,3620.0,25100
2007-08-24,2262.31787109375,3570.0,3620.0,3530.0,3610.0,15700
2007-08-27,2287.666015625,3610.0,3640.0,3600.0,3620.0,12500
2007-08-28,2294.0029296875,3620.0,3640.0,3600.0,3620.0,5700
2007-08-29,2249.643310546875,3550.0,3580.0,3540.0,3550.0,7300
2007-08-30,2274.99169921875,3590.0,3630.0,3560.0,3630.0,6000
2007-08-31,2338.36279296875,3690.0,3690.0,3600.0,3640.0,12900
2007-09-03,2332.025390625,3680.0,3730.0,3660.0,3710.0,14800
2007-09-04,2325.687744140625,3670.0,3690.0,3660.0,3690.0,6100
2007-09-05,2306.67724609375,3640.0,3690.0,3630.0,3670.0,10600
2007-09-06,2294.0029296875,3620.0,3660.0,3590.0,3620.0,9400
2007-09-07,2294.0029296875,3620.0,3640.0,3600.0,3610.0,10300
2007-09-10,2287.666015625,3610.0,3640.0,3550.0,3580.0,6800
2007-09-11,2281.32861328125,3600.0,3610.0,3570.0,3590.0,7400
2007-09-12,2300.33984375,3630.0,3630.0,3600.0,3620.0,6800
2007-09-13,2262.31787109375,3570.0,3630.0,3560.0,3610.0,10600
2007-09-14,2281.32861328125,3600.0,3620.0,3580.0,3620.0,13600
2007-09-18,2230.633056640625,3520.0,3600.0,3520.0,3600.0,5900
2007-09-19,2287.666015625,3610.0,3640.0,3580.0,3600.0,7500
2007-09-20,2344.698974609375,3700.0,3800.0,3590.0,3690.0,26800
2007-09-21,2344.698974609375,3700.0,3710.0,3660.0,3700.0,11100
2007-09-25,2280.635986328125,3560.0,3690.0,3530.0,3690.0,17600
2007-09-26,2248.60498046875,3510.0,3570.0,3500.0,3560.0,20900
2007-09-27,2280.635986328125,3560.0,3560.0,3520.0,3520.0,16200
2007-09-28,2261.417236328125,3530.0,3580.0,3520.0,3570.0,17600
2007-10-01,2280.635986328125,3560.0,3590.0,3540.0,3580.0,12300
2007-10-02,2312.668212890625,3610.0,3620.0,3580.0,3610.0,15700
2007-10-03,2357.511474609375,3680.0,3680.0,3630.0,3630.0,20700
2007-10-04,2338.292724609375,3650.0,3680.0,3640.0,3670.0,9900
2007-10-05,2370.32373046875,3700.0,3700.0,3670.0,3690.0,11300
2007-10-09,2383.136962890625,3720.0,3770.0,3710.0,3740.0,12000
2007-10-10,2376.730224609375,3710.0,3740.0,3700.0,3700.0,7200
2007-10-11,2402.355224609375,3750.0,3750.0,3690.0,3700.0,8200
2007-10-12,2370.32373046875,3700.0,3810.0,3700.0,3750.0,10800
2007-10-15,2395.94970703125,3740.0,3780.0,3730.0,3730.0,2600
2007-10-16,2383.136962890625,3720.0,3750.0,3720.0,3730.0,7800
2007-10-17,2351.10595703125,3670.0,3740.0,3650.0,3710.0,10900
2007-10-18,2370.32373046875,3700.0,3710.0,3650.0,3690.0,4500
2007-10-19,2331.886962890625,3640.0,3740.0,3610.0,3740.0,10800
2007-10-22,2287.04248046875,3570.0,3620.0,3530.0,3540.0,7700
2007-10-23,2293.448974609375,3580.0,3620.0,3570.0,3570.0,8700
2007-10-24,2287.04248046875,3570.0,3610.0,3560.0,3610.0,5800
2007-10-25,2293.448974609375,3580.0,3600.0,3530.0,3530.0,11200
2007-10-26,2312.668212890625,3610.0,3640.0,3570.0,3630.0,9700
2007-10-29,2299.855224609375,3590.0,3670.0,3590.0,3600.0,12600
2007-10-30,2312.668212890625,3610.0,3620.0,3540.0,3540.0,16500
2007-10-31,2344.69921875,3660.0,3660.0,3580.0,3640.0,8200
2007-11-01,2312.668212890625,3610.0,3620.0,3560.0,3620.0,15500
2007-11-02,2216.573486328125,3460.0,3580.0,3460.0,3570.0,23100
2007-11-05,2165.3232421875,3380.0,3430.0,3380.0,3420.0,14800
2007-11-06,2184.54248046875,3410.0,3420.0,3360.0,3370.0,11200
2007-11-07,2114.07275390625,3300.0,3430.0,3300.0,3430.0,15200
2007-11-08,2082.041259765625,3250.0,3320.0,3200.0,3310.0,19500
2007-11-09,2075.635009765625,3240.0,3300.0,3220.0,3300.0,11700
2007-11-12,1992.3529052734373,3110.0,3220.0,3060.0,3200.0,18400
2007-11-13,1979.541259765625,3090.0,3140.0,3060.0,3080.0,14200
2007-11-14,2011.572265625,3140.0,3180.0,3110.0,3140.0,9700
2007-11-15,2024.385009765625,3160.0,3190.0,3150.0,3160.0,6700
2007-11-16,1966.7281494140625,3070.0,3081.972900390625,3070.0,3081.972900390625,6700
2007-11-19,1960.322265625,3060.0,3080.0,3050.0,3070.0,4500
2007-11-20,1947.509521484375,3040.0,3050.0,3000.0,3050.0,15100
2007-11-21,1928.2904052734373,3010.0,3050.0,3000.0,3040.0,10700
2007-11-22,1928.2904052734373,3010.0,3010.0,2960.0,3000.0,16300
2007-11-26,1909.07177734375,2980.0,3000.0,2920.0,2980.0,19400
2007-11-27,1902.665283203125,2970.0,2990.0,2910.0,2980.0,20800
2007-11-28,1896.2596435546875,2960.0,2980.0,2930.0,2980.0,15000
2007-11-29,1921.88427734375,3000.0,3010.0,2950.0,3000.0,24800
2007-11-30,1947.509521484375,3040.0,3050.0,3000.0,3020.0,17300
2007-12-03,1992.3529052734373,3110.0,3140.0,3100.0,3140.0,15700
2007-12-04,2043.6036376953125,3190.0,3220.0,3150.0,3160.0,22900
2007-12-05,2069.228759765625,3230.0,3230.0,3160.0,3160.0,13200
2007-12-06,2075.635009765625,3240.0,3270.0,3200.0,3200.0,16200
2007-12-07,2114.07275390625,3300.0,3440.0,3280.0,3440.0,21500
2007-12-10,2139.697265625,3340.0,3380.0,3330.0,3350.0,10200
2007-12-11,2133.291748046875,3330.0,3380.0,3330.0,3370.0,8300
2007-12-12,2120.479736328125,3310.0,3330.0,3270.0,3330.0,15400
2007-12-13,2082.041259765625,3250.0,3320.0,3240.0,3320.0,6500
2007-12-14,2075.635009765625,3240.0,3290.0,3200.0,3200.0,11700
2007-12-17,2017.978759765625,3150.0,3240.0,3150.0,3240.0,8600
2007-12-18,2024.385009765625,3160.0,3190.0,3140.0,3140.0,6600
2007-12-19,1998.759765625,3120.0,3150.0,3110.0,3110.0,5800
2007-12-20,1960.322265625,3060.0,3150.0,3050.0,3110.0,18400
2007-12-21,1960.322265625,3060.0,3090.0,3040.0,3050.0,12200
2007-12-25,1960.322265625,3060.0,3130.0,3060.0,3090.0,7800
2007-12-26,1947.509521484375,3040.0,3070.0,3030.0,3060.0,14700
2007-12-27,1953.9154052734373,3050.0,3050.0,3020.0,3050.0,11500
2007-12-28,1947.509521484375,3040.0,3050.0,3020.0,3050.0,5800
2008-01-04,1883.44677734375,2940.0,3020.0,2920.0,3020.0,14500
2008-01-07,1857.8212890625,2900.0,2920.0,2900.0,2920.0,14700
2008-01-08,1870.63427734375,2920.0,2920.0,2910.0,2910.0,14700
2008-01-09,1870.63427734375,2920.0,2920.0,2920.0,2920.0,14700
2008-01-10,1819.384033203125,2840.0,2850.0,2840.0,2850.0,14700
2008-01-11,1774.53955078125,2770.0,2770.0,2770.0,2770.0,14700
2008-01-15,1691.25830078125,2640.0,2780.0,2640.0,2780.0,14700
2008-01-16,1652.820556640625,2580.0,2650.0,2550.0,2550.0,26500
2008-01-17,1678.4459228515625,2620.0,2620.0,2620.0,2620.0,26500
2008-01-18,1672.03955078125,2610.0,2630.0,2540.0,2550.0,34700
2008-01-21,1633.6016845703125,2550.0,2600.0,2550.0,2580.0,18900
2008-01-22,1550.3199462890625,2420.0,2500.0,2420.0,2500.0,34800
2008-01-23,1588.7579345703125,2480.0,2500.0,2470.0,2500.0,16400
2008-01-24,1659.2271728515625,2590.0,2590.0,2480.0,2480.0,16400
2008-01-25,1678.4459228515625,2620.0,2650.0,2620.0,2650.0,16400
2008-01-28,1716.883056640625,2680.0,2700.0,2680.0,2700.0,16400
2008-01-29,1761.7276611328125,2750.0,2750.0,2730.0,2730.0,16400
2008-01-30,1768.133544921875,2760.0,2760.0,2750.0,2750.0,16400
2008-01-31,1864.2279052734373,2910.0,2910.0,2910.0,2910.0,16400
2008-02-01,1845.0091552734373,2880.0,2910.0,2880.0,2910.0,16400
2008-02-04,1851.415283203125,2890.0,2890.0,2880.0,2880.0,16400
2008-02-05,1851.415283203125,2890.0,2890.0,2850.0,2850.0,16400
2008-02-06,1723.2899169921875,2690.0,2740.0,2690.0,2740.0,16400
2008-02-07,1723.2899169921875,2690.0,2730.0,2690.0,2730.0,16400
2008-02-08,1755.3211669921875,2740.0,2780.0,2720.0,2780.0,15600
2008-02-12,1774.53955078125,2770.0,2770.0,2760.0,2760.0,15600
2008-02-13,1748.914794921875,2730.0,2730.0,2730.0,2730.0,15600
2008-02-14,1768.133544921875,2760.0,2760.0,2750.0,2750.0,15600
2008-02-15,1755.3211669921875,2740.0,2740.0,2650.0,2660.0,21600
2008-02-18,1755.3211669921875,2740.0,2750.0,2740.0,2750.0,21600
2008-02-19,1768.133544921875,2760.0,2770.0,2760.0,2770.0,21600
2008-02-20,1742.508544921875,2720.0,2783.3359375,2720.0,2783.3359375,21600
2008-02-21,1761.7276611328125,2750.0,2750.0,2750.0,2750.0,21600
2008-02-22,1774.53955078125,2770.0,2770.0,2750.0,2750.0,21600
2008-02-25,1819.384033203125,2840.0,2840.0,2810.0,2810.0,8400
2008-02-26,1793.7587890625,2800.0,2820.0,2800.0,2820.0,8400
2008-02-27,1787.3524169921875,2790.0,2790.0,2770.0,2770.0,8400
2008-02-28,1806.571533203125,2820.0,2820.0,2769.930908203125,2769.930908203125,8400
2008-02-29,1774.53955078125,2770.0,2820.0,2770.0,2820.0,8400
2008-03-03,1768.133544921875,2760.0,2770.0,2760.0,2770.0,8400
2008-03-04,1774.53955078125,2770.0,2770.0,2770.0,2770.0,8400
2008-03-05,1742.508544921875,2720.0,2720.0,2710.0,2710.0,8400
2008-03-06,1768.133544921875,2760.0,2760.0,2730.0,2730.0,8400
2008-03-07,1755.3211669921875,2740.0,2770.0,2740.0,2770.0,5800
2008-03-10,1716.883056640625,2680.0,2700.0,2670.0,2690.0,9000
2008-03-11,1729.6959228515625,2700.0,2700.0,2670.0,2670.0,9000
2008-03-12,1691.25830078125,2640.0,2670.0,2640.0,2640.0,14300
2008-03-13,1672.03955078125,2610.0,2660.0,2610.0,2660.0,7300
2008-03-14,1633.6016845703125,2550.0,2610.0,2550.0,2610.0,7300
2008-03-17,1620.7894287109375,2530.0,2550.0,2530.0,2550.0,7300
2008-03-18,1640.0084228515625,2560.0,2560.0,2520.0,2520.0,7300
2008-03-19,1659.2271728515625,2590.0,2610.0,2590.0,2610.0,7300
2008-03-21,1691.25830078125,2640.0,2640.0,2590.0,2590.0,7300
2008-03-24,1691.25830078125,2640.0,2650.0,2640.0,2650.0,7300
2008-03-25,1672.03955078125,2610.0,2610.0,2590.0,2590.0,7300
2008-03-26,1698.063720703125,2610.0,2610.0,2570.0,2570.0,7300
2008-03-27,1743.6051025390625,2680.0,2680.0,2650.0,2650.0,7300
2008-03-28,1750.111572265625,2690.0,2690.0,2690.0,2690.0,7300
2008-03-31,1750.111572265625,2690.0,2690.0,2680.0,2680.0,7300
2008-04-01,1782.6414794921875,2740.0,2740.0,2740.0,2740.0,7300
2008-04-02,1808.6649169921875,2780.0,2780.0,2740.0,2740.0,7300
2008-04-03,1769.6292724609375,2720.0,2750.0,2720.0,2750.0,7300
2008-04-04,1769.6292724609375,2720.0,2720.0,2710.0,2710.0,7300
2008-04-07,1782.6414794921875,2740.0,2740.0,2730.0,2730.0,7300
2008-04-08,1769.6292724609375,2720.0,2730.0,2710.0,2730.0,5800
2008-04-09,1756.617431640625,2700.0,2720.0,2690.0,2720.0,3200
2008-04-10,1698.063720703125,2610.0,2630.0,2610.0,2630.0,3200
2008-04-11,1730.59326171875,2660.0,2660.0,2610.0,2610.0,3200
2008-04-14,1691.557373046875,2600.0,2650.0,2600.0,2650.0,3200
2008-04-15,1678.5452880859375,2580.0,2590.0,2580.0,2590.0,3200
2008-04-16,1711.07568359375,2630.0,2630.0,2590.0,2590.0,3200
2008-04-17,1717.58154296875,2640.0,2640.0,2630.0,2630.0,3200
2008-04-18,1704.569580078125,2620.0,2620.0,2610.0,2620.0,2700
2008-04-21,1730.59326171875,2660.0,2670.0,2640.0,2670.0,4900
2008-04-22,1724.08740234375,2650.0,2660.0,2650.0,2660.0,4900
2008-04-23,1769.6292724609375,2720.0,2720.0,2720.0,2720.0,4900
2008-04-24,1730.59326171875,2660.0,2720.0,2660.0,2720.0,4900
2008-04-25,1763.1234130859375,2710.0,2730.0,2710.0,2730.0,4900
2008-04-28,1815.1708984375,2790.0,2790.0,2790.0,2790.0,4900
2008-04-30,1815.1708984375,2790.0,2790.0,2780.0,2780.0,4900
2008-05-01,1808.6649169921875,2780.0,2780.0,2760.0,2760.0,4900
2008-05-02,1821.6768798828125,2800.0,2800.0,2790.0,2790.0,4900
2008-05-07,1802.1591796875,2770.0,2800.0,2770.0,2800.0,4900
2008-05-08,1841.1953125,2830.0,2830.0,2812.31982421875,2812.31982421875,4900
2008-05-09,1834.6893310546875,2820.0,2820.0,2820.0,2820.0,4900
2008-05-12,1834.6893310546875,2820.0,2820.0,2800.0,2810.0,6700
2008-05-13,1867.2198486328125,2870.0,2870.0,2800.0,2800.0,6700
2008-05-14,2003.84521484375,3080.0,3080.0,3030.0,3030.0,6700
2008-05-15,2042.880615234375,3140.0,3140.0,3130.0,3130.0,6700
2008-05-19,2042.880615234375,3140.0,3140.0,3140.0,3140.0,6700
2008-05-20,2036.3743896484373,3130.0,3130.0,3120.0,3120.0,6700
2008-05-21,2010.3509521484373,3090.0,3090.0,3090.0,3090.0,6700
2008-05-22,1990.8326416015625,3060.0,3060.0,3050.0,3050.0,6700
2008-05-23,1971.315185546875,3030.0,3030.0,3020.0,3020.0,6700
2008-05-26,1906.255615234375,2930.0,3000.0,2930.0,3000.0,6700
2008-05-27,1938.78515625,2980.0,2980.0,2960.0,2960.0,6700
2008-05-28,1880.23095703125,2890.0,2890.0,2890.0,2890.0,6700
2008-05-29,1945.2913818359373,2990.0,2990.0,2970.0,2970.0,6700
2008-05-30,1971.315185546875,3030.0,3030.0,2990.0,2990.0,6700
2008-06-02,1971.315185546875,3030.0,3030.0,3010.0,3010.0,6700
2008-06-03,1958.302734375,3010.0,3010.0,3010.0,3010.0,6700
2008-06-04,1964.80908203125,3020.0,3020.0,3020.0,3020.0,6700
2008-06-05,2068.905029296875,3180.0,3180.0,3070.0,3070.0,6700
2008-06-06,2062.39892578125,3170.0,3170.0,3160.0,3160.0,6700
2008-06-09,2023.3621826171875,3110.0,3140.0,3110.0,3140.0,6700
2008-06-10,2016.85693359375,3100.0,3110.0,3100.0,3110.0,6700
2008-06-11,2029.868896484375,3120.0,3120.0,3090.0,3090.0,6700
2008-06-12,2016.85693359375,3100.0,3130.0,3100.0,3130.0,6700
2008-06-13,1990.8326416015625,3060.0,3200.0,3060.0,3200.0,6700
2008-06-16,2003.84521484375,3080.0,3090.0,3080.0,3090.0,6700
2008-06-17,2010.3509521484373,3090.0,3110.0,3080.0,3080.0,4900
2008-06-18,2010.3509521484373,3090.0,3090.0,3070.0,3070.0,4900
2008-06-19,1964.80908203125,3020.0,3040.0,3020.0,3040.0,4900
2008-06-20,1899.74951171875,2920.0,2950.0,2920.0,2950.0,4900
2008-06-23,1971.315185546875,3030.0,3030.0,3010.0,3010.0,4900
2008-06-24,1984.32666015625,3050.0,3050.0,3050.0,3050.0,4900
2008-06-25,2016.85693359375,3100.0,3100.0,3040.0,3040.0,4900
2008-06-26,2088.4228515625,3210.0,3360.0,3210.0,3360.0,4900
2008-06-27,2120.953125,3260.0,3260.0,3260.0,3260.0,4900
2008-06-30,2146.976806640625,3300.0,3300.0,3280.0,3280.0,4900
2008-07-01,2146.976806640625,3300.0,3300.0,3290.0,3290.0,4900
2008-07-02,2101.4345703125,3230.0,3300.0,3230.0,3300.0,4900
2008-07-03,2199.024658203125,3380.0,3380.0,3230.0,3230.0,4900
2008-07-04,2127.458740234375,3270.0,3380.0,3270.0,3380.0,4900
2008-07-07,2153.483154296875,3310.0,3310.0,3250.0,3250.0,4900
2008-07-08,2114.446533203125,3250.0,3280.0,3190.0,3260.0,10300
2008-07-09,2107.94091796875,3240.0,3320.0,3240.0,3320.0,10300
2008-07-10,2107.94091796875,3240.0,3250.0,3240.0,3250.0,10300
2008-07-11,2042.880615234375,3140.0,3240.0,3140.0,3240.0,10300
2008-07-14,2068.905029296875,3180.0,3190.0,3180.0,3190.0,10300
2008-07-15,1997.3392333984373,3070.0,3120.0,3070.0,3120.0,10300
2008-07-16,1971.315185546875,3030.0,3050.0,3030.0,3050.0,10300
2008-07-17,1984.32666015625,3050.0,3080.0,3050.0,3080.0,10300
2008-07-18,1938.78515625,2980.0,3030.0,2980.0,3030.0,10300
2008-07-22,2003.84521484375,3080.0,3170.0,2970.0,2980.0,9100
2008-07-23,1990.8326416015625,3060.0,3110.0,3060.0,3110.0,9100
2008-07-24,2068.905029296875,3180.0,3180.0,3110.0,3130.0,8800
2008-07-25,2003.84521484375,3080.0,3080.0,3050.0,3050.0,8800
2008-07-28,2003.84521484375,3080.0,3080.0,3070.0,3070.0,8800
2008-07-29,1945.2913818359373,2990.0,3000.0,2990.0,3000.0,8800
2008-07-30,2010.3509521484373,3090.0,3090.0,3030.0,3030.0,8800
2008-07-31,2016.85693359375,3100.0,3100.0,3082.583984375,3082.583984375,8800
2008-08-01,1958.302734375,3010.0,3090.0,3010.0,3090.0,8800
2008-08-04,1912.760986328125,2940.0,2950.0,2940.0,2950.0,8800
2008-08-05,1932.2794189453125,2970.0,2970.0,2960.0,2960.0,8800
2008-08-06,2029.868896484375,3120.0,3120.0,3080.0,3080.0,8800
2008-08-07,1990.8326416015625,3060.0,3060.0,3060.0,3060.0,8800
2008-08-08,2062.39892578125,3170.0,3170.0,3150.0,3150.0,8800
2008-08-11,2049.3876953125,3150.0,3150.0,3130.0,3130.0,8800
2008-08-12,1990.8326416015625,3060.0,3150.0,3060.0,3150.0,8800
2008-08-13,1932.2794189453125,2970.0,2970.0,2940.0,2940.0,8800
2008-08-14,1912.760986328125,2940.0,2960.0,2940.0,2960.0,8800
2008-08-15,1919.2669677734373,2950.0,2960.0,2950.0,2960.0,8800
2008-08-18,1912.760986328125,2940.0,2990.0,2940.0,2990.0,8800
2008-08-19,1886.7371826171875,2900.0,2910.0,2900.0,2910.0,8800
2008-08-20,1886.7371826171875,2900.0,2900.0,2833.183837890625,2833.183837890625,8800
2008-08-21,1873.7254638671875,2880.0,2890.0,2860.0,2870.0,4000
2008-08-22,1886.7371826171875,2900.0,2910.0,2900.0,2910.0,4000
2008-08-25,1919.2669677734373,2950.0,2950.0,2930.0,2950.0,4800
2008-08-26,1867.2198486328125,2870.0,2950.0,2870.0,2950.0,4800
2008-08-27,1880.23095703125,2890.0,2890.0,2890.0,2890.0,4800
2008-08-28,1880.23095703125,2890.0,2890.0,2845.72509765625,2845.72509765625,4800
2008-08-29,1912.760986328125,2940.0,2940.0,2890.0,2890.0,4800
2008-09-01,1867.2198486328125,2870.0,2880.0,2870.0,2880.0,4800
2008-09-02,1821.6768798828125,2800.0,2890.0,2800.0,2890.0,4800
2008-09-03,1808.6649169921875,2780.0,2800.0,2780.0,2800.0,4800
2008-09-04,1776.13525390625,2730.0,2780.0,2730.0,2780.0,4800
2008-09-05,1756.617431640625,2700.0,2700.7861328125,2700.0,2700.7861328125,4800
2008-09-08,1782.6414794921875,2740.0,2820.0,2740.0,2820.0,4800
2008-09-09,1724.08740234375,2650.0,2650.0,2650.0,2650.0,4800
2008-09-10,1743.6051025390625,2680.0,2850.0,2650.0,2650.0,7100
2008-09-11,1730.59326171875,2660.0,2680.0,2660.0,2680.0,7100
2008-09-12,1776.13525390625,2730.0,2810.0,2730.0,2810.0,7100
2008-09-16,1717.58154296875,2640.0,2640.0,2600.0,2600.0,7100
2008-09-17,1782.6414794921875,2740.0,2740.0,2670.0,2670.0,7100
2008-09-18,1841.1953125,2830.0,2830.0,2830.0,2830.0,7100
2008-09-19,1912.760986328125,2940.0,2940.0,2920.0,2920.0,7100
2008-09-22,1834.6893310546875,2820.0,2910.0,2820.0,2910.0,7100
2008-09-24,1782.6414794921875,2740.0,2820.0,2740.0,2820.0,7100
2008-09-25,1822.2552490234373,2760.0,2760.0,2720.0,2720.0,7100
2008-09-26,1802.4481201171875,2730.0,2740.0,2730.0,2740.0,7100
2008-09-29,1756.231689453125,2660.0,2730.0,2660.0,2730.0,7100
2008-09-30,1782.6414794921875,2700.0,2700.0,2580.0,2580.0,7100
2008-10-01,1749.62939453125,2650.0,2700.0,2650.0,2700.0,7100
2008-10-02,1723.2200927734375,2610.0,2650.0,2610.0,2650.0,7100
2008-10-03,1690.2081298828125,2560.0,2560.0,2560.0,2560.0,7100
2008-10-06,1584.570068359375,2400.0,2540.0,2400.0,2540.0,7100
2008-10-07,1478.93212890625,2240.0,2310.0,2240.0,2310.0,7100
2008-10-08,1234.644287109375,1870.0,2020.0,1870.0,2020.0,7100
2008-10-09,1280.8609619140625,1940.0,1950.0,1940.0,1950.0,7100
2008-10-10,1228.041748046875,1860.0,1890.0,1860.0,1890.0,7100
2008-10-15,1393.10107421875,2110.0,2110.0,2070.0,2070.0,7100
2008-10-16,1254.451171875,1900.0,1900.0,1900.0,1900.0,7100
2008-10-17,1353.48681640625,2050.0,2050.0,1990.0,1990.0,7100
2008-10-20,1399.70361328125,2120.0,2120.0,2050.0,2050.0,7100
2008-10-21,1412.9083251953125,2140.0,2140.0,2090.0,2090.0,7100
2008-10-22,1313.872802734375,1990.0,2060.0,1990.0,2060.0,7100
2008-10-23,1346.884521484375,2040.0,2040.0,1960.0,1960.0,7100
2008-10-24,1287.4632568359375,1950.0,2030.0,1950.0,2030.0,7100
2008-10-27,1201.632568359375,1820.0,1950.0,1820.0,1950.0,7100
2008-10-28,1267.6561279296875,1920.0,1920.0,1820.0,1820.0,7100
2008-10-29,1320.475341796875,2000.0,2000.0,1950.0,1950.0,7100
2008-10-30,1327.07763671875,2010.0,2010.0,1960.0,1960.0,7100
2008-10-31,1478.93212890625,2240.0,2240.0,2010.0,2010.0,7100
2008-11-04,1472.329345703125,2230.0,2240.0,2230.0,2240.0,26600
2008-11-05,1492.1365966796875,2260.0,2260.0,2230.0,2230.0,26600
2008-11-06,1439.31787109375,2180.0,2190.0,2180.0,2190.0,26600
2008-11-07,1320.475341796875,2000.0,2050.0,2000.0,2050.0,26600
2008-11-10,1386.4990234375,2100.0,2110.0,2070.0,2080.0,8000
2008-11-11,1333.6796875,2020.0,2040.0,2020.0,2040.0,8000
2008-11-12,1320.475341796875,2000.0,2030.0,2000.0,2030.0,8000
2008-11-13,1320.475341796875,2000.0,2010.0,2000.0,2010.0,8000
2008-11-14,1294.0655517578125,1960.0,2000.0,1960.0,2000.0,8000
2008-11-17,1340.281982421875,2030.0,2030.0,1960.0,1960.0,8000
2008-11-18,1340.281982421875,2030.0,2030.0,2030.0,2030.0,8000
2008-11-19,1333.6796875,2020.0,2020.0,2010.0,2010.0,8000
2008-11-20,1320.475341796875,2000.0,2020.0,2000.0,2020.0,8000
2008-11-21,1412.9083251953125,2140.0,2140.0,2000.0,2000.0,8000
2008-11-25,1452.5228271484375,2200.0,2200.0,2140.0,2140.0,25000
2008-11-26,1386.4990234375,2100.0,2180.0,2100.0,2180.0,25000
2008-11-27,1412.9083251953125,2140.0,2150.0,2140.0,2150.0,25000
2008-11-28,1445.920166015625,2190.0,2190.0,2140.0,2140.0,25000
2008-12-01,1399.70361328125,2120.0,2130.0,2110.0,2130.0,3800
2008-12-02,1346.884521484375,2040.0,2120.0,2040.0,2120.0,3800
2008-12-03,1379.896240234375,2090.0,2090.0,2070.0,2070.0,3800
2008-12-05,1406.3062744140625,2130.0,2130.0,2130.0,2130.0,3800
2008-12-08,1432.7158203125,2170.0,2170.0,2130.0,2130.0,3800
2008-12-09,1426.113037109375,2160.0,2170.0,2160.0,2170.0,3800
2008-12-10,1445.920166015625,2190.0,2190.0,2160.0,2160.0,3800
2008-12-11,1445.920166015625,2190.0,2190.0,2140.0,2140.0,3800
2008-12-12,1419.5106201171875,2150.0,2190.0,2150.0,2190.0,3800
2008-12-15,1439.31787109375,2180.0,2180.0,2130.0,2130.0,3800
2008-12-16,1426.113037109375,2160.0,2160.0,2130.0,2130.0,9600
2008-12-17,1419.5106201171875,2150.0,2160.0,2150.0,2160.0,4200
2008-12-18,1419.5106201171875,2150.0,2170.0,2150.0,2170.0,5500
2008-12-19,1399.70361328125,2120.0,2150.0,2120.0,2150.0,4300
2008-12-22,1419.5106201171875,2150.0,2150.0,2120.0,2120.0,3400
2008-12-24,1419.5106201171875,2150.0,2150.0,2150.0,2150.0,5700
2008-12-25,1419.5106201171875,2150.0,2160.0,2150.0,2160.0,1100
2008-12-26,1439.31787109375,2180.0,2180.0,2160.0,2160.0,2100
2008-12-29,1459.1248779296875,2210.0,2230.0,2200.0,2200.0,7400
2008-12-30,1478.93212890625,2240.0,2250.0,2180.0,2230.0,5000
2009-01-05,1439.31787109375,2180.0,2250.0,2140.0,2250.0,4200
2009-01-06,1445.920166015625,2190.0,2190.0,2170.0,2170.0,3800
2009-01-07,1459.1248779296875,2210.0,2210.0,2200.0,2200.0,5900
2009-01-08,1399.70361328125,2120.0,2170.0,2120.0,2170.0,6500
2009-01-09,1399.70361328125,2120.0,2120.0,2110.0,2110.0,4200
2009-01-13,1340.281982421875,2030.0,2030.0,2030.0,2030.0,10700
2009-01-14,1346.884521484375,2040.0,2040.0,2020.0,2020.0,4800
2009-01-15,1353.48681640625,2050.0,2050.0,2040.0,2040.0,11600
2009-01-16,1426.113037109375,2160.0,2160.0,2110.0,2130.0,7800
2009-01-19,1412.9083251953125,2140.0,2150.0,2100.0,2150.0,4900
2009-01-20,1412.9083251953125,2140.0,2170.0,2140.0,2170.0,2700
2009-01-21,1393.10107421875,2110.0,2140.0,2110.0,2140.0,6200
2009-01-22,1379.896240234375,2090.0,2110.0,2090.0,2110.0,7500
2009-01-23,1340.281982421875,2030.0,2090.0,2030.0,2090.0,7200
2009-01-26,1360.0894775390625,2060.0,2060.0,2030.0,2030.0,4500
2009-01-27,1366.6917724609375,2070.0,2070.0,2040.0,2040.0,8000
2009-01-28,1379.896240234375,2090.0,2090.0,2070.0,2070.0,4000
2009-01-29,1386.4990234375,2100.0,2100.0,2090.0,2090.0,9000
2009-01-30,1379.896240234375,2090.0,2100.0,2090.0,2100.0,16000
2009-02-02,1353.48681640625,2050.0,2060.0,2050.0,2060.0,8100
2009-02-03,1360.0894775390625,2060.0,2060.0,2000.0,2000.0,10200
2009-02-04,1353.48681640625,2050.0,2060.0,2050.0,2060.0,7100
2009-02-05,1373.2943115234375,2080.0,2080.0,2050.0,2050.0,7500
2009-02-06,1366.6917724609375,2070.0,2080.0,2070.0,2080.0,4900
2009-02-09,1360.0894775390625,2060.0,2060.0,2060.0,2060.0,5600
2009-02-10,1412.9083251953125,2140.0,2190.0,2130.0,2190.0,2100
2009-02-12,1366.6917724609375,2070.0,2070.0,2060.0,2060.0,4300
2009-02-13,1412.9083251953125,2140.0,2140.0,2110.0,2110.0,5800
2009-02-16,1426.113037109375,2160.0,2160.0,2140.0,2140.0,5400
2009-02-17,1379.896240234375,2090.0,2160.0,2090.0,2160.0,5000
2009-02-18,1406.3062744140625,2130.0,2130.0,2130.0,2130.0,5100
2009-02-19,1412.9083251953125,2140.0,2150.0,2140.0,2150.0,1500
2009-02-20,1399.70361328125,2120.0,2130.0,2120.0,2130.0,3900
2009-02-23,1340.281982421875,2030.0,2050.0,2030.0,2030.0,7700
2009-02-24,1333.6796875,2020.0,2030.0,2020.0,2030.0,2200
2009-02-25,1353.48681640625,2050.0,2070.0,2050.0,2070.0,18800
2009-02-26,1386.4990234375,2100.0,2100.0,2050.0,2050.0,6700
2009-02-27,1353.48681640625,2050.0,2080.0,2050.0,2080.0,13100
2009-03-02,1327.07763671875,2010.0,2050.0,2010.0,2050.0,6900
2009-03-03,1327.07763671875,2010.0,2010.0,2000.0,2000.0,2300
2009-03-04,1360.0894775390625,2060.0,2060.0,2060.0,2060.0,7300
2009-03-05,1360.0894775390625,2060.0,2060.0,2050.0,2050.0,10600
2009-03-06,1346.884521484375,2040.0,2080.0,2040.0,2080.0,8900
2009-03-09,1353.48681640625,2050.0,2050.0,2050.0,2050.0,5600
2009-03-10,1353.48681640625,2050.0,2050.0,2050.0,2050.0,3300
2009-03-11,1360.0894775390625,2060.0,2070.0,2060.0,2070.0,6700
2009-03-12,1340.281982421875,2030.0,2060.0,2030.0,2060.0,6100
2009-03-13,1333.6796875,2020.0,2020.0,2020.0,2020.0,12900
2009-03-16,1340.281982421875,2030.0,2030.0,2020.0,2020.0,7000
2009-03-17,1346.884521484375,2040.0,2050.0,2040.0,2050.0,9200
2009-03-18,1333.6796875,2020.0,2040.0,2020.0,2040.0,6700
2009-03-19,1327.07763671875,2010.0,2020.0,2010.0,2020.0,5100
2009-03-23,1360.0894775390625,2060.0,2060.0,2030.0,2030.0,8700
2009-03-24,1432.7158203125,2170.0,2170.0,2100.0,2100.0,14100
2009-03-25,1505.34130859375,2280.0,2280.0,2230.0,2230.0,12100
2009-03-26,1532.222412109375,2280.0,2280.0,2220.0,2220.0,6000
2009-03-27,1505.3416748046875,2240.0,2280.0,2240.0,2280.0,8900
2009-03-30,1465.0198974609375,2180.0,2210.0,2180.0,2210.0,9800
2009-03-31,1417.9779052734375,2110.0,2180.0,2110.0,2180.0,7900
2009-04-01,1451.57958984375,2160.0,2190.0,2160.0,2190.0,7700
2009-04-02,1512.062255859375,2250.0,2250.0,2220.0,2220.0,11800
2009-04-03,1505.3416748046875,2240.0,2270.0,2240.0,2270.0,2500
2009-04-06,1518.781982421875,2260.0,2270.0,2260.0,2270.0,5700
2009-04-07,1518.781982421875,2260.0,2260.0,2260.0,2260.0,4500
2009-04-08,1505.3416748046875,2240.0,2270.0,2240.0,2270.0,3700
2009-04-09,1525.502685546875,2270.0,2280.0,2270.0,2280.0,6600
2009-04-10,1525.502685546875,2270.0,2270.0,2260.0,2260.0,1900
2009-04-13,1512.062255859375,2250.0,2250.0,2230.0,2230.0,1800
2009-04-14,1525.502685546875,2270.0,2270.0,2250.0,2250.0,6800
2009-04-15,1532.222412109375,2280.0,2280.0,2250.0,2250.0,2800
2009-04-16,1532.222412109375,2280.0,2280.0,2270.0,2270.0,1600
2009-04-17,1485.1805419921875,2210.0,2280.0,2210.0,2280.0,9600
2009-04-20,1491.9010009765625,2220.0,2220.0,2180.0,2180.0,4800
2009-04-21,1458.2999267578125,2170.0,2170.0,2170.0,2170.0,5300
2009-04-22,1438.1387939453125,2140.0,2180.0,2140.0,2180.0,5600
2009-04-23,1438.1387939453125,2140.0,2140.0,2120.0,2120.0,3000
2009-04-24,1411.2576904296875,2100.0,2150.0,2100.0,2150.0,3500
2009-04-27,1458.2999267578125,2170.0,2180.0,2160.0,2180.0,5300
2009-04-28,1424.6986083984375,2120.0,2150.0,2120.0,2150.0,4200
2009-04-30,1431.4183349609375,2130.0,2200.0,2130.0,2180.0,11500
2009-05-01,1424.6986083984375,2120.0,2140.0,2120.0,2140.0,2200
2009-05-07,1431.4183349609375,2130.0,2130.0,2130.0,2130.0,4800
2009-05-08,1438.1387939453125,2140.0,2140.0,2120.0,2120.0,7600
2009-05-11,1458.2999267578125,2170.0,2170.0,2140.0,2140.0,5800
2009-05-12,1465.0198974609375,2180.0,2180.0,2170.0,2170.0,4900
2009-05-13,1485.1805419921875,2210.0,2210.0,2180.0,2180.0,5400
2009-05-14,1471.740234375,2190.0,2190.0,2180.0,2180.0,3300
2009-05-15,1518.781982421875,2260.0,2260.0,2220.0,2220.0,20900
2009-05-18,1498.6209716796875,2230.0,2250.0,2230.0,2250.0,6200
2009-05-19,1505.3416748046875,2240.0,2250.0,2240.0,2250.0,7000
2009-05-20,1505.3416748046875,2240.0,2240.0,2240.0,2240.0,10700
2009-05-21,1505.3416748046875,2240.0,2250.0,2220.0,2230.0,7800
2009-05-22,1525.502685546875,2270.0,2270.0,2250.0,2250.0,6900
2009-05-25,1538.9432373046875,2290.0,2290.0,2290.0,2290.0,7200
2009-05-26,1592.705322265625,2370.0,2370.0,2300.0,2300.0,18500
2009-05-27,1599.425537109375,2380.0,2410.0,2380.0,2410.0,11300
2009-05-28,1579.2646484375,2350.0,2380.0,2350.0,2380.0,17200
2009-05-29,1572.5443115234375,2340.0,2350.0,2340.0,2350.0,18000
2009-06-01,1579.2646484375,2350.0,2380.0,2340.0,2370.0,28900
2009-06-02,1666.628173828125,2480.0,2480.0,2350.0,2350.0,30800
2009-06-03,1653.1876220703125,2460.0,2480.0,2460.0,2480.0,12400
2009-06-04,1639.746826171875,2440.0,2500.0,2440.0,2500.0,22300
2009-06-05,1666.628173828125,2480.0,2480.0,2470.0,2470.0,21800
2009-06-08,1666.628173828125,2480.0,2490.0,2480.0,2490.0,17800
2009-06-09,1733.83056640625,2580.0,2580.0,2580.0,2580.0,28900
2009-06-10,1807.7537841796875,2690.0,2690.0,2590.0,2590.0,20400
2009-06-11,1827.91455078125,2720.0,2760.0,2680.0,2680.0,18400
2009-06-12,1868.236572265625,2780.0,2780.0,2690.0,2720.0,24800
2009-06-15,1868.236572265625,2780.0,2800.0,2750.0,2800.0,13700
2009-06-16,1814.4742431640625,2700.0,2750.0,2670.0,2710.0,13300
2009-06-17,1841.35546875,2740.0,2780.0,2690.0,2700.0,14800
2009-06-18,1868.236572265625,2780.0,2800.0,2760.0,2770.0,12200
2009-06-19,1706.9500732421875,2540.0,2680.0,2540.0,2630.0,50300
2009-06-22,1848.07568359375,2750.0,2750.0,2690.0,2690.0,28300
2009-06-23,1915.278564453125,2850.0,2850.0,2740.0,2750.0,29200
2009-06-24,1962.3206787109373,2920.0,2990.0,2890.0,2890.0,19600
2009-06-25,2063.12451171875,3070.0,3120.0,2950.0,3000.0,30300
2009-06-26,2036.242919921875,3030.0,3070.0,3000.0,3070.0,12500
2009-06-29,2009.36181640625,2990.0,3100.0,2950.0,3070.0,15800
2009-06-30,2063.12451171875,3070.0,3100.0,2980.0,2990.0,14200
2009-07-01,2069.8447265625,3080.0,3120.0,3020.0,3020.0,10100
2009-07-02,2076.564697265625,3090.0,3160.0,3070.0,3130.0,14400
2009-07-03,2083.28515625,3100.0,3140.0,3000.0,3050.0,10600
2009-07-06,2123.606689453125,3160.0,3180.0,3080.0,3090.0,10000
2009-07-07,2137.0478515625,3180.0,3240.0,3140.0,3140.0,8400
2009-07-08,2190.810302734375,3260.0,3270.0,3140.0,3140.0,26900
2009-07-09,2177.369140625,3240.0,3340.0,3230.0,3340.0,19500
2009-07-10,2110.166015625,3140.0,3220.0,3120.0,3220.0,13400
2009-07-13,2029.52294921875,3020.0,3140.0,3020.0,3080.0,10200
2009-07-14,2063.12451171875,3070.0,3080.0,3020.0,3040.0,10900
2009-07-15,2049.68359375,3050.0,3090.0,3020.0,3040.0,7100
2009-07-16,2063.12451171875,3070.0,3160.0,3070.0,3100.0,9200
2009-07-17,2096.725830078125,3120.0,3170.0,3050.0,3050.0,9600
2009-07-21,2150.487548828125,3200.0,3260.0,3140.0,3170.0,11400
2009-07-22,2190.810302734375,3260.0,3280.0,3200.0,3200.0,9400
2009-07-23,2150.487548828125,3200.0,3260.0,3200.0,3230.0,5500
2009-07-24,2170.6484375,3230.0,3270.0,3200.0,3240.0,5800
2009-07-27,2163.928466796875,3220.0,3260.0,3190.0,3240.0,12700
2009-07-28,2137.0478515625,3180.0,3240.0,3180.0,3190.0,4700
2009-07-29,2150.487548828125,3200.0,3230.0,3180.0,3180.0,3100
2009-07-30,2170.6484375,3230.0,3230.0,3170.0,3200.0,7400
2009-07-31,2137.0478515625,3180.0,3210.0,3170.0,3210.0,5600
2009-08-03,2157.2080078125,3210.0,3240.0,3190.0,3220.0,6000
2009-08-04,2143.767578125,3190.0,3260.0,3150.0,3260.0,8700
2009-08-05,2096.725830078125,3120.0,3190.0,3120.0,3180.0,7600
2009-08-06,2096.725830078125,3120.0,3150.0,3050.0,3050.0,8600
2009-08-07,2076.564697265625,3090.0,3140.0,3080.0,3120.0,6400
2009-08-10,2123.606689453125,3160.0,3200.0,3090.0,3090.0,10700
2009-08-11,2163.928466796875,3220.0,3220.0,3150.0,3150.0,5000
2009-08-12,2116.886962890625,3150.0,3240.0,3150.0,3240.0,7400
2009-08-13,2143.767578125,3190.0,3230.0,3120.0,3130.0,8400
2009-08-14,2190.810302734375,3260.0,3270.0,3230.0,3240.0,11400
2009-08-17,2170.6484375,3230.0,3270.0,3210.0,3240.0,6700
2009-08-18,2184.088623046875,3250.0,3250.0,3190.0,3250.0,6000
2009-08-19,2137.0478515625,3180.0,3250.0,3170.0,3250.0,6100
2009-08-20,2197.52978515625,3270.0,3290.0,3200.0,3220.0,7800
2009-08-21,2163.928466796875,3220.0,3240.0,3190.0,3230.0,4200
2009-08-24,2197.52978515625,3270.0,3300.0,3220.0,3220.0,6400
2009-08-25,2177.369140625,3240.0,3280.0,3210.0,3220.0,5200
2009-08-26,2210.970703125,3290.0,3300.0,3240.0,3270.0,5500
2009-08-27,2184.088623046875,3250.0,3300.0,3210.0,3300.0,5400
2009-08-28,2190.810302734375,3260.0,3280.0,3240.0,3240.0,5700
2009-08-31,2177.369140625,3240.0,3360.0,3200.0,3240.0,12400
2009-09-02,2157.2080078125,3210.0,3250.0,3140.0,3230.0,9700
2009-09-03,2123.606689453125,3160.0,3190.0,3130.0,3170.0,9500
2009-09-04,2063.12451171875,3070.0,3140.0,3030.0,3090.0,13100
2009-09-07,2036.242919921875,3030.0,3070.0,3010.0,3050.0,9300
2009-09-08,2063.12451171875,3070.0,3090.0,3050.0,3070.0,5000
2009-09-09,2069.8447265625,3080.0,3130.0,3060.0,3060.0,11600
2009-09-10,2110.166015625,3140.0,3160.0,3090.0,3120.0,9300
2009-09-11,2049.68359375,3050.0,3120.0,3040.0,3090.0,17700
2009-09-14,2042.964111328125,3040.0,3080.0,2950.0,3080.0,12000
2009-09-15,2029.52294921875,3020.0,3090.0,2930.0,3000.0,12200
2009-09-16,2009.36181640625,2990.0,3030.0,2960.0,3000.0,11200
2009-09-17,2016.08251953125,3000.0,3050.0,2960.0,3030.0,12900
2009-09-18,1995.921875,2970.0,3010.0,2920.0,3010.0,13700
2009-09-21,1995.921875,2970.0,2970.0,2970.0,2970.0,0
2009-09-24,2076.564697265625,3090.0,3090.0,3000.0,3000.0,10700
2009-09-25,2035.7147216796875,2990.0,3000.0,2970.0,3000.0,4900
2009-09-28,2015.28955078125,2960.0,3010.0,2940.0,3000.0,6000
2009-09-29,2042.52294921875,3000.0,3000.0,2940.0,2990.0,5000
2009-09-30,1981.247314453125,2910.0,3060.0,2900.0,2990.0,8200
2009-10-01,2022.09765625,2970.0,2980.0,2920.0,2940.0,3700
2009-10-02,2015.28955078125,2960.0,2960.0,2850.0,2920.0,7800
2009-10-05,1940.3973388671875,2850.0,2910.0,2850.0,2890.0,3200
2009-10-06,2001.6724853515625,2940.0,2960.0,2890.0,2900.0,6700
2009-10-07,2022.09765625,2970.0,3000.0,2890.0,2890.0,8900
2009-10-08,1988.0560302734373,2920.0,2990.0,2920.0,2920.0,5800
2009-10-09,1994.8642578125,2930.0,3000.0,2880.0,2890.0,6100
2009-10-13,1954.013916015625,2870.0,2950.0,2850.0,2890.0,14000
2009-10-14,1954.013916015625,2870.0,2880.0,2780.0,2870.0,6900
2009-10-15,1981.247314453125,2910.0,2960.0,2890.0,2890.0,6200
2009-10-16,1960.8221435546875,2880.0,2930.0,2880.0,2880.0,3600
2009-10-19,2008.4808349609373,2950.0,2950.0,2880.0,2880.0,4300
2009-10-20,2015.28955078125,2960.0,2970.0,2940.0,2940.0,3600
2009-10-21,1994.8642578125,2930.0,2960.0,2920.0,2960.0,3700
2009-10-22,1940.3973388671875,2850.0,2900.0,2850.0,2890.0,3300
2009-10-23,1899.5465087890625,2790.0,2860.0,2780.0,2840.0,9100
2009-10-26,1865.5042724609373,2740.0,2810.0,2710.0,2790.0,13300
2009-10-27,1776.994873046875,2610.0,2690.0,2590.0,2690.0,14400
2009-10-28,1776.994873046875,2610.0,2690.0,2590.0,2630.0,10100
2009-10-29,1756.570068359375,2580.0,2600.0,2500.0,2570.0,8300
2009-10-30,1776.994873046875,2610.0,2620.0,2580.0,2600.0,10500
2009-11-02,1742.9527587890625,2560.0,2570.0,2530.0,2560.0,7900
2009-11-04,1715.7197265625,2520.0,2570.0,2510.0,2560.0,7600
2009-11-05,1702.102783203125,2500.0,2570.0,2480.0,2570.0,9300
2009-11-06,1681.67724609375,2470.0,2480.0,2430.0,2470.0,11000
2009-11-09,1640.82666015625,2410.0,2530.0,2410.0,2520.0,15800
2009-11-10,1668.0604248046875,2450.0,2490.0,2400.0,2450.0,13200
2009-11-11,1647.6348876953125,2420.0,2500.0,2420.0,2490.0,9000
2009-11-12,1620.4017333984375,2380.0,2440.0,2360.0,2440.0,13400
2009-11-13,1613.593505859375,2370.0,2400.0,2360.0,2360.0,18000
2009-11-16,1572.7423095703125,2310.0,2400.0,2270.0,2370.0,10400
2009-11-17,1538.70068359375,2260.0,2310.0,2250.0,2310.0,8800
2009-11-18,1525.083740234375,2240.0,2280.0,2240.0,2270.0,7200
2009-11-19,1477.425048828125,2170.0,2230.0,2160.0,2230.0,8000
2009-11-20,1470.616455078125,2160.0,2240.0,2120.0,2120.0,17900
2009-11-24,1484.233154296875,2180.0,2250.0,2170.0,2210.0,19500
2009-11-25,1497.85009765625,2200.0,2250.0,2180.0,2230.0,16500
2009-11-26,1552.317626953125,2280.0,2300.0,2240.0,2250.0,13400
2009-11-27,1559.126220703125,2290.0,2340.0,2280.0,2280.0,17300
2009-11-30,1613.593505859375,2370.0,2450.0,2340.0,2400.0,16400
2009-12-01,1647.6348876953125,2420.0,2490.0,2350.0,2350.0,8200
2009-12-02,1668.0604248046875,2450.0,2500.0,2420.0,2470.0,6500
2009-12-03,1736.144775390625,2550.0,2550.0,2460.0,2500.0,12900
2009-12-04,1688.4854736328125,2480.0,2520.0,2470.0,2500.0,8800
2009-12-07,1668.0604248046875,2450.0,2530.0,2420.0,2480.0,10800
2009-12-08,1702.102783203125,2500.0,2530.0,2500.0,2520.0,13600
2009-12-09,1702.102783203125,2500.0,2540.0,2480.0,2520.0,6100
2009-12-10,1708.9105224609375,2510.0,2540.0,2500.0,2540.0,5200
2009-12-11,1715.7197265625,2520.0,2560.0,2500.0,2560.0,8900
2009-12-14,1681.67724609375,2470.0,2520.0,2360.0,2520.0,7300
2009-12-15,1722.5279541015625,2530.0,2530.0,2430.0,2430.0,5700
2009-12-16,1729.3360595703125,2540.0,2570.0,2510.0,2520.0,9600
2009-12-17,1695.294189453125,2490.0,2530.0,2440.0,2490.0,8500
2009-12-18,1708.9105224609375,2510.0,2520.0,2470.0,2500.0,4700
2009-12-21,1688.4854736328125,2480.0,2520.0,2480.0,2520.0,3500
2009-12-22,1695.294189453125,2490.0,2510.0,2480.0,2510.0,5500
2009-12-24,1695.294189453125,2490.0,2490.0,2470.0,2490.0,4000
2009-12-25,1674.8687744140625,2460.0,2490.0,2460.0,2490.0,2700
2009-12-28,1702.102783203125,2500.0,2560.0,2500.0,2560.0,7300
2009-12-29,1729.3360595703125,2540.0,2540.0,2510.0,2510.0,2600
2009-12-30,1708.9105224609375,2510.0,2510.0,2500.0,2500.0,5300
2010-01-04,1722.5279541015625,2530.0,2740.0,2500.0,2530.0,8400
2010-01-05,1695.294189453125,2490.0,2580.0,2490.0,2580.0,8300
2010-01-06,1702.102783203125,2500.0,2520.0,2460.0,2490.0,4600
2010-01-07,1715.7197265625,2520.0,2520.0,2480.0,2480.0,3900
2010-01-08,1715.7197265625,2520.0,2550.0,2500.0,2550.0,10300
2010-01-12,1715.7197265625,2520.0,2540.0,2490.0,2490.0,7800
2010-01-13,1736.144775390625,2550.0,2600.0,2500.0,2540.0,11100
2010-01-14,1763.3782958984375,2590.0,2600.0,2550.0,2580.0,5000
2010-01-15,1797.420166015625,2640.0,2640.0,2580.0,2580.0,8000
2010-01-18,1763.3782958984375,2590.0,2640.0,2580.0,2640.0,7800
2010-01-19,1776.994873046875,2610.0,2630.0,2600.0,2600.0,3000
2010-01-20,1729.3360595703125,2540.0,2610.0,2530.0,2610.0,6000
2010-01-21,1729.3360595703125,2540.0,2570.0,2520.0,2530.0,9500
2010-01-22,1708.9105224609375,2510.0,2530.0,2490.0,2530.0,6700
2010-01-25,1681.67724609375,2470.0,2530.0,2470.0,2530.0,8600
2010-01-26,1647.6348876953125,2420.0,2490.0,2410.0,2450.0,9500
2010-01-27,1647.6348876953125,2420.0,2450.0,2420.0,2430.0,8500
2010-01-28,1668.0604248046875,2450.0,2450.0,2430.0,2440.0,2900
2010-01-29,1647.6348876953125,2420.0,2480.0,2420.0,2480.0,3900
2010-02-01,1627.2098388671875,2390.0,2390.0,2360.0,2390.0,4200
2010-02-02,1640.82666015625,2410.0,2420.0,2380.0,2390.0,7400
2010-02-03,1654.4437255859375,2430.0,2470.0,2430.0,2430.0,2300
2010-02-04,1661.2520751953125,2440.0,2450.0,2430.0,2440.0,2200
2010-02-05,1620.4017333984375,2380.0,2450.0,2380.0,2440.0,4200
2010-02-08,1599.9761962890625,2350.0,2390.0,2350.0,2390.0,5600
2010-02-09,1599.9761962890625,2350.0,2370.0,2330.0,2340.0,5300
2010-02-10,1593.167724609375,2340.0,2400.0,2330.0,2400.0,5200
2010-02-12,1613.593505859375,2370.0,2370.0,2340.0,2370.0,3900
2010-02-15,1634.018310546875,2400.0,2500.0,2400.0,2480.0,8100
2010-02-16,1681.67724609375,2470.0,2500.0,2440.0,2440.0,7100
2010-02-17,1708.9105224609375,2510.0,2530.0,2470.0,2500.0,5400
2010-02-18,1715.7197265625,2520.0,2540.0,2450.0,2490.0,4600
2010-02-19,1668.0604248046875,2450.0,2510.0,2450.0,2500.0,7000
2010-02-22,1708.9105224609375,2510.0,2570.0,2460.0,2460.0,8300
2010-02-23,1715.7197265625,2520.0,2540.0,2510.0,2540.0,2300
2010-02-24,1688.4854736328125,2480.0,2530.0,2460.0,2530.0,4200
2010-02-25,1702.102783203125,2500.0,2500.0,2490.0,2490.0,2900
2010-02-26,1702.102783203125,2500.0,2540.0,2470.0,2490.0,7600
2010-03-01,1715.7197265625,2520.0,2570.0,2500.0,2550.0,6300
2010-03-02,1729.3360595703125,2540.0,2540.0,2510.0,2510.0,5600
2010-03-03,1736.144775390625,2550.0,2550.0,2520.0,2540.0,3900
2010-03-04,1695.294189453125,2490.0,2560.0,2480.0,2560.0,4800
2010-03-05,1722.5279541015625,2530.0,2550.0,2520.0,2540.0,3400
2010-03-08,1736.144775390625,2550.0,2560.0,2540.0,2560.0,3700
2010-03-09,1722.5279541015625,2530.0,2600.0,2520.0,2580.0,10600
2010-03-10,1729.3360595703125,2540.0,2570.0,2530.0,2540.0,5500
2010-03-11,1736.144775390625,2550.0,2550.0,2530.0,2550.0,3300
2010-03-12,1736.144775390625,2550.0,2560.0,2550.0,2550.0,8800
2010-03-15,1749.761474609375,2570.0,2580.0,2560.0,2570.0,3000
2010-03-16,1770.186767578125,2600.0,2620.0,2550.0,2550.0,5600
2010-03-17,1776.994873046875,2610.0,2620.0,2570.0,2580.0,6700
2010-03-18,1776.994873046875,2610.0,2640.0,2600.0,2610.0,10100
2010-03-19,1804.2283935546875,2650.0,2660.0,2620.0,2640.0,6400
2010-03-23,1811.0369873046875,2660.0,2680.0,2660.0,2670.0,3700
2010-03-24,1811.0369873046875,2660.0,2680.0,2650.0,2660.0,3500
2010-03-25,1804.2283935546875,2650.0,2680.0,2650.0,2670.0,5100
2010-03-26,1845.079345703125,2710.0,2710.0,2640.0,2640.0,10800
2010-03-29,1872.7210693359373,2710.0,2730.0,2670.0,2680.0,5500
2010-03-30,1921.093505859375,2780.0,2780.0,2710.0,2710.0,11000
2010-03-31,1914.18310546875,2770.0,2790.0,2750.0,2750.0,10200
2010-04-01,1914.18310546875,2770.0,2770.0,2730.0,2760.0,6400
2010-04-02,1914.18310546875,2770.0,2800.0,2750.0,2800.0,4300
2010-04-05,1921.093505859375,2780.0,2780.0,2760.0,2760.0,4800
2010-04-06,1914.18310546875,2770.0,2800.0,2760.0,2760.0,4700
2010-04-07,1928.00390625,2790.0,2800.0,2780.0,2790.0,6300
2010-04-08,1921.093505859375,2780.0,2790.0,2730.0,2730.0,3000
2010-04-09,1907.272705078125,2760.0,2780.0,2750.0,2770.0,6700
2010-04-12,1921.093505859375,2780.0,2800.0,2760.0,2760.0,6500
2010-04-13,1907.272705078125,2760.0,2790.0,2740.0,2790.0,3100
2010-04-14,1907.272705078125,2760.0,2780.0,2750.0,2780.0,7500
2010-04-15,1900.3621826171875,2750.0,2760.0,2740.0,2760.0,4300
2010-04-16,1879.6307373046875,2720.0,2740.0,2720.0,2740.0,2600
2010-04-19,1851.9893798828125,2680.0,2710.0,2620.0,2710.0,5800
2010-04-20,1851.9893798828125,2680.0,2710.0,2670.0,2670.0,5000
2010-04-21,1893.451904296875,2740.0,2740.0,2680.0,2680.0,6600
2010-04-22,1886.541748046875,2730.0,2750.0,2700.0,2750.0,6200
2010-04-23,1893.451904296875,2740.0,2750.0,2730.0,2730.0,3800
2010-04-26,1928.00390625,2790.0,2790.0,2780.0,2780.0,4700
2010-04-27,1921.093505859375,2780.0,2800.0,2780.0,2800.0,3000
2010-04-28,1879.6307373046875,2720.0,2730.0,2680.0,2720.0,7000
2010-04-30,1900.3621826171875,2750.0,2770.0,2720.0,2720.0,9000
2010-05-06,1762.154052734375,2550.0,2640.0,2540.0,2620.0,23600
2010-05-07,1727.6024169921875,2500.0,2500.0,2470.0,2490.0,6900
2010-05-10,1727.6024169921875,2500.0,2510.0,2430.0,2490.0,9400
2010-05-11,1693.050048828125,2450.0,2530.0,2450.0,2500.0,8300
2010-05-12,1679.2293701171875,2430.0,2480.0,2410.0,2460.0,7400
2010-05-13,1679.2293701171875,2430.0,2490.0,2430.0,2490.0,9100
2010-05-14,1665.4083251953125,2410.0,2420.0,2390.0,2420.0,9200
2010-05-17,1617.03564453125,2340.0,2400.0,2340.0,2400.0,14500
2010-05-18,1623.94580078125,2350.0,2380.0,2350.0,2380.0,4100
2010-05-19,1617.03564453125,2340.0,2350.0,2320.0,2340.0,5200
2010-05-20,1582.4837646484375,2290.0,2330.0,2280.0,2320.0,9900
2010-05-21,1520.2899169921875,2200.0,2240.0,2190.0,2200.0,15000
2010-05-24,1547.931640625,2240.0,2250.0,2230.0,2240.0,6700
2010-05-25,1520.2899169921875,2200.0,2240.0,2180.0,2240.0,6400
2010-05-26,1513.37939453125,2190.0,2200.0,2180.0,2190.0,8200
2010-05-27,1499.5587158203125,2170.0,2180.0,2150.0,2170.0,10400
2010-05-28,1520.2899169921875,2200.0,2230.0,2200.0,2230.0,10800
2010-05-31,1547.931640625,2240.0,2240.0,2210.0,2220.0,4600
2010-06-01,1547.931640625,2240.0,2270.0,2210.0,2270.0,2800
2010-06-02,1513.37939453125,2190.0,2210.0,2190.0,2190.0,3500
2010-06-03,1534.1104736328125,2220.0,2230.0,2210.0,2220.0,4600
2010-06-04,1527.2001953125,2210.0,2260.0,2200.0,2240.0,11000
2010-06-07,1478.8272705078125,2140.0,2170.0,2140.0,2170.0,6600
2010-06-08,1485.73779296875,2150.0,2160.0,2140.0,2140.0,3400
2010-06-09,1485.73779296875,2150.0,2150.0,2140.0,2140.0,2100
2010-06-10,1492.648193359375,2160.0,2170.0,2150.0,2170.0,2600
2010-06-11,1492.648193359375,2160.0,2240.0,2150.0,2240.0,11000
2010-06-14,1506.4688720703125,2180.0,2190.0,2160.0,2170.0,6500
2010-06-15,1506.4688720703125,2180.0,2200.0,2160.0,2190.0,3900
2010-06-16,1527.2001953125,2210.0,2220.0,2180.0,2200.0,4500
2010-06-17,1534.1104736328125,2220.0,2240.0,2220.0,2220.0,2700
2010-06-18,1506.4688720703125,2180.0,2210.0,2170.0,2200.0,5500
2010-06-21,1534.1104736328125,2220.0,2220.0,2180.0,2180.0,4000
2010-06-22,1513.37939453125,2190.0,2240.0,2180.0,2210.0,8300
2010-06-23,1506.4688720703125,2180.0,2190.0,2170.0,2180.0,2900
2010-06-24,1499.5587158203125,2170.0,2180.0,2160.0,2170.0,4500
2010-06-25,1485.73779296875,2150.0,2170.0,2130.0,2170.0,6700
2010-06-28,1471.9171142578125,2130.0,2170.0,2130.0,2170.0,5600
2010-06-29,1492.648193359375,2160.0,2170.0,2130.0,2150.0,4800
2010-06-30,1492.648193359375,2160.0,2160.0,2120.0,2150.0,5200
2010-07-01,1465.006591796875,2120.0,2140.0,2120.0,2140.0,7200
2010-07-02,1444.2755126953125,2090.0,2110.0,2090.0,2100.0,2700
2010-07-05,1423.544189453125,2060.0,2130.0,2060.0,2070.0,10100
2010-07-06,1444.2755126953125,2090.0,2100.0,2060.0,2070.0,3700
2010-07-07,1430.4544677734375,2070.0,2080.0,2060.0,2080.0,6000
2010-07-08,1465.006591796875,2120.0,2130.0,2100.0,2110.0,4400
2010-07-09,1444.2755126953125,2090.0,2120.0,2070.0,2100.0,7800
2010-07-12,1430.4544677734375,2070.0,2090.0,2070.0,2070.0,3400
2010-07-13,1444.2755126953125,2090.0,2190.0,2070.0,2170.0,28300
2010-07-14,1471.9171142578125,2130.0,2150.0,2120.0,2120.0,4600
2010-07-15,1458.09619140625,2110.0,2130.0,2110.0,2110.0,6600
2010-07-16,1451.185791015625,2100.0,2110.0,2090.0,2100.0,2900
2010-07-21,1437.364990234375,2080.0,2110.0,2080.0,2080.0,2900
2010-07-22,1430.4544677734375,2070.0,2080.0,2070.0,2080.0,2500
2010-07-23,1444.2755126953125,2090.0,2110.0,2070.0,2110.0,2600
2010-07-26,1437.364990234375,2080.0,2130.0,2080.0,2130.0,3000
2010-07-27,1451.185791015625,2100.0,2100.0,2090.0,2090.0,3000
2010-07-28,1465.006591796875,2120.0,2120.0,2100.0,2110.0,1900
2010-07-29,1451.185791015625,2100.0,2120.0,2100.0,2110.0,2700
2010-07-30,1437.364990234375,2080.0,2100.0,2070.0,2090.0,9200
2010-08-02,1437.364990234375,2080.0,2100.0,2070.0,2080.0,3300
2010-08-03,1430.4544677734375,2070.0,2100.0,2060.0,2100.0,7100
2010-08-04,1437.364990234375,2080.0,2080.0,2070.0,2080.0,2800
2010-08-05,1444.2755126953125,2090.0,2090.0,2080.0,2090.0,1400
2010-08-06,1444.2755126953125,2090.0,2090.0,2080.0,2080.0,2300
2010-08-09,1437.364990234375,2080.0,2080.0,2070.0,2070.0,12300
2010-08-10,1430.4544677734375,2070.0,2090.0,2070.0,2080.0,2100
2010-08-11,1402.81298828125,2030.0,2080.0,2030.0,2080.0,6400
2010-08-12,1388.9921875,2010.0,2020.0,2010.0,2010.0,5300
2010-08-13,1402.81298828125,2030.0,2040.0,2010.0,2040.0,4400
2010-08-16,1395.90234375,2020.0,2030.0,2020.0,2020.0,1200
2010-08-17,1395.90234375,2020.0,2020.0,2000.0,2010.0,5400
2010-08-18,1402.81298828125,2030.0,2040.0,2020.0,2040.0,2600
2010-08-19,1402.81298828125,2030.0,2030.0,2000.0,2020.0,6800
2010-08-20,1375.17138671875,1990.0,1990.0,1990.0,1990.0,8500
2010-08-23,1368.2611083984375,1980.0,2000.0,1980.0,1990.0,3000
2010-08-24,1361.3502197265625,1970.0,2000.0,1960.0,1960.0,5400
2010-08-25,1368.2611083984375,1980.0,2000.0,1960.0,1970.0,3300
2010-08-26,1340.6192626953125,1940.0,1970.0,1920.0,1970.0,6500
2010-08-27,1368.2611083984375,1980.0,1980.0,1950.0,1950.0,6500
2010-08-30,1388.9921875,2010.0,2050.0,1980.0,1980.0,7100
2010-08-31,1368.2611083984375,1980.0,2000.0,1970.0,2000.0,6600
2010-09-01,1382.081787109375,2000.0,2020.0,1980.0,2020.0,4600
2010-09-02,1375.17138671875,1990.0,2020.0,1980.0,2010.0,2500
2010-09-03,1375.17138671875,1990.0,2000.0,1990.0,2000.0,2200
2010-09-06,1402.81298828125,2030.0,2030.0,1990.0,2010.0,4400
2010-09-07,1395.90234375,2020.0,2040.0,2010.0,2030.0,2600
2010-09-08,1375.17138671875,1990.0,1990.0,1980.0,1980.0,1400
2010-09-09,1368.2611083984375,1980.0,2000.0,1980.0,2000.0,2700
2010-09-10,1368.2611083984375,1980.0,1980.0,1960.0,1960.0,5300
2010-09-13,1368.2611083984375,1980.0,1990.0,1980.0,1980.0,3200
2010-09-14,1361.3502197265625,1970.0,1990.0,1970.0,1990.0,5600
2010-09-16,1368.2611083984375,1980.0,2000.0,1980.0,1980.0,3200
2010-09-17,1375.17138671875,1990.0,2000.0,1990.0,1990.0,3600
2010-09-21,1375.17138671875,1990.0,2010.0,1990.0,2010.0,5000
2010-09-22,1382.081787109375,2000.0,2010.0,1980.0,1990.0,4100
2010-09-24,1375.17138671875,1990.0,2000.0,1990.0,2000.0,4400
2010-09-27,1395.90234375,2020.0,2020.0,2000.0,2000.0,3900
2010-09-28,1402.95263671875,1990.0,2010.0,1990.0,2010.0,4200
2010-09-29,1417.0523681640625,2010.0,2010.0,1990.0,1990.0,4000
2010-09-30,1417.0523681640625,2010.0,2010.0,1980.0,1990.0,9000
2010-10-01,1381.80224609375,1960.0,2010.0,1950.0,2010.0,5000
2010-10-04,1374.75244140625,1950.0,1960.0,1950.0,1960.0,1100
2010-10-05,1388.8525390625,1970.0,1970.0,1950.0,1950.0,2800
2010-10-06,1388.8525390625,1970.0,1970.0,1950.0,1970.0,2700
2010-10-07,1395.90234375,1980.0,1980.0,1960.0,1970.0,2300
2010-10-08,1374.75244140625,1950.0,1970.0,1950.0,1970.0,5800
2010-10-12,1346.55224609375,1910.0,1940.0,1900.0,1940.0,3700
2010-10-13,1332.452392578125,1890.0,1900.0,1880.0,1900.0,4200
2010-10-14,1304.2520751953125,1850.0,1880.0,1830.0,1870.0,8800
2010-10-15,1297.202392578125,1840.0,1860.0,1840.0,1860.0,2100
2010-10-18,1290.15234375,1830.0,1830.0,1820.0,1830.0,4000
2010-10-19,1290.15234375,1830.0,1840.0,1820.0,1820.0,1800
2010-10-20,1261.952392578125,1790.0,1800.0,1790.0,1790.0,6900
2010-10-21,1269.00244140625,1800.0,1800.0,1780.0,1790.0,7200
2010-10-22,1269.00244140625,1800.0,1810.0,1780.0,1790.0,5600
2010-10-25,1247.852294921875,1770.0,1800.0,1770.0,1790.0,6900
2010-10-26,1240.8023681640625,1760.0,1770.0,1750.0,1770.0,5100
2010-10-27,1247.852294921875,1770.0,1790.0,1760.0,1790.0,8400
2010-10-28,1219.65234375,1730.0,1750.0,1720.0,1750.0,14000
2010-10-29,1212.602294921875,1720.0,1750.0,1720.0,1750.0,10600
2010-11-01,1184.4022216796875,1680.0,1720.0,1670.0,1710.0,19400
2010-11-02,1191.452392578125,1690.0,1690.0,1680.0,1680.0,3300
2010-11-04,1198.5020751953125,1700.0,1750.0,1680.0,1690.0,11900
2010-11-05,1240.8023681640625,1760.0,1760.0,1720.0,1730.0,8000
2010-11-08,1240.8023681640625,1760.0,1780.0,1730.0,1760.0,15700
2010-11-09,1219.65234375,1730.0,1730.0,1710.0,1710.0,21800
2010-11-10,1240.8023681640625,1760.0,1770.0,1730.0,1730.0,10700
2010-11-11,1269.00244140625,1800.0,1810.0,1760.0,1760.0,9500
2010-11-12,1254.9022216796875,1780.0,1820.0,1780.0,1820.0,4300
2010-11-15,1276.0523681640625,1810.0,1820.0,1790.0,1790.0,2300
2010-11-16,1276.0523681640625,1810.0,1820.0,1800.0,1820.0,2400
2010-11-17,1283.1021728515625,1820.0,1820.0,1770.0,1780.0,4000
2010-11-18,1276.0523681640625,1810.0,1840.0,1770.0,1780.0,7100
2010-11-19,1247.852294921875,1770.0,1840.0,1770.0,1830.0,11000
2010-11-22,1276.0523681640625,1810.0,1820.0,1800.0,1800.0,4400
2010-11-24,1254.9022216796875,1780.0,1810.0,1780.0,1790.0,6800
2010-11-25,1269.00244140625,1800.0,1800.0,1790.0,1800.0,3800
2010-11-26,1276.0523681640625,1810.0,1810.0,1800.0,1800.0,3400
2010-11-29,1290.15234375,1830.0,1850.0,1830.0,1830.0,7400
2010-11-30,1276.0523681640625,1810.0,1850.0,1800.0,1840.0,13400
2010-12-01,1276.0523681640625,1810.0,1810.0,1790.0,1800.0,5600
2010-12-02,1269.00244140625,1800.0,1840.0,1800.0,1810.0,11100
2010-12-03,1276.0523681640625,1810.0,1820.0,1800.0,1810.0,5200
2010-12-06,1290.15234375,1830.0,1830.0,1810.0,1810.0,5300
2010-12-07,1276.0523681640625,1810.0,1830.0,1810.0,1830.0,6700
2010-12-08,1318.352294921875,1870.0,1880.0,1840.0,1850.0,33700
2010-12-09,1353.602294921875,1920.0,1940.0,1900.0,1930.0,12300
2010-12-10,1360.65234375,1930.0,1940.0,1900.0,1910.0,8800
2010-12-13,1353.602294921875,1920.0,1940.0,1890.0,1900.0,8700
2010-12-14,1381.80224609375,1960.0,1960.0,1910.0,1910.0,8100
2010-12-15,1381.80224609375,1960.0,1960.0,1930.0,1950.0,9800
2010-12-16,1395.90234375,1980.0,2000.0,1960.0,1960.0,7400
2010-12-17,1381.80224609375,1960.0,2000.0,1940.0,1980.0,12200
2010-12-20,1360.65234375,1930.0,1960.0,1930.0,1940.0,9600
2010-12-21,1388.8525390625,1970.0,1980.0,1910.0,1920.0,9100
2010-12-22,1367.7022705078125,1940.0,1970.0,1920.0,1950.0,7600
2010-12-24,1353.602294921875,1920.0,1940.0,1910.0,1930.0,7600
2010-12-27,1353.602294921875,1920.0,1930.0,1910.0,1910.0,4500
2010-12-28,1339.5023193359375,1900.0,1910.0,1900.0,1900.0,4600
2010-12-29,1360.65234375,1930.0,1930.0,1910.0,1910.0,3300
2010-12-30,1353.602294921875,1920.0,1930.0,1890.0,1930.0,6100
2011-01-04,1367.7022705078125,1940.0,1950.0,1920.0,1950.0,4000
2011-01-05,1353.602294921875,1920.0,1940.0,1900.0,1940.0,7600
2011-01-06,1367.7022705078125,1940.0,1940.0,1930.0,1930.0,4100
2011-01-07,1367.7022705078125,1940.0,1950.0,1930.0,1950.0,5500
2011-01-11,1374.75244140625,1950.0,1950.0,1930.0,1940.0,4900
2011-01-12,1374.75244140625,1950.0,1970.0,1950.0,1970.0,7600
2011-01-13,1374.75244140625,1950.0,1960.0,1940.0,1960.0,4900
2011-01-14,1402.95263671875,1990.0,1990.0,1960.0,1960.0,7400
2011-01-17,1388.8525390625,1970.0,2010.0,1960.0,2010.0,8300
2011-01-18,1388.8525390625,1970.0,1980.0,1970.0,1980.0,2300
2011-01-19,1410.00244140625,2000.0,2000.0,1970.0,1980.0,4600
2011-01-20,1388.8525390625,1970.0,2000.0,1970.0,2000.0,10100
2011-01-21,1353.602294921875,1920.0,1990.0,1910.0,1990.0,9500
2011-01-24,1374.75244140625,1950.0,1950.0,1920.0,1920.0,3200
2011-01-25,1374.75244140625,1950.0,1970.0,1940.0,1940.0,3400
2011-01-26,1381.80224609375,1960.0,1970.0,1960.0,1960.0,4200
2011-01-27,1395.90234375,1980.0,1980.0,1960.0,1960.0,2200
2011-01-28,1381.80224609375,1960.0,1980.0,1960.0,1980.0,4800
2011-01-31,1339.5023193359375,1900.0,1920.0,1900.0,1920.0,12400
2011-02-01,1339.5023193359375,1900.0,1910.0,1900.0,1900.0,3700
2011-02-02,1388.8525390625,1970.0,2000.0,1920.0,1920.0,12600
2011-02-03,1388.8525390625,1970.0,1980.0,1950.0,1980.0,3800
2011-02-04,1381.80224609375,1960.0,1990.0,1960.0,1970.0,7500
2011-02-07,1374.75244140625,1950.0,1970.0,1950.0,1970.0,8600
2011-02-08,1388.8525390625,1970.0,1980.0,1960.0,1970.0,3600
2011-02-09,1374.75244140625,1950.0,1970.0,1940.0,1970.0,7700
2011-02-10,1367.7022705078125,1940.0,1960.0,1940.0,1950.0,2900
2011-02-14,1374.75244140625,1950.0,1970.0,1930.0,1950.0,6000
2011-02-15,1367.7022705078125,1940.0,1960.0,1940.0,1960.0,11800
2011-02-16,1360.65234375,1930.0,1950.0,1930.0,1950.0,8800
2011-02-17,1353.602294921875,1920.0,1940.0,1900.0,1940.0,14000
2011-02-18,1367.7022705078125,1940.0,1940.0,1920.0,1930.0,2800
2011-02-21,1360.65234375,1930.0,1940.0,1930.0,1940.0,3300
2011-02-22,1346.55224609375,1910.0,1930.0,1910.0,1930.0,7600
2011-02-23,1339.5023193359375,1900.0,1920.0,1900.0,1900.0,5100
2011-02-24,1339.5023193359375,1900.0,1920.0,1900.0,1920.0,4300
2011-02-25,1346.55224609375,1910.0,1910.0,1900.0,1900.0,2600
2011-02-28,1339.5023193359375,1900.0,1920.0,1900.0,1920.0,11100
2011-03-01,1360.65234375,1930.0,1940.0,1890.0,1910.0,7800
2011-03-02,1346.55224609375,1910.0,1920.0,1910.0,1910.0,5000
2011-03-03,1360.65234375,1930.0,1940.0,1910.0,1920.0,1900
2011-03-04,1346.55224609375,1910.0,1940.0,1900.0,1940.0,20500
2011-03-07,1360.65234375,1930.0,1930.0,1910.0,1920.0,9000
2011-03-08,1360.65234375,1930.0,1940.0,1930.0,1930.0,6000
2011-03-09,1353.602294921875,1920.0,1940.0,1920.0,1940.0,4900
2011-03-10,1353.602294921875,1920.0,1940.0,1900.0,1910.0,9100
2011-03-11,1332.452392578125,1890.0,1910.0,1890.0,1900.0,15200
2011-03-14,1198.5020751953125,1700.0,1790.0,1680.0,1720.0,14900
2011-03-15,979.9518432617188,1390.0,1650.0,1200.0,1650.0,24500
2011-03-16,1050.4521484375,1490.0,1500.0,1350.0,1390.0,20800
2011-03-17,1064.5518798828125,1510.0,1540.0,1410.0,1440.0,9300
2011-03-18,1085.701904296875,1540.0,1610.0,1540.0,1600.0,13800
2011-03-22,1198.5020751953125,1700.0,1720.0,1620.0,1620.0,7800
2011-03-23,1226.702392578125,1740.0,1750.0,1710.0,1740.0,7800
2011-03-24,1212.602294921875,1720.0,1740.0,1690.0,1720.0,7700
2011-03-25,1297.202392578125,1840.0,1870.0,1800.0,1870.0,23800
2011-03-28,1311.3023681640625,1860.0,1880.0,1830.0,1870.0,8500
2011-03-29,1340.1221923828125,1860.0,1860.0,1830.0,1850.0,8800
2011-03-30,1368.94189453125,1900.0,1900.0,1840.0,1860.0,5200
2011-03-31,1368.94189453125,1900.0,1900.0,1850.0,1900.0,10900
2011-04-01,1347.3270263671875,1870.0,1890.0,1860.0,1890.0,3600
2011-04-04,1340.1221923828125,1860.0,1880.0,1860.0,1880.0,1800
2011-04-05,1268.072509765625,1760.0,1840.0,1740.0,1840.0,5200
2011-04-06,1224.8427734375,1700.0,1730.0,1670.0,1730.0,10600
2011-04-07,1210.4329833984375,1680.0,1700.0,1670.0,1690.0,3700
2011-04-08,1232.047607421875,1710.0,1710.0,1650.0,1650.0,4900
2011-04-11,1224.8427734375,1700.0,1740.0,1690.0,1690.0,2700
2011-04-12,1210.4329833984375,1680.0,1710.0,1660.0,1690.0,3000
2011-04-13,1210.4329833984375,1680.0,1690.0,1650.0,1650.0,3600
2011-04-14,1224.8427734375,1700.0,1700.0,1680.0,1680.0,4000
2011-04-15,1217.637939453125,1690.0,1700.0,1690.0,1690.0,1100
2011-04-18,1224.8427734375,1700.0,1720.0,1690.0,1690.0,2300
2011-04-19,1217.637939453125,1690.0,1700.0,1670.0,1670.0,3800
2011-04-20,1210.4329833984375,1680.0,1700.0,1680.0,1700.0,1800
2011-04-21,1203.2276611328125,1670.0,1680.0,1670.0,1680.0,1500
2011-04-22,1203.2276611328125,1670.0,1670.0,1660.0,1660.0,3700
2011-04-25,1196.0230712890625,1660.0,1680.0,1660.0,1660.0,1400
2011-04-26,1196.0230712890625,1660.0,1670.0,1660.0,1670.0,6900
2011-04-27,1217.637939453125,1690.0,1690.0,1670.0,1690.0,4400
2011-04-28,1196.0230712890625,1660.0,1680.0,1650.0,1650.0,7600
2011-05-02,1232.047607421875,1710.0,1710.0,1690.0,1700.0,5100
2011-05-06,1217.637939453125,1690.0,1710.0,1690.0,1710.0,2300
2011-05-09,1217.637939453125,1690.0,1710.0,1690.0,1690.0,1200
2011-05-10,1217.637939453125,1690.0,1700.0,1680.0,1690.0,2800
2011-05-11,1217.637939453125,1690.0,1700.0,1680.0,1690.0,4800
2011-05-12,1196.0230712890625,1660.0,1670.0,1660.0,1660.0,5000
2011-05-13,1217.637939453125,1690.0,1860.0,1670.0,1730.0,41900
2011-05-16,1282.482421875,1780.0,1800.0,1670.0,1670.0,21900
2011-05-17,1289.6873779296875,1790.0,1800.0,1730.0,1770.0,10600
2011-05-18,1296.8924560546875,1800.0,1800.0,1760.0,1790.0,4000
2011-05-19,1325.7122802734375,1840.0,1840.0,1780.0,1800.0,12800
2011-05-20,1318.507568359375,1830.0,1830.0,1800.0,1820.0,5200
2011-05-23,1275.277587890625,1770.0,1790.0,1760.0,1790.0,6700
2011-05-24,1282.482421875,1780.0,1790.0,1770.0,1780.0,3700
2011-05-25,1282.482421875,1780.0,1790.0,1780.0,1780.0,2600
2011-05-26,1347.3270263671875,1870.0,1890.0,1800.0,1810.0,12800
2011-05-27,1340.1221923828125,1860.0,1870.0,1830.0,1860.0,12000
2011-05-30,1361.737060546875,1890.0,1890.0,1850.0,1850.0,6000
2011-05-31,1368.94189453125,1900.0,1900.0,1870.0,1880.0,9900
2011-06-01,1383.3519287109375,1920.0,1930.0,1900.0,1900.0,9000
2011-06-02,1361.737060546875,1890.0,1910.0,1870.0,1870.0,6100
2011-06-03,1347.3270263671875,1870.0,1910.0,1870.0,1890.0,5800
2011-06-06,1325.7122802734375,1840.0,1870.0,1840.0,1840.0,5600
2011-06-07,1376.1468505859375,1910.0,1930.0,1830.0,1840.0,11700
2011-06-08,1361.737060546875,1890.0,1910.0,1870.0,1890.0,2500
2011-06-09,1304.0972900390625,1810.0,1860.0,1810.0,1860.0,7100
2011-06-10,1325.7122802734375,1840.0,1840.0,1820.0,1820.0,9700
2011-06-13,1318.507568359375,1830.0,1850.0,1780.0,1840.0,10000
2011-06-14,1347.3270263671875,1870.0,1870.0,1830.0,1840.0,8200
2011-06-15,1354.531982421875,1880.0,1880.0,1850.0,1880.0,2800
2011-06-16,1332.9169921875,1850.0,1850.0,1830.0,1830.0,7300
2011-06-17,1289.6873779296875,1790.0,1870.0,1790.0,1840.0,7800
2011-06-20,1289.6873779296875,1790.0,1800.0,1780.0,1780.0,4700
2011-06-21,1304.0972900390625,1810.0,1820.0,1800.0,1800.0,5800
2011-06-22,1332.9169921875,1850.0,1860.0,1830.0,1830.0,5800
2011-06-23,1340.1221923828125,1860.0,1860.0,1840.0,1840.0,3000
2011-06-24,1354.531982421875,1880.0,1880.0,1860.0,1860.0,3800
2011-06-27,1340.1221923828125,1860.0,1880.0,1850.0,1880.0,5700
2011-06-28,1347.3270263671875,1870.0,1890.0,1870.0,1880.0,3500
2011-06-29,1368.94189453125,1900.0,1910.0,1870.0,1870.0,6400
2011-06-30,1390.556884765625,1930.0,1930.0,1890.0,1910.0,6900
2011-07-01,1419.376708984375,1970.0,1970.0,1920.0,1940.0,11300
2011-07-04,1404.966796875,1950.0,1980.0,1950.0,1970.0,7100
2011-07-05,1397.7615966796875,1940.0,1950.0,1940.0,1940.0,4300
2011-07-06,1397.7615966796875,1940.0,1940.0,1930.0,1940.0,3100
2011-07-07,1412.171630859375,1960.0,1960.0,1950.0,1950.0,4500
2011-07-08,1426.58154296875,1980.0,2000.0,1980.0,1990.0,15600
2011-07-11,1455.4014892578125,2020.0,2020.0,1970.0,1970.0,7100
2011-07-12,1440.991455078125,2000.0,2000.0,1980.0,1990.0,10300
2011-07-13,1484.221435546875,2060.0,2070.0,1970.0,1970.0,18400
2011-07-14,1484.221435546875,2060.0,2100.0,2060.0,2060.0,15100
2011-07-15,1477.0162353515625,2050.0,2070.0,2050.0,2050.0,5800
2011-07-19,1448.1962890625,2010.0,2040.0,2000.0,2020.0,7900
2011-07-20,1462.6064453125,2030.0,2030.0,2010.0,2030.0,3300
2011-07-21,1440.991455078125,2000.0,2030.0,1990.0,2030.0,5200
2011-07-22,1484.221435546875,2060.0,2100.0,2000.0,2000.0,14100
2011-07-25,1462.6064453125,2030.0,2060.0,2030.0,2050.0,4400
2011-07-26,1469.8114013671875,2040.0,2050.0,2030.0,2030.0,2700
2011-07-27,1455.4014892578125,2020.0,2050.0,2020.0,2050.0,4200
2011-07-28,1426.58154296875,1980.0,2010.0,1960.0,2010.0,9800
2011-07-29,1397.7615966796875,1940.0,1960.0,1940.0,1950.0,6000
2011-08-01,1383.3519287109375,1920.0,1940.0,1910.0,1940.0,5800
2011-08-02,1361.737060546875,1890.0,1910.0,1880.0,1910.0,6500
2011-08-03,1340.1221923828125,1860.0,1870.0,1840.0,1870.0,6700
2011-08-04,1361.737060546875,1890.0,1900.0,1860.0,1860.0,4300
2011-08-05,1311.30224609375,1820.0,1860.0,1810.0,1850.0,5700
2011-08-08,1275.277587890625,1770.0,1810.0,1740.0,1770.0,11300
2011-08-09,1275.277587890625,1770.0,1780.0,1720.0,1720.0,6800
2011-08-10,1289.6873779296875,1790.0,1820.0,1780.0,1820.0,4000
2011-08-11,1318.507568359375,1830.0,1830.0,1770.0,1790.0,4200
2011-08-12,1311.30224609375,1820.0,1840.0,1810.0,1840.0,1200
2011-08-15,1311.30224609375,1820.0,1830.0,1820.0,1830.0,2600
2011-08-16,1304.0972900390625,1810.0,1860.0,1810.0,1830.0,2500
2011-08-17,1296.8924560546875,1800.0,1810.0,1780.0,1800.0,7100
2011-08-18,1296.8924560546875,1800.0,1820.0,1800.0,1820.0,4000
2011-08-19,1296.8924560546875,1800.0,1800.0,1770.0,1780.0,4700
2011-08-22,1275.277587890625,1770.0,1800.0,1770.0,1800.0,3100
2011-08-23,1296.8924560546875,1800.0,1810.0,1770.0,1780.0,2700
2011-08-24,1260.86767578125,1750.0,1830.0,1750.0,1830.0,7200
2011-08-25,1296.8924560546875,1800.0,1820.0,1780.0,1780.0,7500
2011-08-26,1332.9169921875,1850.0,1850.0,1800.0,1800.0,4500
2011-08-29,1332.9169921875,1850.0,1880.0,1840.0,1880.0,3900
2011-08-30,1340.1221923828125,1860.0,1880.0,1840.0,1870.0,5400
2011-08-31,1354.531982421875,1880.0,1960.0,1880.0,1880.0,9600
2011-09-01,1397.7615966796875,1940.0,1950.0,1930.0,1950.0,2400
2011-09-02,1383.3519287109375,1920.0,1920.0,1880.0,1920.0,2800
2011-09-05,1361.737060546875,1890.0,1930.0,1890.0,1920.0,2300
2011-09-06,1354.531982421875,1880.0,1930.0,1860.0,1930.0,8400
2011-09-07,1342.283935546875,1863.0,1870.0,1840.0,1870.0,3000
2011-09-08,1361.737060546875,1890.0,1890.0,1830.0,1880.0,6800
2011-09-09,1332.9169921875,1850.0,1880.0,1850.0,1850.0,11200
2011-09-12,1332.9169921875,1850.0,1850.0,1820.0,1840.0,5400
2011-09-13,1340.1221923828125,1860.0,1860.0,1800.0,1840.0,2200
2011-09-14,1340.1221923828125,1860.0,1860.0,1800.0,1860.0,4500
2011-09-15,1340.1221923828125,1860.0,1860.0,1840.0,1850.0,1800
2011-09-16,1354.531982421875,1880.0,1970.0,1880.0,1880.0,9500
2011-09-20,1361.737060546875,1890.0,1920.0,1890.0,1920.0,2000
2011-09-21,1347.3270263671875,1870.0,1890.0,1870.0,1870.0,1600
2011-09-22,1354.531982421875,1880.0,1880.0,1850.0,1870.0,3000
2011-09-26,1325.7122802734375,1840.0,1910.0,1810.0,1910.0,8600
2011-09-27,1368.94189453125,1900.0,1900.0,1880.0,1890.0,7500
2011-09-28,1376.302001953125,1870.0,1880.0,1850.0,1870.0,7200
2011-09-29,1442.541015625,1960.0,1960.0,1860.0,1870.0,8300
2011-09-30,1420.4613037109375,1930.0,1940.0,1900.0,1940.0,9500
2011-10-03,1368.94189453125,1860.0,1920.0,1860.0,1920.0,6500
2011-10-04,1376.302001953125,1870.0,1880.0,1820.0,1870.0,4100
2011-10-05,1354.22216796875,1840.0,1890.0,1820.0,1890.0,5000
2011-10-06,1302.7027587890625,1770.0,1890.0,1770.0,1840.0,8200
2011-10-07,1361.58203125,1850.0,1850.0,1800.0,1820.0,4200
2011-10-11,1361.58203125,1850.0,1900.0,1850.0,1870.0,5600
2011-10-12,1383.6617431640625,1880.0,1890.0,1850.0,1850.0,2800
2011-10-13,1376.302001953125,1870.0,1900.0,1870.0,1890.0,2600
2011-10-14,1361.58203125,1850.0,1890.0,1840.0,1870.0,7500
2011-10-17,1391.0218505859375,1890.0,1900.0,1870.0,1890.0,1800
2011-10-18,1361.58203125,1850.0,1880.0,1850.0,1880.0,2100
2011-10-19,1346.8624267578125,1830.0,1880.0,1830.0,1870.0,2500
2011-10-20,1339.50244140625,1820.0,1830.0,1810.0,1830.0,1100
2011-10-21,1354.22216796875,1840.0,1840.0,1800.0,1810.0,1300
2011-10-24,1324.782470703125,1800.0,1870.0,1800.0,1860.0,2400
2011-10-25,1310.06298828125,1780.0,1810.0,1780.0,1800.0,3100
2011-10-26,1317.4227294921875,1790.0,1790.0,1760.0,1770.0,7500
2011-10-27,1324.782470703125,1800.0,1810.0,1760.0,1810.0,5900
2011-10-28,1346.8624267578125,1830.0,1850.0,1800.0,1830.0,9000
2011-10-31,1324.782470703125,1800.0,1840.0,1800.0,1830.0,4100
2011-11-01,1324.782470703125,1800.0,1820.0,1790.0,1810.0,1400
2011-11-02,1324.782470703125,1800.0,1800.0,1780.0,1780.0,3400
2011-11-04,1324.782470703125,1800.0,1810.0,1780.0,1790.0,2900
2011-11-07,1339.50244140625,1820.0,1820.0,1770.0,1800.0,2700
2011-11-08,1295.3431396484375,1760.0,1800.0,1760.0,1800.0,4300
2011-11-09,1324.782470703125,1800.0,1800.0,1750.0,1750.0,4500
2011-11-10,1295.3431396484375,1760.0,1770.0,1750.0,1770.0,2700
2011-11-11,1280.6231689453125,1740.0,1760.0,1720.0,1760.0,5900
2011-11-14,1287.9827880859375,1750.0,1760.0,1750.0,1760.0,600
2011-11-15,1295.3431396484375,1760.0,1760.0,1750.0,1750.0,1600
2011-11-16,1295.3431396484375,1760.0,1790.0,1760.0,1780.0,2500
2011-11-17,1317.4227294921875,1790.0,1790.0,1760.0,1780.0,2700
2011-11-18,1302.7027587890625,1770.0,1780.0,1750.0,1780.0,3700
2011-11-21,1310.06298828125,1780.0,1790.0,1730.0,1780.0,3400
2011-11-22,1302.7027587890625,1770.0,1770.0,1750.0,1760.0,2000
2011-11-24,1295.3431396484375,1760.0,1770.0,1740.0,1760.0,2100
2011-11-25,1287.9827880859375,1750.0,1760.0,1730.0,1730.0,1700
2011-11-28,1310.06298828125,1780.0,1790.0,1770.0,1780.0,3100
2011-11-29,1332.142333984375,1810.0,1820.0,1790.0,1800.0,4300
2011-11-30,1391.0218505859375,1890.0,1890.0,1780.0,1810.0,7900
2011-12-01,1391.0218505859375,1890.0,1910.0,1850.0,1890.0,3700
2011-12-02,1376.302001953125,1870.0,1900.0,1870.0,1900.0,700
2011-12-05,1391.0218505859375,1890.0,1900.0,1870.0,1890.0,3200
2011-12-06,1339.50244140625,1820.0,1860.0,1820.0,1850.0,4700
2011-12-07,1383.6617431640625,1880.0,1890.0,1840.0,1840.0,5000
2011-12-08,1354.22216796875,1840.0,1900.0,1830.0,1870.0,11000
2011-12-09,1346.8624267578125,1830.0,1870.0,1820.0,1820.0,8900
2011-12-12,1354.22216796875,1840.0,1870.0,1840.0,1870.0,1800
2011-12-13,1376.302001953125,1870.0,1880.0,1840.0,1840.0,6300
2011-12-14,1361.58203125,1850.0,1880.0,1850.0,1880.0,3600
2011-12-15,1354.22216796875,1840.0,1870.0,1840.0,1850.0,3800
2011-12-16,1339.50244140625,1820.0,1860.0,1820.0,1840.0,5300
2011-12-19,1317.4227294921875,1790.0,1830.0,1790.0,1820.0,3100
2011-12-20,1317.4227294921875,1790.0,1800.0,1770.0,1780.0,3700
2011-12-21,1324.782470703125,1800.0,1830.0,1800.0,1820.0,1500
2011-12-22,1317.4227294921875,1790.0,1820.0,1790.0,1800.0,2200
2011-12-26,1332.142333984375,1810.0,1810.0,1790.0,1800.0,3400
2011-12-27,1317.4227294921875,1790.0,1820.0,1790.0,1820.0,4000
2011-12-28,1310.06298828125,1780.0,1800.0,1780.0,1790.0,2100
2011-12-29,1317.4227294921875,1790.0,1800.0,1790.0,1790.0,1900
2011-12-30,1324.782470703125,1800.0,1800.0,1790.0,1800.0,3400
2012-01-04,1332.142333984375,1810.0,1830.0,1790.0,1790.0,11700
2012-01-05,1332.142333984375,1810.0,1820.0,1800.0,1810.0,3300
2012-01-06,1332.142333984375,1810.0,1810.0,1810.0,1810.0,900
2012-01-10,1324.782470703125,1800.0,1810.0,1800.0,1800.0,3200
2012-01-11,1324.782470703125,1800.0,1830.0,1800.0,1800.0,2700
2012-01-12,1324.782470703125,1800.0,1810.0,1800.0,1800.0,2100
2012-01-13,1339.50244140625,1820.0,1820.0,1800.0,1800.0,1800
2012-01-16,1354.22216796875,1840.0,1840.0,1800.0,1810.0,1200
2012-01-17,1354.22216796875,1840.0,1840.0,1820.0,1820.0,2500
2012-01-18,1346.8624267578125,1830.0,1860.0,1820.0,1850.0,4500
2012-01-19,1368.94189453125,1860.0,1860.0,1850.0,1850.0,3400
2012-01-20,1368.94189453125,1860.0,1890.0,1860.0,1880.0,7000
2012-01-23,1391.0218505859375,1890.0,1910.0,1890.0,1910.0,3900
2012-01-24,1376.302001953125,1870.0,1890.0,1860.0,1890.0,5600
2012-01-25,1405.7415771484375,1910.0,1940.0,1860.0,1870.0,7800
2012-01-26,1427.8211669921875,1940.0,1960.0,1910.0,1930.0,8300
2012-01-27,1420.4613037109375,1930.0,1960.0,1920.0,1940.0,6800
2012-01-30,1405.7415771484375,1910.0,1950.0,1910.0,1930.0,5700
2012-01-31,1567.659423828125,2130.0,2390.0,1920.0,1920.0,628300
2012-02-01,1494.0604248046875,2030.0,2090.0,2020.0,2090.0,87900
2012-02-02,1508.7801513671875,2050.0,2070.0,2040.0,2060.0,28600
2012-02-03,1508.7801513671875,2050.0,2090.0,2030.0,2050.0,20800
2012-02-06,1494.0604248046875,2030.0,2050.0,1970.0,2050.0,22400
2012-02-07,1501.420166015625,2040.0,2060.0,2020.0,2030.0,12800
2012-02-08,1567.659423828125,2130.0,2180.0,2050.0,2060.0,38000
2012-02-09,1560.2998046875,2120.0,2170.0,2100.0,2160.0,17400
2012-02-10,1545.57958984375,2100.0,2110.0,2080.0,2100.0,7400
2012-02-13,1516.14013671875,2060.0,2080.0,2050.0,2060.0,5600
2012-02-14,1516.14013671875,2060.0,2080.0,2060.0,2070.0,3900
2012-02-15,1538.2198486328125,2090.0,2140.0,2080.0,2140.0,24000
2012-02-16,1567.659423828125,2130.0,2140.0,2110.0,2130.0,16400
2012-02-17,1575.0191650390625,2140.0,2170.0,2110.0,2160.0,18900
2012-02-20,1626.53857421875,2210.0,2230.0,2160.0,2160.0,25100
2012-02-21,1707.497314453125,2320.0,2320.0,2230.0,2260.0,45100
2012-02-22,1714.8570556640625,2330.0,2360.0,2280.0,2320.0,35300
2012-02-23,1729.5772705078125,2350.0,2400.0,2280.0,2320.0,33200
2012-02-24,1722.217529296875,2340.0,2360.0,2310.0,2350.0,19800
2012-02-27,1700.1378173828125,2310.0,2340.0,2290.0,2310.0,21700
2012-02-28,1744.2972412109375,2370.0,2380.0,2250.0,2270.0,23100
2012-02-29,1817.896240234375,2470.0,2500.0,2380.0,2390.0,43000
2012-03-01,1751.656982421875,2380.0,2470.0,2340.0,2450.0,23600
2012-03-02,1773.736572265625,2410.0,2430.0,2380.0,2430.0,12300
2012-03-05,1751.656982421875,2380.0,2430.0,2380.0,2410.0,6600
2012-03-06,1751.656982421875,2380.0,2390.0,2360.0,2380.0,5500
2012-03-07,1729.5772705078125,2350.0,2350.0,2320.0,2340.0,10100
2012-03-08,1736.9368896484375,2360.0,2380.0,2320.0,2320.0,11400
2012-03-09,1751.656982421875,2380.0,2400.0,2360.0,2390.0,17800
2012-03-12,1736.9368896484375,2360.0,2400.0,2360.0,2380.0,9300
2012-03-13,1729.5772705078125,2350.0,2390.0,2350.0,2360.0,5900
2012-03-14,1729.5772705078125,2350.0,2380.0,2350.0,2370.0,10900
2012-03-15,1751.656982421875,2380.0,2380.0,2340.0,2360.0,8800
2012-03-16,1729.5772705078125,2350.0,2380.0,2350.0,2380.0,5800
2012-03-19,1722.217529296875,2340.0,2370.0,2340.0,2340.0,5400
2012-03-21,1707.497314453125,2320.0,2360.0,2310.0,2350.0,14800
2012-03-22,1692.7777099609375,2300.0,2330.0,2270.0,2310.0,13900
2012-03-23,1692.7777099609375,2300.0,2310.0,2260.0,2270.0,12600
2012-03-26,1670.697998046875,2270.0,2300.0,2260.0,2290.0,15100
2012-03-27,1700.1378173828125,2310.0,2310.0,2280.0,2280.0,14000
2012-03-28,1677.6688232421875,2240.0,2260.0,2220.0,2260.0,12900
2012-03-29,1707.6273193359375,2280.0,2280.0,2230.0,2230.0,6500
2012-03-30,1715.1168212890625,2290.0,2290.0,2270.0,2290.0,8700
2012-04-02,1692.6484375,2260.0,2270.0,2250.0,2270.0,7600
2012-04-03,1647.71044921875,2200.0,2250.0,2200.0,2250.0,5100
2012-04-04,1640.22119140625,2190.0,2230.0,2180.0,2220.0,9700
2012-04-05,1640.22119140625,2190.0,2190.0,2160.0,2160.0,3600
2012-04-06,1647.71044921875,2200.0,2260.0,2190.0,2190.0,5700
2012-04-09,1632.7313232421875,2180.0,2200.0,2180.0,2200.0,3300
2012-04-10,1595.283203125,2130.0,2170.0,2120.0,2150.0,4600
2012-04-11,1565.3250732421875,2090.0,2100.0,2060.0,2100.0,13000
2012-04-12,1572.814697265625,2100.0,2110.0,2080.0,2100.0,7800
2012-04-13,1580.3040771484375,2110.0,2140.0,2110.0,2130.0,6000
2012-04-16,1550.3458251953125,2070.0,2120.0,2060.0,2090.0,6100
2012-04-17,1557.8353271484375,2080.0,2100.0,2060.0,2060.0,5300
2012-04-18,1572.814697265625,2100.0,2140.0,2080.0,2080.0,5700
2012-04-19,1557.8353271484375,2080.0,2150.0,2080.0,2110.0,5400
2012-04-20,1580.3040771484375,2110.0,2120.0,2080.0,2100.0,3200
2012-04-23,1602.77294921875,2140.0,2140.0,2110.0,2110.0,4300
2012-04-24,1587.7939453125,2120.0,2120.0,2110.0,2110.0,1500
2012-04-25,1617.7520751953125,2160.0,2160.0,2100.0,2130.0,4800
2012-04-26,1655.2000732421875,2210.0,2210.0,2160.0,2180.0,5400
2012-04-27,1647.71044921875,2200.0,2230.0,2180.0,2210.0,7400
2012-05-01,1580.3040771484375,2110.0,2170.0,2110.0,2170.0,4500
2012-05-02,1610.262451171875,2150.0,2150.0,2110.0,2130.0,3300
2012-05-07,1565.3250732421875,2090.0,2100.0,2090.0,2090.0,2500
2012-05-08,1602.77294921875,2140.0,2140.0,2080.0,2090.0,2800
2012-05-09,1535.3665771484375,2050.0,2100.0,2050.0,2100.0,4900
2012-05-10,1527.876953125,2040.0,2060.0,2020.0,2050.0,1900
2012-05-11,1482.9393310546875,1980.0,2040.0,1980.0,2030.0,7800
2012-05-14,1460.4708251953125,1950.0,2030.0,1950.0,1960.0,4000
2012-05-15,1408.043701171875,1880.0,1930.0,1870.0,1900.0,6400
2012-05-16,1385.5748291015625,1850.0,1910.0,1840.0,1870.0,4400
2012-05-17,1393.0643310546875,1860.0,1870.0,1830.0,1830.0,4100
2012-05-18,1393.0643310546875,1860.0,1870.0,1840.0,1870.0,5500
2012-05-21,1370.595458984375,1830.0,1870.0,1810.0,1830.0,5400
2012-05-22,1393.0643310546875,1860.0,1880.0,1820.0,1860.0,6500
2012-05-23,1408.043701171875,1880.0,1880.0,1850.0,1860.0,4600
2012-05-24,1393.0643310546875,1860.0,1860.0,1850.0,1850.0,2400
2012-05-25,1400.553955078125,1870.0,1870.0,1840.0,1840.0,2600
2012-05-28,1370.595458984375,1830.0,1830.0,1800.0,1830.0,5400
2012-05-29,1415.533447265625,1890.0,1890.0,1810.0,1810.0,4100
2012-05-30,1430.5123291015625,1910.0,1910.0,1870.0,1910.0,6300
2012-05-31,1370.595458984375,1830.0,1860.0,1830.0,1860.0,7100
2012-06-01,1355.6163330078125,1810.0,1870.0,1810.0,1870.0,2900
2012-06-04,1340.63720703125,1790.0,1790.0,1760.0,1780.0,4200
2012-06-05,1355.6163330078125,1810.0,1820.0,1790.0,1790.0,2200
2012-06-06,1355.6163330078125,1810.0,1810.0,1780.0,1810.0,6700
2012-06-07,1430.5123291015625,1910.0,1960.0,1830.0,1850.0,12300
2012-06-08,1438.001953125,1920.0,1970.0,1890.0,1960.0,12100
2012-06-11,1445.491455078125,1930.0,1960.0,1920.0,1960.0,3100
2012-06-12,1460.4708251953125,1950.0,1950.0,1850.0,1880.0,7400
2012-06-13,1452.98095703125,1940.0,1970.0,1940.0,1950.0,5300
2012-06-14,1467.9603271484375,1960.0,1960.0,1910.0,1910.0,3400
2012-06-15,1370.595458984375,1830.0,1970.0,1830.0,1960.0,8000
2012-06-18,1430.5123291015625,1910.0,1910.0,1880.0,1910.0,4200
2012-06-19,1423.0228271484375,1900.0,1910.0,1870.0,1870.0,3400
2012-06-20,1452.98095703125,1940.0,1940.0,1900.0,1900.0,3900
2012-06-21,1475.4498291015625,1970.0,1970.0,1920.0,1940.0,3200
2012-06-22,1482.9393310546875,1980.0,1990.0,1940.0,1940.0,1900
2012-06-25,1482.9393310546875,1980.0,2020.0,1980.0,1980.0,4300
2012-06-26,1475.4498291015625,1970.0,1980.0,1960.0,1980.0,3800
2012-06-27,1452.98095703125,1940.0,1990.0,1930.0,1990.0,4700
2012-06-28,1497.918701171875,2000.0,2010.0,1950.0,1950.0,4000
2012-06-29,1512.8980712890625,2020.0,2030.0,1980.0,1980.0,5700
2012-07-02,1497.918701171875,2000.0,2070.0,2000.0,2070.0,2500
2012-07-03,1512.8980712890625,2020.0,2020.0,1980.0,1980.0,1900
2012-07-04,1497.918701171875,2000.0,2030.0,2000.0,2020.0,2800
2012-07-05,1520.3875732421875,2030.0,2040.0,2010.0,2010.0,2500
2012-07-06,1550.3458251953125,2070.0,2100.0,2050.0,2070.0,15200
2012-07-09,1535.3665771484375,2050.0,2070.0,2030.0,2030.0,5200
2012-07-10,1542.8563232421875,2060.0,2110.0,2050.0,2050.0,6700
2012-07-11,1542.8563232421875,2060.0,2080.0,2050.0,2080.0,1800
2012-07-12,1527.876953125,2040.0,2060.0,2030.0,2050.0,2400
2012-07-13,1512.8980712890625,2020.0,2070.0,2020.0,2040.0,2400
2012-07-17,1505.4083251953125,2010.0,2040.0,2010.0,2040.0,1300
2012-07-18,1475.4498291015625,1970.0,2040.0,1970.0,2020.0,1800
2012-07-19,1467.9603271484375,1960.0,1970.0,1940.0,1960.0,3700
2012-07-20,1452.98095703125,1940.0,1950.0,1910.0,1950.0,1900
2012-07-23,1393.0643310546875,1860.0,1910.0,1860.0,1900.0,3100
2012-07-24,1385.5748291015625,1850.0,1880.0,1850.0,1870.0,2200
2012-07-25,1400.553955078125,1870.0,1880.0,1860.0,1880.0,2400
2012-07-26,1438.001953125,1920.0,1930.0,1880.0,1920.0,3700
2012-07-27,1497.918701171875,2000.0,2000.0,1940.0,1950.0,4100
2012-07-30,1467.9603271484375,1960.0,1980.0,1950.0,1980.0,3100
2012-07-31,1475.4498291015625,1970.0,2040.0,1900.0,1970.0,4700
2012-08-01,1527.876953125,2040.0,2040.0,2000.0,2040.0,1800
2012-08-02,1475.4498291015625,1970.0,1990.0,1960.0,1960.0,5900
2012-08-03,1393.0643310546875,1860.0,1980.0,1860.0,1960.0,11800
2012-08-06,1415.533447265625,1890.0,1930.0,1870.0,1870.0,5500
2012-08-07,1430.5123291015625,1910.0,1930.0,1870.0,1930.0,6100
2012-08-08,1408.043701171875,1880.0,1880.0,1870.0,1870.0,4200
2012-08-09,1408.043701171875,1880.0,1900.0,1880.0,1880.0,2600
2012-08-10,1415.533447265625,1890.0,1900.0,1870.0,1900.0,3000
2012-08-13,1438.001953125,1920.0,1920.0,1870.0,1890.0,1700
2012-08-14,1430.5123291015625,1910.0,1930.0,1870.0,1920.0,10500
2012-08-15,1452.98095703125,1940.0,1940.0,1890.0,1920.0,4000
2012-08-16,1467.9603271484375,1960.0,1960.0,1930.0,1940.0,12200
2012-08-17,1490.4290771484375,1990.0,2000.0,1970.0,1970.0,3700
2012-08-20,1452.98095703125,1940.0,2000.0,1920.0,2000.0,10200
2012-08-21,1452.98095703125,1940.0,1950.0,1940.0,1940.0,2600
2012-08-22,1452.98095703125,1940.0,1960.0,1930.0,1940.0,1600
2012-08-23,1445.491455078125,1930.0,1960.0,1930.0,1950.0,1900
2012-08-24,1415.533447265625,1890.0,1960.0,1880.0,1950.0,11200
2012-08-27,1430.5123291015625,1910.0,1910.0,1900.0,1900.0,4100
2012-08-28,1393.0643310546875,1860.0,1920.0,1850.0,1900.0,10800
2012-08-29,1415.533447265625,1890.0,1890.0,1850.0,1860.0,5000
2012-08-30,1393.0643310546875,1860.0,1880.0,1850.0,1880.0,3000
2012-08-31,1370.595458984375,1830.0,1850.0,1830.0,1850.0,5400
2012-09-03,1340.63720703125,1790.0,1840.0,1790.0,1830.0,4700
2012-09-04,1355.6163330078125,1810.0,1810.0,1790.0,1790.0,3200
2012-09-05,1340.63720703125,1790.0,1800.0,1780.0,1780.0,3800
2012-09-06,1310.6785888671875,1750.0,1780.0,1730.0,1780.0,8000
2012-09-07,1310.6785888671875,1750.0,1780.0,1750.0,1760.0,8100
2012-09-10,1333.147705078125,1780.0,1780.0,1760.0,1770.0,4900
2012-09-11,1310.6785888671875,1750.0,1790.0,1730.0,1790.0,5700
2012-09-12,1310.6785888671875,1750.0,1770.0,1740.0,1750.0,5200
2012-09-13,1340.63720703125,1790.0,1790.0,1760.0,1760.0,2700
2012-09-14,1370.595458984375,1830.0,1860.0,1790.0,1800.0,14200
2012-09-18,1408.043701171875,1880.0,1900.0,1840.0,1870.0,5500
2012-09-19,1415.533447265625,1890.0,1900.0,1840.0,1850.0,6100
2012-09-20,1400.553955078125,1870.0,1880.0,1850.0,1880.0,4100
2012-09-21,1385.5748291015625,1850.0,1870.0,1850.0,1870.0,4000
2012-09-24,1400.553955078125,1870.0,1880.0,1840.0,1850.0,5800
2012-09-25,1415.533447265625,1890.0,1890.0,1860.0,1860.0,4700
2012-09-26,1438.48779296875,1880.0,1880.0,1830.0,1850.0,5800
2012-09-27,1400.2301025390625,1830.0,1880.0,1790.0,1870.0,15400
2012-09-28,1392.57861328125,1820.0,1830.0,1810.0,1830.0,6200
2012-10-01,1361.9725341796875,1780.0,1810.0,1750.0,1810.0,4100
2012-10-02,1346.6693115234375,1760.0,1790.0,1760.0,1790.0,3600
2012-10-03,1331.3663330078125,1740.0,1760.0,1740.0,1750.0,3800
2012-10-04,1331.3663330078125,1740.0,1760.0,1720.0,1750.0,5200
2012-10-05,1323.71484375,1730.0,1770.0,1730.0,1750.0,5200
2012-10-09,1308.4117431640625,1710.0,1750.0,1710.0,1730.0,3400
2012-10-10,1285.45703125,1680.0,1740.0,1680.0,1720.0,6400
2012-10-11,1277.8056640625,1670.0,1710.0,1660.0,1700.0,8100
2012-10-12,1262.50244140625,1650.0,1690.0,1650.0,1680.0,6700
2012-10-15,1262.50244140625,1650.0,1670.0,1650.0,1670.0,4500
2012-10-16,1277.8056640625,1670.0,1680.0,1660.0,1660.0,5500
2012-10-17,1300.7601318359375,1700.0,1710.0,1670.0,1680.0,4900
2012-10-18,1316.0633544921875,1720.0,1740.0,1710.0,1710.0,5500
2012-10-19,1339.017578125,1750.0,1750.0,1710.0,1710.0,3400
2012-10-22,1339.017578125,1750.0,1750.0,1710.0,1720.0,2400
2012-10-23,1331.3663330078125,1740.0,1750.0,1730.0,1750.0,2600
2012-10-24,1316.0633544921875,1720.0,1720.0,1710.0,1720.0,2100
2012-10-25,1323.71484375,1730.0,1740.0,1710.0,1720.0,3900
2012-10-26,1331.3663330078125,1740.0,1750.0,1730.0,1730.0,7800
2012-10-29,1361.9725341796875,1780.0,1780.0,1750.0,1770.0,8200
2012-10-30,1346.6693115234375,1760.0,1790.0,1740.0,1760.0,18200
2012-10-31,1369.6240234375,1790.0,1800.0,1760.0,1760.0,9100
2012-11-01,1361.9725341796875,1780.0,1800.0,1760.0,1770.0,3100
2012-11-02,1384.9268798828125,1810.0,1820.0,1780.0,1800.0,4600
2012-11-05,1369.6240234375,1790.0,1790.0,1760.0,1770.0,1900
2012-11-06,1369.6240234375,1790.0,1790.0,1780.0,1780.0,700
2012-11-07,1377.2755126953125,1800.0,1800.0,1770.0,1770.0,4700
2012-11-08,1453.7908935546875,1900.0,1920.0,1880.0,1900.0,33900
2012-11-09,1476.745361328125,1930.0,1930.0,1870.0,1900.0,17900
2012-11-12,1469.0938720703125,1920.0,1940.0,1910.0,1920.0,7800
2012-11-13,1484.396728515625,1940.0,1950.0,1920.0,1920.0,11200
2012-11-14,1515.0028076171875,1980.0,1980.0,1920.0,1920.0,19200
2012-11-15,1545.6092529296875,2020.0,2070.0,1970.0,1980.0,16500
2012-11-16,1522.65478515625,1990.0,2030.0,1970.0,1970.0,17800
2012-11-19,1583.8668212890625,2070.0,2070.0,1990.0,1990.0,15200
2012-11-20,1576.21533203125,2060.0,2100.0,2060.0,2080.0,18300
2012-11-21,1599.169921875,2090.0,2100.0,2070.0,2080.0,19700
2012-11-22,1629.77587890625,2130.0,2130.0,2070.0,2100.0,17700
2012-11-26,1660.38232421875,2170.0,2170.0,2130.0,2140.0,26200
2012-11-27,1683.3365478515625,2200.0,2210.0,2170.0,2170.0,21100
2012-11-28,1706.2913818359375,2230.0,2230.0,2200.0,2200.0,10600
2012-11-29,1721.5943603515625,2250.0,2270.0,2230.0,2240.0,15200
2012-11-30,1736.8973388671875,2270.0,2300.0,2250.0,2260.0,15800
2012-12-03,1759.8519287109375,2300.0,2300.0,2280.0,2280.0,11500
2012-12-04,1744.5489501953125,2280.0,2310.0,2280.0,2300.0,17400
2012-12-05,1721.5943603515625,2250.0,2280.0,2250.0,2280.0,14800
2012-12-06,1675.685546875,2190.0,2280.0,2160.0,2280.0,29400
2012-12-07,1652.73046875,2160.0,2180.0,2130.0,2180.0,22800
2012-12-10,1629.77587890625,2130.0,2160.0,2120.0,2160.0,12300
2012-12-11,1652.73046875,2160.0,2190.0,2150.0,2190.0,21100
2012-12-12,1629.77587890625,2130.0,2170.0,2130.0,2160.0,12400
2012-12-13,1645.0789794921875,2150.0,2150.0,2140.0,2150.0,12200
2012-12-14,1606.8214111328125,2100.0,2120.0,2100.0,2120.0,18500
2012-12-17,1606.8214111328125,2100.0,2140.0,2100.0,2110.0,16300
2012-12-18,1614.4727783203125,2110.0,2140.0,2080.0,2110.0,16900
2012-12-19,1675.685546875,2190.0,2220.0,2110.0,2120.0,18800
2012-12-20,1698.6395263671875,2220.0,2220.0,2180.0,2220.0,11600
2012-12-21,1675.685546875,2190.0,2220.0,2180.0,2220.0,4900
2012-12-25,1675.685546875,2190.0,2230.0,2180.0,2230.0,6000
2012-12-26,1706.2913818359375,2230.0,2240.0,2190.0,2200.0,8200
2012-12-27,1721.5943603515625,2250.0,2260.0,2230.0,2240.0,10000
2012-12-28,1698.6395263671875,2220.0,2260.0,2220.0,2250.0,6300
2013-01-04,1752.200439453125,2290.0,2290.0,2220.0,2240.0,9300
2013-01-07,1836.3671875,2400.0,2430.0,2300.0,2300.0,31900
2013-01-08,1912.882568359375,2500.0,2630.0,2380.0,2400.0,62800
2013-01-09,1943.4888916015625,2540.0,2540.0,2500.0,2520.0,47900
2013-01-10,1928.185791015625,2520.0,2590.0,2500.0,2550.0,44800
2013-01-11,1912.882568359375,2500.0,2530.0,2460.0,2530.0,19900
2013-01-15,1935.8372802734373,2530.0,2570.0,2530.0,2530.0,24500
2013-01-16,1928.185791015625,2520.0,2550.0,2500.0,2550.0,16000
2013-01-17,1981.74609375,2590.0,2690.0,2560.0,2680.0,88600
2013-01-18,1981.74609375,2590.0,2640.0,2570.0,2620.0,22600
2013-01-21,1974.0948486328125,2580.0,2600.0,2550.0,2600.0,13600
2013-01-22,1928.185791015625,2520.0,2580.0,2510.0,2580.0,17000
2013-01-23,1859.322021484375,2430.0,2510.0,2420.0,2490.0,22500
2013-01-24,1866.9732666015625,2440.0,2440.0,2370.0,2410.0,21200
2013-01-25,1889.9281005859373,2470.0,2500.0,2450.0,2480.0,14200
2013-01-28,1897.5792236328125,2480.0,2500.0,2460.0,2500.0,14600
2013-01-29,1897.5792236328125,2480.0,2500.0,2450.0,2450.0,9700
2013-01-30,1920.5345458984373,2510.0,2540.0,2450.0,2480.0,16900
2013-01-31,1935.8372802734373,2530.0,2550.0,2500.0,2510.0,13300
2013-02-01,1928.185791015625,2520.0,2550.0,2510.0,2530.0,11300
2013-02-04,1928.185791015625,2520.0,2540.0,2500.0,2520.0,11300
2013-02-05,1828.7158203125,2390.0,2500.0,2350.0,2480.0,30100
2013-02-06,1828.7158203125,2390.0,2470.0,2380.0,2420.0,19800
2013-02-07,1790.4581298828125,2340.0,2390.0,2310.0,2360.0,27500
2013-02-08,1828.7158203125,2390.0,2410.0,2360.0,2360.0,12700
2013-02-12,1836.3671875,2400.0,2450.0,2380.0,2410.0,12500
2013-02-13,1798.109619140625,2350.0,2400.0,2340.0,2400.0,14500
2013-02-14,1821.064208984375,2380.0,2390.0,2330.0,2350.0,7800
2013-02-15,1775.1549072265625,2320.0,2390.0,2310.0,2350.0,11000
2013-02-18,1821.064208984375,2380.0,2400.0,2340.0,2350.0,11400
2013-02-19,1859.322021484375,2430.0,2440.0,2390.0,2390.0,9400
2013-02-20,1882.276611328125,2460.0,2470.0,2420.0,2440.0,8200
2013-02-21,1866.9732666015625,2440.0,2470.0,2430.0,2470.0,5600
2013-02-22,1828.7158203125,2390.0,2430.0,2360.0,2430.0,8100
2013-02-25,1851.67041015625,2420.0,2440.0,2420.0,2430.0,6900
2013-02-26,1866.9732666015625,2440.0,2440.0,2400.0,2420.0,8800
2013-02-27,1851.67041015625,2420.0,2450.0,2410.0,2450.0,5200
2013-02-28,1928.185791015625,2520.0,2520.0,2420.0,2460.0,21100
2013-03-01,1905.2310791015625,2490.0,2580.0,2480.0,2530.0,24400
2013-03-04,1920.5345458984373,2510.0,2590.0,2510.0,2530.0,22700
2013-03-05,1943.4888916015625,2540.0,2570.0,2530.0,2530.0,10900
2013-03-06,1951.1400146484373,2550.0,2560.0,2540.0,2540.0,8100
2013-03-07,1943.4888916015625,2540.0,2610.0,2540.0,2570.0,19900
2013-03-08,1974.0948486328125,2580.0,2610.0,2560.0,2610.0,26700
2013-03-11,2004.7010498046875,2620.0,2640.0,2600.0,2600.0,15700
2013-03-12,1951.1400146484373,2550.0,2630.0,2550.0,2630.0,17200
2013-03-13,1943.4888916015625,2540.0,2570.0,2540.0,2550.0,11600
2013-03-14,1935.8372802734373,2530.0,2560.0,2520.0,2550.0,13700
2013-03-15,1951.1400146484373,2550.0,2590.0,2530.0,2540.0,23000
2013-03-18,1951.1400146484373,2550.0,2570.0,2540.0,2570.0,13800
2013-03-19,1997.0496826171875,2610.0,2640.0,2570.0,2580.0,12000
2013-03-21,2027.6553955078125,2650.0,2670.0,2620.0,2620.0,13800
2013-03-22,2111.822509765625,2760.0,2920.0,2680.0,2680.0,92700
2013-03-25,2065.913330078125,2700.0,2800.0,2700.0,2800.0,22500
2013-03-26,2081.21630859375,2720.0,2740.0,2690.0,2690.0,11100
2013-03-27,2205.468017578125,2840.0,2850.0,2720.0,2770.0,42600
2013-03-28,2213.23388671875,2850.0,2860.0,2800.0,2850.0,29200
2013-03-29,2182.171142578125,2810.0,2850.0,2790.0,2820.0,15600
2013-04-01,2088.98193359375,2690.0,2850.0,2690.0,2840.0,12900
2013-04-02,2073.45068359375,2670.0,2710.0,2540.0,2610.0,14500
2013-04-03,2104.513427734375,2710.0,2720.0,2650.0,2650.0,9100
2013-04-04,2088.98193359375,2690.0,2850.0,2610.0,2700.0,24200
2013-04-05,2174.4052734375,2800.0,2870.0,2770.0,2850.0,36900
2013-04-08,2686.943603515625,3460.0,3580.0,2840.0,2870.0,196100
2013-04-09,2640.34912109375,3400.0,3600.0,3310.0,3410.0,142700
2013-04-10,2655.880615234375,3420.0,3470.0,3350.0,3400.0,42000
2013-04-11,2912.149658203125,3750.0,4190.0,3650.0,4190.0,384600
2013-04-12,3098.52734375,3990.0,4060.0,3750.0,3910.0,180800
2013-04-15,2974.27587890625,3830.0,3990.0,3770.0,3910.0,79600
2013-04-16,2873.321044921875,3700.0,3850.0,3600.0,3630.0,102300
2013-04-17,2826.7265625,3640.0,3830.0,3630.0,3690.0,61500
2013-04-18,2818.9609375,3630.0,3750.0,3560.0,3580.0,49400
2013-04-19,2989.807373046875,3850.0,3890.0,3640.0,3710.0,91800
2013-04-22,2943.21240234375,3790.0,3980.0,3750.0,3980.0,73400
2013-04-23,2912.149658203125,3750.0,3790.0,3700.0,3750.0,47600
2013-04-24,2912.149658203125,3750.0,3800.0,3670.0,3790.0,57600
2013-04-25,2865.55517578125,3690.0,3780.0,3600.0,3780.0,47900
2013-04-26,2857.78955078125,3680.0,3760.0,3670.0,3700.0,33700
2013-04-30,2865.55517578125,3690.0,3760.0,3680.0,3680.0,34200
2013-05-01,2834.4921875,3650.0,3720.0,3640.0,3700.0,27700
2013-05-02,2818.9609375,3630.0,3670.0,3610.0,3620.0,29100
2013-05-07,2904.384033203125,3740.0,3780.0,3690.0,3700.0,39100
2013-05-08,2873.321044921875,3700.0,3790.0,3660.0,3730.0,29000
2013-05-09,2842.258056640625,3660.0,3830.0,3660.0,3720.0,37900
2013-05-10,2850.0244140625,3670.0,3800.0,3630.0,3740.0,51800
2013-05-13,2780.13232421875,3580.0,3700.0,3540.0,3670.0,32700
2013-05-14,2679.177490234375,3450.0,3580.0,3400.0,3530.0,59300
2013-05-15,2539.394287109375,3270.0,3500.0,3200.0,3500.0,44500
2013-05-16,2655.880615234375,3420.0,3440.0,3250.0,3300.0,41700
2013-05-17,2741.3037109375,3530.0,3570.0,3380.0,3410.0,29300
2013-05-20,2756.83544921875,3550.0,3590.0,3480.0,3510.0,15900
2013-05-21,2780.13232421875,3580.0,3600.0,3520.0,3580.0,33000
2013-05-22,2764.60107421875,3560.0,3620.0,3520.0,3580.0,24000
2013-05-23,2578.223388671875,3320.0,3560.0,3300.0,3560.0,46800
2013-05-24,2531.62890625,3260.0,3470.0,3190.0,3470.0,40400
2013-05-27,2415.142822265625,3110.0,3270.0,3110.0,3270.0,34400
2013-05-28,2422.90869140625,3120.0,3170.0,3050.0,3070.0,26600
2013-05-29,2446.20556640625,3150.0,3250.0,3130.0,3250.0,24100
2013-05-30,2360.7822265625,3040.0,3220.0,3000.0,3220.0,33500
2013-05-31,2321.953857421875,2990.0,3110.0,2950.0,3070.0,23900
2013-06-03,2236.531005859375,2880.0,3040.0,2880.0,2990.0,21600
2013-06-04,2306.4228515625,2970.0,2980.0,2810.0,2880.0,17300
2013-06-05,2252.062744140625,2900.0,3070.0,2900.0,2970.0,19800
2013-06-06,2120.044921875,2730.0,2910.0,2670.0,2900.0,22900
2013-06-07,2034.621826171875,2620.0,2670.0,2510.0,2650.0,36000
2013-06-10,2096.748046875,2700.0,2760.0,2670.0,2750.0,20500
2013-06-11,2081.21630859375,2680.0,2750.0,2650.0,2750.0,11700
2013-06-12,2050.153564453125,2640.0,2680.0,2540.0,2680.0,13800
2013-06-13,1980.2618408203125,2550.0,2670.0,2520.0,2670.0,13500
2013-06-14,1988.0274658203125,2560.0,2610.0,2520.0,2520.0,24100
2013-06-17,2057.919189453125,2650.0,2650.0,2550.0,2560.0,10500
2013-06-18,2042.3878173828125,2630.0,2700.0,2610.0,2650.0,13100
2013-06-19,2329.7197265625,3000.0,3040.0,2650.0,2670.0,110400
2013-06-20,2259.828125,2910.0,2980.0,2890.0,2980.0,59100
2013-06-21,2174.4052734375,2800.0,2840.0,2770.0,2810.0,29900
2013-06-24,2174.4052734375,2800.0,2880.0,2790.0,2880.0,7200
2013-06-25,2088.98193359375,2690.0,2770.0,2630.0,2750.0,12600
2013-06-26,2019.0904541015625,2600.0,2770.0,2560.0,2760.0,10100
2013-06-27,2050.153564453125,2640.0,2660.0,2470.0,2660.0,18500
2013-06-28,2151.108154296875,2770.0,2770.0,2660.0,2660.0,15200
2013-07-01,2213.23388671875,2850.0,2880.0,2770.0,2800.0,10600
2013-07-02,2220.99951171875,2860.0,2940.0,2810.0,2940.0,14900
2013-07-03,2143.34228515625,2760.0,2850.0,2660.0,2840.0,23600
2013-07-04,2228.76513671875,2870.0,2900.0,2760.0,2790.0,11500
2013-07-05,2290.891357421875,2950.0,2950.0,2880.0,2900.0,9700
2013-07-08,2220.99951171875,2860.0,3000.0,2860.0,2950.0,18000
2013-07-09,2298.65673828125,2960.0,3130.0,2880.0,2880.0,60600
2013-07-10,2283.125244140625,2940.0,3010.0,2920.0,2990.0,23500
2013-07-11,2290.891357421875,2950.0,2980.0,2940.0,2960.0,10500
2013-07-12,2314.188720703125,2980.0,3020.0,2970.0,3010.0,13900
2013-07-16,2314.188720703125,2980.0,3030.0,2960.0,3030.0,11900
2013-07-17,2321.953857421875,2990.0,3010.0,2960.0,3010.0,8800
2013-07-18,2321.953857421875,2990.0,2990.0,2970.0,2990.0,28900
2013-07-19,2267.59423828125,2920.0,2990.0,2880.0,2970.0,16000
2013-07-22,2189.936767578125,2820.0,2960.0,2630.0,2950.0,31000
2013-07-23,2236.531005859375,2880.0,2900.0,2810.0,2820.0,9100
2013-07-24,2236.531005859375,2880.0,2900.0,2830.0,2900.0,3100
2013-07-25,2213.23388671875,2850.0,2880.0,2850.0,2850.0,5400
2013-07-26,2189.936767578125,2820.0,2870.0,2820.0,2850.0,7100
2013-07-29,2057.919189453125,2650.0,2810.0,2650.0,2810.0,11000
2013-07-30,2135.57666015625,2750.0,2750.0,2650.0,2650.0,7200
2013-07-31,2112.279541015625,2720.0,2760.0,2660.0,2760.0,7400
2013-08-01,2127.81103515625,2740.0,2740.0,2700.0,2720.0,4600
2013-08-02,2166.639404296875,2790.0,2790.0,2740.0,2740.0,5100
2013-08-05,2151.108154296875,2770.0,2800.0,2760.0,2800.0,2800
2013-08-06,2174.4052734375,2800.0,2800.0,2750.0,2790.0,5800
2013-08-07,2127.81103515625,2740.0,2790.0,2740.0,2780.0,4900
2013-08-08,2088.98193359375,2690.0,2750.0,2690.0,2750.0,4900
2013-08-09,2166.639404296875,2790.0,2820.0,2740.0,2790.0,15800
2013-08-12,2104.513427734375,2710.0,2770.0,2710.0,2760.0,3600
2013-08-13,2143.34228515625,2760.0,2760.0,2720.0,2720.0,3700
2013-08-14,2158.873779296875,2780.0,2780.0,2730.0,2770.0,3100
2013-08-15,2135.57666015625,2750.0,2770.0,2740.0,2750.0,2700
2013-08-16,2127.81103515625,2740.0,2750.0,2720.0,2740.0,3800
2013-08-19,2112.279541015625,2720.0,2730.0,2710.0,2720.0,1200
2013-08-20,2104.513427734375,2710.0,2740.0,2710.0,2720.0,3000
2013-08-21,2081.21630859375,2680.0,2710.0,2660.0,2710.0,3600
2013-08-22,2042.3878173828125,2630.0,2670.0,2620.0,2660.0,5400
2013-08-23,2050.153564453125,2640.0,2670.0,2610.0,2660.0,5300
2013-08-26,2081.21630859375,2680.0,2680.0,2630.0,2640.0,3700
2013-08-27,2088.98193359375,2690.0,2690.0,2640.0,2680.0,4800
2013-08-28,2042.3878173828125,2630.0,2650.0,2620.0,2640.0,4200
2013-08-29,1995.79296875,2570.0,2630.0,2560.0,2620.0,6400
2013-08-30,1956.96435546875,2520.0,2580.0,2520.0,2570.0,10000
2013-09-02,1972.496337890625,2540.0,2570.0,2520.0,2540.0,7200
2013-09-03,2011.3243408203125,2590.0,2590.0,2550.0,2550.0,5800
2013-09-04,2026.856201171875,2610.0,2620.0,2550.0,2590.0,6400
2013-09-05,2034.621826171875,2620.0,2630.0,2600.0,2610.0,3200
2013-09-06,2026.856201171875,2610.0,2630.0,2600.0,2630.0,3600
2013-09-09,2096.748046875,2700.0,2720.0,2680.0,2710.0,6800
2013-09-10,2120.044921875,2730.0,2730.0,2680.0,2680.0,10200
2013-09-11,2151.108154296875,2770.0,2800.0,2730.0,2740.0,11500
2013-09-12,2158.873779296875,2780.0,2780.0,2750.0,2770.0,3900
2013-09-13,2127.81103515625,2740.0,2750.0,2700.0,2700.0,22300
2013-09-17,2135.57666015625,2750.0,2790.0,2750.0,2790.0,6200
2013-09-18,2135.57666015625,2750.0,2770.0,2740.0,2750.0,4700
2013-09-19,2166.639404296875,2790.0,2790.0,2740.0,2750.0,8000
2013-09-20,2283.125244140625,2940.0,2960.0,2790.0,2800.0,25200
2013-09-24,2259.828125,2910.0,2950.0,2870.0,2940.0,16100
2013-09-25,2275.359619140625,2930.0,2980.0,2890.0,2920.0,13000
2013-09-26,2283.232421875,2900.0,2900.0,2820.0,2840.0,6200
2013-09-27,2275.35986328125,2890.0,2910.0,2850.0,2910.0,4900
2013-09-30,2251.739990234375,2860.0,2880.0,2820.0,2880.0,8200
2013-10-01,2196.627197265625,2790.0,2850.0,2780.0,2800.0,13400
2013-10-02,2125.7685546875,2700.0,2790.0,2700.0,2780.0,11600
2013-10-03,2086.40234375,2650.0,2710.0,2650.0,2710.0,14900
2013-10-04,2070.65576171875,2630.0,2660.0,2590.0,2660.0,20700
2013-10-07,2047.0364990234373,2600.0,2640.0,2600.0,2630.0,14400
2013-10-08,2070.65576171875,2630.0,2650.0,2560.0,2610.0,24200
2013-10-09,2110.022216796875,2680.0,2690.0,2610.0,2620.0,10000
2013-10-10,2117.8955078125,2690.0,2770.0,2670.0,2760.0,22500
2013-10-11,2157.261474609375,2740.0,2740.0,2660.0,2660.0,14400
2013-10-15,2133.641357421875,2710.0,2770.0,2690.0,2760.0,10100
2013-10-16,2125.7685546875,2700.0,2710.0,2680.0,2700.0,4300
2013-10-17,2125.7685546875,2700.0,2730.0,2690.0,2730.0,12200
2013-10-18,2133.641357421875,2710.0,2730.0,2700.0,2700.0,5600
2013-10-21,2149.3876953125,2730.0,2740.0,2710.0,2720.0,8800
2013-10-22,2157.261474609375,2740.0,2750.0,2710.0,2720.0,21600
2013-10-23,2173.007568359375,2760.0,2820.0,2740.0,2740.0,15000
2013-10-24,2188.75390625,2780.0,2780.0,2730.0,2750.0,11600
2013-10-25,2157.261474609375,2740.0,2780.0,2740.0,2770.0,8600
2013-10-28,2173.007568359375,2760.0,2760.0,2730.0,2750.0,6100
2013-10-29,2157.261474609375,2740.0,2760.0,2730.0,2730.0,10500
2013-10-30,2173.007568359375,2760.0,2770.0,2730.0,2770.0,15200
2013-10-31,2173.007568359375,2760.0,2760.0,2760.0,2760.0,0
2013-11-01,2078.529052734375,2640.0,2780.0,2600.0,2730.0,15500
2013-11-05,2078.529052734375,2640.0,2680.0,2630.0,2660.0,10700
2013-11-06,2125.7685546875,2700.0,2710.0,2650.0,2660.0,9000
2013-11-07,2102.148681640625,2670.0,2710.0,2660.0,2700.0,8600
2013-11-08,2117.8955078125,2690.0,2700.0,2610.0,2630.0,9500
2013-11-11,2102.148681640625,2670.0,2720.0,2650.0,2710.0,7100
2013-11-12,2141.514892578125,2720.0,2730.0,2660.0,2660.0,8400
2013-11-13,2102.148681640625,2670.0,2690.0,2650.0,2690.0,8100
2013-11-14,2141.514892578125,2720.0,2730.0,2700.0,2710.0,24300
2013-11-15,2149.3876953125,2730.0,2750.0,2720.0,2730.0,17000
2013-11-18,2165.134521484375,2750.0,2770.0,2730.0,2750.0,8000
2013-11-19,2149.3876953125,2730.0,2760.0,2710.0,2740.0,8900
2013-11-20,2149.3876953125,2730.0,2740.0,2710.0,2730.0,5800
2013-11-21,2173.007568359375,2760.0,2770.0,2740.0,2740.0,4900
2013-11-22,2165.134521484375,2750.0,2770.0,2740.0,2770.0,7700
2013-11-25,2188.75390625,2780.0,2780.0,2750.0,2780.0,10600
2013-11-26,2180.881103515625,2770.0,2780.0,2750.0,2760.0,12300
2013-11-27,2196.627197265625,2790.0,2810.0,2760.0,2780.0,13700
2013-11-28,2196.627197265625,2790.0,2810.0,2750.0,2790.0,9000
2013-11-29,2196.627197265625,2790.0,2800.0,2750.0,2800.0,11200
2013-12-02,2188.75390625,2780.0,2800.0,2760.0,2800.0,9500
2013-12-03,2188.75390625,2780.0,2800.0,2770.0,2800.0,12700
2013-12-04,2165.134521484375,2750.0,2780.0,2750.0,2770.0,13000
2013-12-05,2165.134521484375,2750.0,2760.0,2730.0,2750.0,13700
2013-12-06,2157.261474609375,2740.0,2750.0,2710.0,2750.0,7400
2013-12-09,2188.75390625,2780.0,2790.0,2750.0,2760.0,11500
2013-12-10,2243.86669921875,2850.0,2860.0,2780.0,2840.0,42900
2013-12-11,2243.86669921875,2850.0,2860.0,2820.0,2830.0,16400
2013-12-12,2220.2470703125,2820.0,2850.0,2770.0,2850.0,17800
2013-12-13,2330.471435546875,2960.0,2990.0,2860.0,2860.0,138700
2013-12-16,2275.35986328125,2890.0,2960.0,2890.0,2950.0,37600
2013-12-17,2259.613037109375,2870.0,2930.0,2860.0,2890.0,14600
2013-12-18,2267.486328125,2880.0,2880.0,2840.0,2860.0,16100
2013-12-19,2235.993896484375,2840.0,2900.0,2840.0,2880.0,14700
2013-12-20,2220.2470703125,2820.0,2860.0,2800.0,2850.0,16700
2013-12-24,2204.500732421875,2800.0,2870.0,2780.0,2870.0,16300
2013-12-25,2188.75390625,2780.0,2800.0,2760.0,2800.0,14400
2013-12-26,2228.1201171875,2830.0,2840.0,2780.0,2790.0,9500
2013-12-27,2267.486328125,2880.0,2880.0,2840.0,2850.0,11800
2013-12-30,2283.232421875,2900.0,2940.0,2870.0,2890.0,14700
2014-01-06,2291.106201171875,2910.0,2940.0,2900.0,2920.0,12300
2014-01-07,2298.9794921875,2920.0,2950.0,2920.0,2930.0,11200
2014-01-08,2393.45751953125,3040.0,3050.0,2930.0,2940.0,20800
2014-01-09,2369.838134765625,3010.0,3030.0,2950.0,3030.0,21700
2014-01-10,2354.091796875,2990.0,3050.0,2970.0,3030.0,14900
2014-01-14,2291.106201171875,2910.0,2970.0,2910.0,2970.0,15900
2014-01-15,2330.471435546875,2960.0,2960.0,2930.0,2940.0,11400
2014-01-16,2338.345458984375,2970.0,2990.0,2950.0,2970.0,14700
2014-01-17,2361.964599609375,3000.0,3030.0,2940.0,2940.0,13400
2014-01-20,2354.091796875,2990.0,3020.0,2960.0,3000.0,11600
2014-01-21,2401.33056640625,3050.0,3090.0,3000.0,3020.0,27800
2014-01-22,2487.936279296875,3160.0,3220.0,3080.0,3090.0,34900
2014-01-23,2401.33056640625,3050.0,3200.0,3040.0,3200.0,26100
2014-01-24,2354.091796875,2990.0,3030.0,2980.0,3000.0,26800
2014-01-27,2275.35986328125,2890.0,2930.0,2830.0,2830.0,25400
2014-01-28,2291.106201171875,2910.0,2990.0,2900.0,2910.0,12400
2014-01-29,2330.471435546875,2960.0,2990.0,2910.0,2950.0,8200
2014-01-30,2267.486328125,2880.0,2910.0,2840.0,2900.0,15400
2014-01-31,2251.739990234375,2860.0,2930.0,2820.0,2930.0,17900
2014-02-03,2188.75390625,2780.0,2820.0,2760.0,2820.0,12000
2014-02-04,2039.1630859375,2590.0,2700.0,2570.0,2700.0,25600
2014-02-05,2062.78271484375,2620.0,2750.0,2600.0,2750.0,13300
2014-02-06,2110.022216796875,2680.0,2700.0,2630.0,2640.0,8200
2014-02-07,2149.3876953125,2730.0,2750.0,2700.0,2700.0,7300
2014-02-10,2173.007568359375,2760.0,2790.0,2720.0,2790.0,7400
2014-02-12,2204.500732421875,2800.0,2830.0,2770.0,2780.0,4500
2014-02-13,2149.3876953125,2730.0,2800.0,2730.0,2800.0,7000
2014-02-14,2110.022216796875,2680.0,2750.0,2660.0,2750.0,9400
2014-02-17,2165.134521484375,2750.0,2790.0,2650.0,2710.0,7900
2014-02-18,2204.500732421875,2800.0,2870.0,2710.0,2760.0,13900
2014-02-19,2228.1201171875,2830.0,2840.0,2750.0,2770.0,5100
2014-02-20,2157.261474609375,2740.0,2830.0,2740.0,2800.0,14700
2014-02-21,2212.373779296875,2810.0,2830.0,2770.0,2770.0,6700
2014-02-24,2220.2470703125,2820.0,2870.0,2810.0,2810.0,3800
2014-02-25,2251.739990234375,2860.0,2870.0,2830.0,2830.0,7200
2014-02-26,2235.993896484375,2840.0,2840.0,2820.0,2820.0,2700
2014-02-27,2235.993896484375,2840.0,2850.0,2830.0,2840.0,4500
2014-02-28,2243.86669921875,2850.0,2860.0,2830.0,2830.0,9800
2014-03-03,2196.627197265625,2790.0,2840.0,2770.0,2830.0,5300
2014-03-04,2267.486328125,2880.0,2900.0,2770.0,2770.0,11100
2014-03-05,2267.486328125,2880.0,2920.0,2880.0,2890.0,4600
2014-03-06,2306.852294921875,2930.0,2940.0,2840.0,2880.0,8200
2014-03-07,2314.72607421875,2940.0,2950.0,2900.0,2950.0,5900
2014-03-10,2298.9794921875,2920.0,2950.0,2920.0,2950.0,3400
2014-03-11,2314.72607421875,2940.0,2940.0,2900.0,2920.0,4200
2014-03-12,2291.106201171875,2910.0,2930.0,2900.0,2900.0,7100
2014-03-13,2275.35986328125,2890.0,2900.0,2850.0,2900.0,5900
2014-03-14,2165.134521484375,2750.0,2870.0,2750.0,2850.0,23800
2014-03-17,2149.3876953125,2730.0,2800.0,2720.0,2780.0,6900
2014-03-18,2212.373779296875,2810.0,2830.0,2760.0,2760.0,6100
2014-03-19,2204.500732421875,2800.0,2810.0,2770.0,2770.0,8900
2014-03-20,2039.1630859375,2590.0,2770.0,2590.0,2770.0,19100
2014-03-24,2133.641357421875,2710.0,2720.0,2630.0,2630.0,26000
2014-03-25,2141.514892578125,2720.0,2790.0,2690.0,2740.0,20700
2014-03-26,2188.75390625,2780.0,2800.0,2750.0,2750.0,10000
2014-03-27,2244.67138671875,2810.0,2820.0,2700.0,2790.0,17700
2014-03-28,2292.60009765625,2870.0,2900.0,2770.0,2820.0,15400
2014-03-31,2332.541259765625,2920.0,2940.0,2860.0,2940.0,11800
2014-04-01,2332.541259765625,2920.0,2940.0,2880.0,2930.0,10000
2014-04-02,2332.541259765625,2920.0,2950.0,2920.0,2950.0,9900
2014-04-03,2356.505615234375,2950.0,2970.0,2910.0,2930.0,15100
2014-04-04,2324.55322265625,2910.0,2930.0,2900.0,2920.0,6200
2014-04-07,2300.588134765625,2880.0,2900.0,2840.0,2840.0,2700
2014-04-08,2228.695068359375,2790.0,2860.0,2780.0,2860.0,6200
2014-04-09,2188.754150390625,2740.0,2770.0,2680.0,2750.0,10700
2014-04-10,2172.77783203125,2720.0,2820.0,2690.0,2820.0,6000
2014-04-11,2148.8134765625,2690.0,2700.0,2660.0,2660.0,7000
2014-04-14,2148.8134765625,2690.0,2700.0,2660.0,2660.0,2700
2014-04-15,2132.8369140625,2670.0,2760.0,2670.0,2720.0,5600
2014-04-16,2172.77783203125,2720.0,2720.0,2700.0,2700.0,2100
2014-04-17,2172.77783203125,2720.0,2760.0,2710.0,2720.0,3200
2014-04-18,2188.754150390625,2740.0,2740.0,2720.0,2740.0,1700
2014-04-21,2196.7421875,2750.0,2780.0,2740.0,2760.0,3400
2014-04-22,2188.754150390625,2740.0,2760.0,2740.0,2750.0,2100
2014-04-23,2196.7421875,2750.0,2760.0,2710.0,2730.0,3700
2014-04-24,2188.754150390625,2740.0,2750.0,2730.0,2740.0,1500
2014-04-25,2236.68310546875,2800.0,2810.0,2750.0,2750.0,3800
2014-04-28,2196.7421875,2750.0,2810.0,2740.0,2800.0,3700
2014-04-30,2196.7421875,2750.0,2790.0,2740.0,2790.0,4700
2014-05-01,2220.706787109375,2780.0,2800.0,2740.0,2760.0,4300
2014-05-02,2228.695068359375,2790.0,2790.0,2770.0,2780.0,5100
2014-05-07,2140.825439453125,2680.0,2780.0,2670.0,2780.0,8800
2014-05-08,2148.8134765625,2690.0,2720.0,2680.0,2690.0,4000
2014-05-09,2164.789794921875,2710.0,2720.0,2690.0,2690.0,1900
2014-05-12,2156.801513671875,2700.0,2730.0,2700.0,2730.0,4200
2014-05-13,2180.765869140625,2730.0,2740.0,2720.0,2730.0,3100
2014-05-14,2324.55322265625,2910.0,3050.0,2850.0,3050.0,40700
2014-05-15,2292.60009765625,2870.0,2970.0,2860.0,2920.0,8500
2014-05-16,2268.6357421875,2840.0,2870.0,2820.0,2870.0,7100
2014-05-19,2244.67138671875,2810.0,2890.0,2810.0,2810.0,5500
2014-05-20,2220.706787109375,2780.0,2820.0,2750.0,2810.0,8000
2014-05-21,2180.765869140625,2730.0,2750.0,2670.0,2740.0,6200
2014-05-22,2228.695068359375,2790.0,2790.0,2720.0,2730.0,2300
2014-05-23,2268.6357421875,2840.0,2850.0,2810.0,2810.0,5200
2014-05-26,2316.564453125,2900.0,2910.0,2860.0,2900.0,6100
2014-05-27,2324.55322265625,2910.0,2920.0,2880.0,2920.0,4700
2014-05-28,2300.588134765625,2880.0,2940.0,2880.0,2920.0,4800
2014-05-29,2316.564453125,2900.0,2900.0,2870.0,2880.0,2000
2014-05-30,2300.588134765625,2880.0,2930.0,2850.0,2910.0,7700
2014-06-02,2340.529052734375,2930.0,2940.0,2910.0,2920.0,4400
2014-06-03,2332.541259765625,2920.0,2940.0,2900.0,2940.0,6600
2014-06-04,2340.529052734375,2930.0,2930.0,2900.0,2920.0,4000
2014-06-05,2324.55322265625,2910.0,2930.0,2890.0,2930.0,4200
2014-06-06,2340.529052734375,2930.0,2930.0,2900.0,2910.0,4800
2014-06-09,2372.48193359375,2970.0,2980.0,2910.0,2930.0,5600
2014-06-10,2348.517822265625,2940.0,2980.0,2940.0,2980.0,7200
2014-06-11,2364.492919921875,2960.0,2980.0,2950.0,2960.0,4500
2014-06-12,2364.492919921875,2960.0,2970.0,2930.0,2930.0,3200
2014-06-13,2380.4697265625,2980.0,3000.0,2930.0,3000.0,17800
2014-06-16,2380.4697265625,2980.0,3010.0,2970.0,2990.0,6400
2014-06-17,2380.4697265625,2980.0,3000.0,2960.0,2990.0,6000
2014-06-18,2404.4345703125,3010.0,3020.0,2960.0,2980.0,5800
2014-06-19,2372.48193359375,2970.0,3050.0,2970.0,3040.0,13400
2014-06-20,2396.446044921875,3000.0,3020.0,2960.0,3020.0,11900
2014-06-23,2428.398681640625,3040.0,3060.0,3030.0,3040.0,14400
2014-06-24,2540.23291015625,3180.0,3180.0,3100.0,3110.0,50100
2014-06-25,2699.995849609375,3380.0,3430.0,3200.0,3200.0,126200
2014-06-26,2676.03173828125,3350.0,3380.0,3300.0,3350.0,46100
2014-06-27,2644.078857421875,3310.0,3390.0,3310.0,3380.0,37800
2014-06-30,2723.960205078125,3410.0,3430.0,3290.0,3290.0,21800
2014-07-01,2692.0078125,3370.0,3430.0,3300.0,3420.0,28100
2014-07-02,2684.01953125,3360.0,3460.0,3350.0,3390.0,26500
2014-07-03,2644.078857421875,3310.0,3390.0,3300.0,3350.0,21900
2014-07-04,2676.03173828125,3350.0,3360.0,3310.0,3340.0,11300
2014-07-07,2779.87744140625,3480.0,3490.0,3420.0,3440.0,39500
2014-07-08,2819.818359375,3530.0,3530.0,3440.0,3490.0,30700
2014-07-09,2803.84228515625,3510.0,3540.0,3490.0,3530.0,17500
2014-07-10,2771.889404296875,3470.0,3570.0,3470.0,3560.0,30800
2014-07-11,2739.9365234375,3430.0,3440.0,3400.0,3440.0,12900
2014-07-14,2763.9013671875,3460.0,3480.0,3400.0,3430.0,6400
2014-07-15,2747.925048828125,3440.0,3500.0,3410.0,3410.0,9200
2014-07-16,2787.865966796875,3490.0,3500.0,3430.0,3430.0,12500
2014-07-17,2771.889404296875,3470.0,3530.0,3450.0,3490.0,14600
2014-07-18,2739.9365234375,3430.0,3440.0,3400.0,3420.0,9300
2014-07-22,2795.853515625,3500.0,3500.0,3380.0,3380.0,9900
2014-07-23,2795.853515625,3500.0,3530.0,3470.0,3510.0,10700
2014-07-24,2771.889404296875,3470.0,3500.0,3440.0,3480.0,7800
2014-07-25,2787.865966796875,3490.0,3500.0,3440.0,3470.0,10300
2014-07-28,2891.711669921875,3620.0,3660.0,3530.0,3550.0,47100
2014-07-29,2939.640625,3680.0,3690.0,3610.0,3630.0,23800
2014-07-30,3011.533935546875,3770.0,3770.0,3720.0,3740.0,27400
2014-07-31,3051.474609375,3820.0,3820.0,3720.0,3760.0,30200
2014-08-01,3035.49853515625,3800.0,3800.0,3700.0,3700.0,24900
2014-08-04,3027.510009765625,3790.0,3820.0,3720.0,3720.0,20700
2014-08-05,2963.605224609375,3710.0,3790.0,3710.0,3780.0,14200
2014-08-06,2923.66455078125,3660.0,3680.0,3650.0,3670.0,12300
2014-08-07,2899.7001953125,3630.0,3640.0,3610.0,3610.0,9800
2014-08-08,2787.865966796875,3490.0,3620.0,3470.0,3620.0,19400
2014-08-11,2971.593505859375,3720.0,3720.0,3610.0,3650.0,13500
2014-08-12,3035.49853515625,3800.0,3800.0,3700.0,3700.0,20700
2014-08-13,3147.332763671875,3940.0,3950.0,3770.0,3780.0,40700
2014-08-14,3115.380126953125,3900.0,3980.0,3820.0,3960.0,31000
2014-08-15,3107.391845703125,3890.0,3900.0,3780.0,3900.0,26300
2014-08-18,2995.5576171875,3750.0,3860.0,3740.0,3820.0,28400
2014-08-19,3075.439697265625,3850.0,3890.0,3760.0,3810.0,21500
2014-08-20,3099.403076171875,3880.0,3910.0,3860.0,3880.0,15200
2014-08-21,3139.344482421875,3930.0,3960.0,3900.0,3920.0,20400
2014-08-22,3107.391845703125,3890.0,3930.0,3890.0,3930.0,9400
2014-08-25,3059.463134765625,3830.0,3890.0,3820.0,3890.0,12400
2014-08-26,3115.380126953125,3900.0,3910.0,3790.0,3830.0,19300
2014-08-27,3099.403076171875,3880.0,3940.0,3850.0,3940.0,23400
2014-08-28,3043.48681640625,3810.0,3830.0,3750.0,3800.0,19900
2014-08-29,3067.451416015625,3840.0,3860.0,3770.0,3790.0,8600
2014-09-01,3091.416015625,3870.0,3880.0,3810.0,3840.0,8900
2014-09-02,3099.403076171875,3880.0,3920.0,3860.0,3870.0,8400
2014-09-03,3147.332763671875,3940.0,3960.0,3900.0,3950.0,28700
2014-09-04,3083.427734375,3860.0,3970.0,3840.0,3940.0,21200
2014-09-05,2995.5576171875,3750.0,3890.0,3610.0,3890.0,31800
2014-09-08,3075.439697265625,3850.0,3860.0,3760.0,3760.0,12000
2014-09-09,3059.463134765625,3830.0,3860.0,3790.0,3850.0,18700
2014-09-10,3083.427734375,3860.0,3880.0,3810.0,3840.0,20200
2014-09-11,3067.451416015625,3840.0,3930.0,3810.0,3930.0,24300
2014-09-12,3051.474609375,3820.0,3840.0,3790.0,3840.0,29100
2014-09-16,3083.427734375,3860.0,3950.0,3790.0,3830.0,19400
2014-09-17,3067.451416015625,3840.0,3860.0,3820.0,3850.0,12100
2014-09-18,3083.427734375,3860.0,3870.0,3820.0,3820.0,16200
2014-09-19,3099.403076171875,3880.0,3880.0,3830.0,3830.0,15500
2014-09-22,3107.391845703125,3890.0,3890.0,3790.0,3890.0,27700
2014-09-24,3083.427734375,3860.0,3870.0,3840.0,3840.0,6400
2014-09-25,3131.356689453125,3920.0,3920.0,3840.0,3880.0,14800
2014-09-26,3139.4267578125,3890.0,3910.0,3800.0,3800.0,10400
2014-09-29,3203.99072265625,3970.0,3970.0,3910.0,3910.0,17500
2014-09-30,3163.638671875,3920.0,4000.0,3920.0,3980.0,27400
2014-10-01,3203.99072265625,3970.0,4020.0,3940.0,3940.0,29900
2014-10-02,3082.93310546875,3820.0,3970.0,3800.0,3970.0,22000
2014-10-03,3115.215576171875,3860.0,3890.0,3800.0,3800.0,8600
2014-10-06,3155.568115234375,3910.0,3930.0,3860.0,3860.0,8600
2014-10-07,3236.2724609375,4010.0,4060.0,3960.0,4000.0,68500
2014-10-08,3244.34326171875,4020.0,4040.0,3870.0,3960.0,23500
2014-10-09,3099.07470703125,3840.0,3990.0,3830.0,3990.0,24900
2014-10-10,3026.439697265625,3750.0,3780.0,3680.0,3740.0,23500
2014-10-14,3026.439697265625,3750.0,3770.0,3650.0,3650.0,22900
2014-10-15,2921.52294921875,3620.0,3800.0,3610.0,3780.0,32000
2014-10-16,2865.030029296875,3550.0,3610.0,3470.0,3550.0,36300
2014-10-17,2832.747802734375,3510.0,3550.0,3470.0,3520.0,33900
2014-10-20,2969.946044921875,3680.0,3680.0,3560.0,3560.0,25400
2014-10-21,2921.52294921875,3620.0,3730.0,3570.0,3720.0,18900
2014-10-22,3010.298583984375,3730.0,3740.0,3650.0,3650.0,12600
2014-10-23,3018.369384765625,3740.0,3750.0,3700.0,3740.0,13500
2014-10-24,3042.580810546875,3770.0,3790.0,3730.0,3770.0,11300
2014-10-27,3091.00390625,3830.0,3840.0,3760.0,3760.0,10400
2014-10-28,3042.580810546875,3770.0,3790.0,3750.0,3780.0,8100
2014-10-29,3058.721435546875,3790.0,3840.0,3760.0,3770.0,13200
2014-10-30,3042.580810546875,3770.0,3820.0,3750.0,3820.0,15500
2014-10-31,3131.355712890625,3880.0,3890.0,3830.0,3850.0,27700
2014-11-04,3131.355712890625,3880.0,3950.0,3850.0,3900.0,22000
2014-11-05,3123.2861328125,3870.0,3910.0,3800.0,3880.0,21000
2014-11-06,3082.93310546875,3820.0,3900.0,3790.0,3900.0,12000
2014-11-07,3115.215576171875,3860.0,3870.0,3820.0,3820.0,15200
2014-11-10,3107.145263671875,3850.0,3860.0,3790.0,3860.0,11500
2014-11-11,3123.2861328125,3870.0,3880.0,3820.0,3850.0,9000
2014-11-12,3099.07470703125,3840.0,3890.0,3830.0,3840.0,10000
2014-11-13,3091.00390625,3830.0,3840.0,3800.0,3840.0,7000
2014-11-14,3091.00390625,3830.0,3860.0,3810.0,3860.0,14300
2014-11-17,3026.439697265625,3750.0,3800.0,3700.0,3800.0,10800
2014-11-18,3058.721435546875,3790.0,3800.0,3740.0,3750.0,7400
2014-11-19,3042.580810546875,3770.0,3820.0,3760.0,3790.0,10300
2014-11-20,3050.6513671875,3780.0,3810.0,3750.0,3810.0,9400
2014-11-21,3050.6513671875,3780.0,3800.0,3760.0,3780.0,5500
2014-11-25,3066.792236328125,3800.0,3800.0,3750.0,3780.0,5600
2014-11-26,3066.792236328125,3800.0,3820.0,3770.0,3770.0,6200
2014-11-27,2937.664306640625,3640.0,3710.0,3630.0,3700.0,33900
2014-11-28,3091.00390625,3830.0,3830.0,3680.0,3720.0,72300
2014-12-01,3074.863037109375,3810.0,3900.0,3780.0,3850.0,21200
2014-12-02,3082.93310546875,3820.0,3840.0,3780.0,3820.0,14400
2014-12-03,3099.07470703125,3840.0,3850.0,3810.0,3820.0,12900
2014-12-04,3115.215576171875,3860.0,3880.0,3830.0,3840.0,18500
2014-12-05,3115.215576171875,3860.0,3880.0,3840.0,3880.0,10100
2014-12-08,3139.4267578125,3890.0,3890.0,3850.0,3860.0,8700
2014-12-09,3131.355712890625,3880.0,3930.0,3870.0,3880.0,27800
2014-12-10,3082.93310546875,3820.0,3890.0,3820.0,3890.0,16400
2014-12-11,3066.792236328125,3800.0,3820.0,3770.0,3800.0,12900
2014-12-12,3074.863037109375,3810.0,3870.0,3810.0,3860.0,16600
2014-12-15,3091.00390625,3830.0,3890.0,3820.0,3820.0,12300
2014-12-16,3058.721435546875,3790.0,3820.0,3780.0,3800.0,19100
2014-12-17,3050.6513671875,3780.0,3810.0,3780.0,3790.0,13500
2014-12-18,3058.721435546875,3790.0,3840.0,3780.0,3840.0,11100
2014-12-19,3107.145263671875,3850.0,3850.0,3780.0,3830.0,10500
2014-12-22,3082.93310546875,3820.0,3840.0,3790.0,3790.0,7300
2014-12-24,3074.863037109375,3810.0,3850.0,3780.0,3850.0,7300
2014-12-25,3050.6513671875,3780.0,3780.0,3720.0,3780.0,18700
2014-12-26,3082.93310546875,3820.0,3830.0,3780.0,3780.0,4600
2014-12-29,3082.93310546875,3820.0,3830.0,3780.0,3820.0,4400
2014-12-30,3091.00390625,3830.0,3830.0,3790.0,3790.0,7400
2015-01-05,3066.792236328125,3800.0,3850.0,3780.0,3850.0,9300
2015-01-06,3002.228271484375,3720.0,3800.0,3720.0,3800.0,11100
2015-01-07,3034.510498046875,3760.0,3760.0,3720.0,3730.0,5700
2015-01-08,3034.510498046875,3760.0,3780.0,3750.0,3760.0,7800
2015-01-09,3042.580810546875,3770.0,3800.0,3750.0,3780.0,5000
2015-01-13,3042.580810546875,3770.0,3790.0,3730.0,3770.0,7900
2015-01-14,3018.369384765625,3740.0,3770.0,3730.0,3770.0,3300
2015-01-15,3042.580810546875,3770.0,3780.0,3730.0,3730.0,6500
2015-01-16,3042.580810546875,3770.0,3770.0,3680.0,3770.0,10600
2015-01-19,3074.863037109375,3810.0,3810.0,3750.0,3770.0,4100
2015-01-20,3091.00390625,3830.0,3830.0,3780.0,3780.0,5000
2015-01-21,3131.355712890625,3880.0,3910.0,3770.0,3840.0,16700
2015-01-22,3123.2861328125,3870.0,3890.0,3810.0,3890.0,9100
2015-01-23,3171.708740234375,3930.0,3930.0,3870.0,3890.0,13100
2015-01-26,3220.132080078125,3990.0,3990.0,3820.0,3880.0,26700
2015-01-27,3300.837158203125,4090.0,4090.0,3970.0,4000.0,43300
2015-01-28,3244.34326171875,4020.0,4060.0,3990.0,4020.0,21100
2015-01-29,3212.061767578125,3980.0,4020.0,3950.0,4020.0,13500
2015-01-30,3195.920166015625,3960.0,3990.0,3940.0,3980.0,12600
2015-02-02,3171.708740234375,3930.0,3960.0,3880.0,3960.0,6400
2015-02-03,3123.2861328125,3870.0,3940.0,3840.0,3900.0,9700
2015-02-04,3179.779296875,3940.0,3980.0,3900.0,3940.0,8800
2015-02-05,3220.132080078125,3990.0,3990.0,3920.0,3950.0,4700
2015-02-06,3203.99072265625,3970.0,4000.0,3930.0,3990.0,6300
2015-02-09,3187.849609375,3950.0,3980.0,3940.0,3970.0,6200
2015-02-10,3187.849609375,3950.0,3990.0,3940.0,3990.0,5600
2015-02-12,3187.849609375,3950.0,4000.0,3950.0,3980.0,12400
2015-02-13,3171.708740234375,3930.0,3950.0,3910.0,3940.0,10200
2015-02-16,3212.061767578125,3980.0,3990.0,3900.0,3900.0,13300
2015-02-17,3179.779296875,3940.0,3970.0,3920.0,3970.0,4000
2015-02-18,3179.779296875,3940.0,3940.0,3910.0,3940.0,6600
2015-02-19,3187.849609375,3950.0,3950.0,3870.0,3900.0,7200
2015-02-20,3171.708740234375,3930.0,3950.0,3930.0,3930.0,4700
2015-02-23,3139.4267578125,3890.0,3940.0,3890.0,3930.0,6600
2015-02-24,3147.497314453125,3900.0,3940.0,3890.0,3930.0,7300
2015-02-25,3171.708740234375,3930.0,3930.0,3900.0,3900.0,3300
2015-02-26,3179.779296875,3940.0,3940.0,3870.0,3900.0,10000
2015-02-27,3107.145263671875,3850.0,3920.0,3820.0,3910.0,14900
2015-03-02,3139.4267578125,3890.0,3900.0,3850.0,3850.0,1900
2015-03-03,3131.355712890625,3880.0,3910.0,3850.0,3890.0,5500
2015-03-04,3082.93310546875,3820.0,3900.0,3820.0,3900.0,6100
2015-03-05,3066.792236328125,3800.0,3830.0,3800.0,3820.0,2600
2015-03-06,3074.863037109375,3810.0,3820.0,3790.0,3800.0,5100
2015-03-09,3058.721435546875,3790.0,3800.0,3760.0,3800.0,4500
2015-03-10,3050.6513671875,3780.0,3810.0,3760.0,3800.0,2800
2015-03-11,3026.439697265625,3750.0,3800.0,3750.0,3760.0,6100
2015-03-12,3042.580810546875,3770.0,3810.0,3750.0,3810.0,10000
2015-03-13,3018.369384765625,3740.0,3770.0,3740.0,3750.0,19500
2015-03-16,3026.439697265625,3750.0,3780.0,3740.0,3740.0,5400
2015-03-17,3026.439697265625,3750.0,3780.0,3740.0,3780.0,15900
2015-03-18,3010.298583984375,3730.0,3740.0,3700.0,3700.0,8600
2015-03-19,2994.157958984375,3710.0,3750.0,3700.0,3710.0,8000
2015-03-20,3026.439697265625,3750.0,3750.0,3710.0,3720.0,6200
2015-03-23,3042.580810546875,3770.0,3780.0,3730.0,3730.0,11200
2015-03-24,3042.580810546875,3770.0,3780.0,3750.0,3770.0,6900
2015-03-25,3018.369384765625,3740.0,3780.0,3730.0,3780.0,6500
2015-03-26,3018.369384765625,3740.0,3740.0,3670.0,3710.0,14100
2015-03-27,3002.0537109375,3680.0,3740.0,3600.0,3710.0,8100
2015-03-30,2904.16015625,3560.0,3690.0,3540.0,3660.0,15100
2015-03-31,3010.2119140625,3690.0,3690.0,3570.0,3630.0,20300
2015-04-01,2944.94970703125,3610.0,3650.0,3600.0,3650.0,6000
2015-04-02,3034.6845703125,3720.0,3730.0,3600.0,3600.0,9700
2015-04-03,3042.842529296875,3730.0,3730.0,3690.0,3720.0,4800
2015-04-06,3018.369384765625,3700.0,3710.0,3670.0,3710.0,2300
2015-04-07,3010.2119140625,3690.0,3750.0,3660.0,3750.0,7000
2015-04-08,3059.157958984375,3750.0,3750.0,3690.0,3690.0,3300
2015-04-09,3059.157958984375,3750.0,3750.0,3710.0,3710.0,4400
2015-04-10,3051.0,3740.0,3770.0,3720.0,3770.0,4900
2015-04-13,3018.369384765625,3700.0,3760.0,3700.0,3760.0,1900
2015-04-14,3034.6845703125,3720.0,3720.0,3690.0,3700.0,4800
2015-04-15,3034.6845703125,3720.0,3730.0,3700.0,3700.0,3100
2015-04-16,3034.6845703125,3720.0,3740.0,3710.0,3710.0,5200
2015-04-17,3018.369384765625,3700.0,3720.0,3700.0,3720.0,3400
2015-04-20,3018.369384765625,3700.0,3720.0,3670.0,3720.0,5000
2015-04-21,3026.527099609375,3710.0,3720.0,3700.0,3700.0,4400
2015-04-22,3042.842529296875,3730.0,3730.0,3710.0,3710.0,2400
2015-04-23,3067.316162109375,3760.0,3780.0,3720.0,3730.0,8000
2015-04-24,3067.316162109375,3760.0,3790.0,3750.0,3790.0,7800
2015-04-27,3067.316162109375,3760.0,3790.0,3750.0,3790.0,3400
2015-04-28,3108.104736328125,3810.0,3810.0,3750.0,3760.0,7600
2015-04-30,3034.6845703125,3720.0,3800.0,3710.0,3800.0,10800
2015-05-01,3018.369384765625,3700.0,3730.0,3700.0,3710.0,7200
2015-05-07,3034.6845703125,3720.0,3760.0,3710.0,3720.0,5800
2015-05-08,3067.316162109375,3760.0,3780.0,3720.0,3720.0,3700
2015-05-11,3108.104736328125,3810.0,3830.0,3790.0,3820.0,8700
2015-05-12,3116.26220703125,3820.0,3830.0,3810.0,3810.0,2500
2015-05-13,3132.57763671875,3840.0,3840.0,3810.0,3810.0,3300
2015-05-14,3067.316162109375,3760.0,3830.0,3760.0,3830.0,3100
2015-05-15,3099.94677734375,3800.0,3800.0,3750.0,3750.0,5300
2015-05-18,3124.420654296875,3830.0,3830.0,3770.0,3800.0,5900
2015-05-19,3075.473388671875,3770.0,3810.0,3760.0,3800.0,11400
2015-05-20,3067.316162109375,3760.0,3800.0,3750.0,3780.0,6000
2015-05-21,3026.527099609375,3710.0,3760.0,3710.0,3760.0,8600
2015-05-22,3002.0537109375,3680.0,3730.0,3670.0,3730.0,6700
2015-05-25,3018.369384765625,3700.0,3710.0,3680.0,3690.0,5800
2015-05-26,3026.527099609375,3710.0,3730.0,3690.0,3710.0,3000
2015-05-27,3026.527099609375,3710.0,3720.0,3690.0,3720.0,2500
2015-05-28,3026.527099609375,3710.0,3730.0,3680.0,3700.0,2600
2015-05-29,3051.0,3740.0,3740.0,3690.0,3690.0,5500
2015-06-01,3018.369384765625,3700.0,3710.0,3680.0,3680.0,4000
2015-06-02,3010.2119140625,3690.0,3700.0,3670.0,3680.0,3400
2015-06-03,3010.2119140625,3690.0,3710.0,3660.0,3680.0,4600
2015-06-04,3018.369384765625,3700.0,3710.0,3690.0,3690.0,4700
2015-06-05,2993.89599609375,3670.0,3690.0,3660.0,3690.0,3400
2015-06-08,2985.738525390625,3660.0,3700.0,3660.0,3670.0,3800
2015-06-09,2953.107177734375,3620.0,3680.0,3620.0,3650.0,4800
2015-06-10,2961.26513671875,3630.0,3670.0,3630.0,3650.0,3800
2015-06-11,2985.738525390625,3660.0,3670.0,3630.0,3630.0,2700
2015-06-12,3002.0537109375,3680.0,3690.0,3650.0,3690.0,11900
2015-06-15,2977.58056640625,3650.0,3690.0,3640.0,3660.0,3100
2015-06-16,2944.94970703125,3610.0,3650.0,3610.0,3650.0,5200
2015-06-17,2928.6337890625,3590.0,3620.0,3580.0,3610.0,5800
2015-06-18,2912.318603515625,3570.0,3590.0,3560.0,3570.0,5900
2015-06-19,2896.002685546875,3550.0,3610.0,3550.0,3600.0,5900
2015-06-22,2936.79150390625,3600.0,3610.0,3570.0,3590.0,5400
2015-06-23,2961.26513671875,3630.0,3660.0,3580.0,3590.0,8800
2015-06-24,3010.2119140625,3690.0,3690.0,3640.0,3640.0,6700
2015-06-25,2985.738525390625,3660.0,3710.0,3630.0,3700.0,11900
2015-06-26,2961.26513671875,3630.0,3660.0,3590.0,3660.0,9100
2015-06-29,2863.37158203125,3510.0,3580.0,3510.0,3550.0,10600
2015-06-30,2830.740966796875,3470.0,3550.0,3450.0,3530.0,9800
2015-07-01,2863.37158203125,3510.0,3540.0,3450.0,3540.0,5400
2015-07-02,2871.529541015625,3520.0,3560.0,3510.0,3560.0,2600
2015-07-03,2871.529541015625,3520.0,3530.0,3500.0,3520.0,3000
2015-07-06,2814.425537109375,3450.0,3510.0,3450.0,3500.0,8400
2015-07-07,2822.5830078125,3460.0,3500.0,3450.0,3450.0,2800
2015-07-08,2765.478759765625,3390.0,3480.0,3390.0,3450.0,9700
2015-07-09,2741.005126953125,3360.0,3410.0,3240.0,3350.0,11800
2015-07-10,2798.10986328125,3430.0,3470.0,3360.0,3470.0,13000
2015-07-13,2838.8984375,3480.0,3500.0,3400.0,3430.0,2900
2015-07-14,2830.740966796875,3470.0,3500.0,3460.0,3480.0,4900
2015-07-15,2896.002685546875,3550.0,3570.0,3470.0,3470.0,10500
2015-07-16,2830.740966796875,3470.0,3510.0,3470.0,3510.0,9800
2015-07-17,2830.740966796875,3470.0,3510.0,3460.0,3490.0,6100
2015-07-21,2814.425537109375,3450.0,3490.0,3450.0,3460.0,4100
2015-07-22,2798.10986328125,3430.0,3460.0,3430.0,3450.0,5700
2015-07-23,2806.267333984375,3440.0,3470.0,3420.0,3430.0,4500
2015-07-24,2798.10986328125,3430.0,3450.0,3410.0,3420.0,2400
2015-07-27,2757.320556640625,3380.0,3440.0,3380.0,3440.0,7200
2015-07-28,2765.478759765625,3390.0,3440.0,3380.0,3380.0,11000
2015-07-29,2749.163330078125,3370.0,3390.0,3350.0,3390.0,3300
2015-07-30,2789.9521484375,3420.0,3430.0,3370.0,3380.0,4100
2015-07-31,2814.425537109375,3450.0,3450.0,3420.0,3420.0,5700
2015-08-03,2879.687255859375,3530.0,3530.0,3430.0,3430.0,5600
2015-08-04,2863.37158203125,3510.0,3530.0,3460.0,3530.0,2100
2015-08-05,2879.687255859375,3530.0,3530.0,3480.0,3520.0,2900
2015-08-06,2953.107177734375,3620.0,3670.0,3470.0,3470.0,8100
2015-08-07,2896.002685546875,3550.0,3570.0,3520.0,3560.0,4900
2015-08-10,2936.79150390625,3600.0,3600.0,3490.0,3580.0,7200
2015-08-11,2887.844970703125,3540.0,3610.0,3540.0,3600.0,5000
2015-08-12,2863.37158203125,3510.0,3540.0,3500.0,3540.0,3000
2015-08-13,2732.847900390625,3350.0,3500.0,3350.0,3500.0,16200
2015-08-14,2708.37451171875,3320.0,3380.0,3310.0,3360.0,12700
2015-08-17,2732.847900390625,3350.0,3380.0,3320.0,3320.0,4500
2015-08-18,2749.163330078125,3370.0,3380.0,3350.0,3360.0,4100
2015-08-19,2724.6904296875,3340.0,3370.0,3340.0,3360.0,3700
2015-08-20,2732.847900390625,3350.0,3380.0,3320.0,3320.0,6400
2015-08-21,2675.74365234375,3280.0,3350.0,3280.0,3310.0,8300
2015-08-24,2488.11572265625,3050.0,3260.0,3040.0,3180.0,13400
2015-08-25,2431.0107421875,2980.0,3170.0,2950.0,2950.0,12500
2015-08-26,2553.37744140625,3130.0,3200.0,3020.0,3020.0,13800
2015-08-27,2667.585693359375,3270.0,3450.0,3170.0,3170.0,25700
2015-08-28,2659.428466796875,3260.0,3310.0,3220.0,3270.0,8600
2015-08-31,2683.901123046875,3290.0,3320.0,3250.0,3260.0,5900
2015-09-01,2577.8505859375,3160.0,3300.0,3160.0,3280.0,5800
2015-09-02,2626.797119140625,3220.0,3230.0,3060.0,3060.0,12300
2015-09-03,2700.21630859375,3310.0,3380.0,3240.0,3240.0,8100
2015-09-04,2651.27001953125,3250.0,3370.0,3220.0,3350.0,9300
2015-09-07,2659.428466796875,3260.0,3290.0,3190.0,3250.0,3000
2015-09-08,2602.323974609375,3190.0,3230.0,3170.0,3220.0,2800
2015-09-09,2765.478759765625,3390.0,3390.0,3220.0,3220.0,10400
2015-09-10,2749.163330078125,3370.0,3400.0,3310.0,3360.0,6300
2015-09-11,2806.267333984375,3440.0,3450.0,3390.0,3410.0,13800
2015-09-14,2757.320556640625,3380.0,3430.0,3350.0,3430.0,3700
2015-09-15,2781.794189453125,3410.0,3440.0,3400.0,3410.0,2400
2015-09-16,2789.9521484375,3420.0,3430.0,3340.0,3410.0,4600
2015-09-17,2814.425537109375,3450.0,3450.0,3380.0,3430.0,4900
2015-09-18,2700.21630859375,3310.0,3440.0,3300.0,3440.0,9100
2015-09-24,2708.37451171875,3320.0,3330.0,3240.0,3260.0,7000
2015-09-25,2806.267333984375,3440.0,3440.0,3320.0,3320.0,6800
2015-09-28,2806.267578125,3400.0,3420.0,3370.0,3400.0,5600
2015-09-29,2707.22314453125,3280.0,3390.0,3230.0,3370.0,8900
2015-09-30,2723.730224609375,3300.0,3350.0,3260.0,3350.0,6900
2015-10-01,2773.252685546875,3360.0,3360.0,3320.0,3330.0,3300
2015-10-02,2764.999267578125,3350.0,3360.0,3290.0,3360.0,5600
2015-10-05,2740.23779296875,3320.0,3350.0,3300.0,3350.0,2600
2015-10-06,2789.760009765625,3380.0,3390.0,3360.0,3370.0,5900
2015-10-07,2806.267578125,3400.0,3410.0,3330.0,3380.0,9300
2015-10-08,2707.22314453125,3280.0,3390.0,3270.0,3380.0,16500
2015-10-09,2756.745361328125,3340.0,3340.0,3260.0,3330.0,5700
2015-10-13,2756.745361328125,3340.0,3340.0,3290.0,3340.0,4900
2015-10-14,2723.730224609375,3300.0,3350.0,3280.0,3280.0,6000
2015-10-15,2756.745361328125,3340.0,3350.0,3250.0,3250.0,5800
2015-10-16,2748.4912109375,3330.0,3360.0,3310.0,3350.0,7900
2015-10-19,2723.730224609375,3300.0,3340.0,3290.0,3320.0,2700
2015-10-20,2740.23779296875,3320.0,3340.0,3270.0,3300.0,4400
2015-10-21,2798.013916015625,3390.0,3390.0,3320.0,3330.0,6100
2015-10-22,2806.267578125,3400.0,3400.0,3370.0,3380.0,2700
2015-10-23,2847.536376953125,3450.0,3450.0,3410.0,3430.0,7200
2015-10-26,2847.536376953125,3450.0,3500.0,3440.0,3500.0,4500
2015-10-27,2839.282470703125,3440.0,3480.0,3430.0,3450.0,3200
2015-10-28,2798.013916015625,3390.0,3410.0,3370.0,3410.0,5300
2015-10-29,2781.506103515625,3370.0,3490.0,3340.0,3420.0,29900
2015-10-30,2773.252685546875,3360.0,3410.0,3310.0,3410.0,12700
2015-11-02,2789.760009765625,3380.0,3390.0,3350.0,3370.0,4800
2015-11-04,2740.23779296875,3320.0,3370.0,3280.0,3340.0,12000
2015-11-05,2822.775146484375,3420.0,3420.0,3290.0,3350.0,6000
2015-11-06,2839.282470703125,3440.0,3450.0,3360.0,3440.0,8100
2015-11-09,2888.8046875,3500.0,3530.0,3420.0,3420.0,10100
2015-11-10,2864.044189453125,3470.0,3530.0,3440.0,3520.0,4300
2015-11-11,2888.8046875,3500.0,3510.0,3420.0,3440.0,4400
2015-11-12,2905.312255859375,3520.0,3520.0,3450.0,3450.0,6400
2015-11-13,2938.326904296875,3560.0,3570.0,3450.0,3460.0,10600
2015-11-16,2954.834716796875,3580.0,3590.0,3520.0,3550.0,5300
2015-11-17,3004.35693359375,3640.0,3640.0,3550.0,3590.0,12100
2015-11-18,2971.342041015625,3600.0,3660.0,3590.0,3640.0,8100
2015-11-19,3004.35693359375,3640.0,3660.0,3610.0,3610.0,5000
2015-11-20,2971.342041015625,3600.0,3650.0,3570.0,3600.0,6300
2015-11-24,2996.103759765625,3630.0,3630.0,3530.0,3560.0,7200
2015-11-25,2971.342041015625,3600.0,3630.0,3570.0,3630.0,2800
2015-11-26,2930.073486328125,3550.0,3600.0,3550.0,3580.0,8200
2015-11-27,2930.073486328125,3550.0,3570.0,3510.0,3560.0,5300
2015-11-30,2888.8046875,3500.0,3590.0,3490.0,3500.0,8400
2015-12-01,2954.834716796875,3580.0,3590.0,3480.0,3520.0,9700
2015-12-02,2921.81982421875,3540.0,3580.0,3490.0,3570.0,8800
2015-12-03,2888.8046875,3500.0,3520.0,3490.0,3510.0,6300
2015-12-04,2847.536376953125,3450.0,3460.0,3420.0,3440.0,9400
2015-12-07,2855.789794921875,3460.0,3500.0,3450.0,3500.0,6000
2015-12-08,2831.029052734375,3430.0,3450.0,3380.0,3450.0,6000
2015-12-09,2822.775146484375,3420.0,3440.0,3380.0,3430.0,7200
2015-12-10,2715.476318359375,3290.0,3350.0,3290.0,3340.0,16100
2015-12-11,2740.23779296875,3320.0,3440.0,3300.0,3440.0,22000
2015-12-14,2715.476318359375,3290.0,3320.0,3250.0,3300.0,3900
2015-12-15,2707.22314453125,3280.0,3330.0,3280.0,3300.0,6200
2015-12-16,2723.730224609375,3300.0,3300.0,3250.0,3290.0,7500
2015-12-17,2756.745361328125,3340.0,3380.0,3330.0,3370.0,7800
2015-12-18,2698.96923828125,3270.0,3380.0,3270.0,3340.0,10300
2015-12-21,2707.22314453125,3280.0,3320.0,3260.0,3260.0,4100
2015-12-22,2698.96923828125,3270.0,3330.0,3250.0,3330.0,5400
2015-12-24,2682.461181640625,3250.0,3280.0,3230.0,3270.0,4000
2015-12-25,2682.461181640625,3250.0,3250.0,3250.0,3250.0,0
2015-12-28,2665.954345703125,3230.0,3230.0,3160.0,3180.0,3300
2015-12-29,2690.71533203125,3260.0,3270.0,3200.0,3200.0,5200
2015-12-30,2764.999267578125,3350.0,3360.0,3280.0,3320.0,5900
2016-01-04,2707.22314453125,3280.0,3340.0,3270.0,3310.0,2900
2016-01-05,2690.71533203125,3260.0,3300.0,3250.0,3250.0,3000
2016-01-06,2682.461181640625,3250.0,3300.0,3220.0,3300.0,4700
2016-01-07,2608.178466796875,3160.0,3250.0,3160.0,3250.0,5900
2016-01-08,2665.954345703125,3230.0,3240.0,3150.0,3150.0,8700
2016-01-12,2599.923828125,3150.0,3250.0,3150.0,3240.0,5600
2016-01-13,2632.939453125,3190.0,3210.0,3130.0,3150.0,6900
2016-01-14,2599.923828125,3150.0,3210.0,3090.0,3110.0,9500
2016-01-15,2624.685791015625,3180.0,3220.0,3150.0,3150.0,4400
2016-01-18,2575.163330078125,3120.0,3200.0,2990.0,2990.0,5900
2016-01-19,2533.894287109375,3070.0,3180.0,3070.0,3180.0,2700
2016-01-20,2500.87939453125,3030.0,3110.0,3010.0,3070.0,6700
2016-01-21,2393.581298828125,2900.0,3040.0,2900.0,3000.0,8000
2016-01-22,2558.655517578125,3100.0,3100.0,2970.0,2980.0,4800
2016-01-25,2599.923828125,3150.0,3170.0,3100.0,3170.0,3300
2016-01-26,2558.655517578125,3100.0,3110.0,3050.0,3070.0,3500
2016-01-27,2599.923828125,3150.0,3190.0,3140.0,3180.0,4600
2016-01-28,2591.67041015625,3140.0,3180.0,3110.0,3140.0,4400
2016-01-29,2608.178466796875,3160.0,3200.0,3120.0,3130.0,6900
2016-02-01,2624.685791015625,3180.0,3220.0,3100.0,3170.0,8900
2016-02-02,2616.43212890625,3170.0,3200.0,3130.0,3130.0,2400
2016-02-03,2583.417236328125,3130.0,3160.0,3070.0,3160.0,4200
2016-02-04,2599.923828125,3150.0,3150.0,3110.0,3130.0,6000
2016-02-05,2624.685791015625,3180.0,3310.0,3080.0,3080.0,7800
2016-02-08,2839.282470703125,3440.0,3450.0,3230.0,3230.0,17400
2016-02-09,2789.760009765625,3380.0,3450.0,3320.0,3320.0,9100
2016-02-10,2690.71533203125,3260.0,3450.0,3200.0,3450.0,10000
2016-02-12,2575.163330078125,3120.0,3260.0,3080.0,3110.0,11700
2016-02-15,2723.730224609375,3300.0,3310.0,3110.0,3200.0,3500
2016-02-16,2649.446533203125,3210.0,3270.0,3140.0,3220.0,5800
2016-02-17,2740.23779296875,3320.0,3320.0,3210.0,3250.0,4100
2016-02-18,2773.252685546875,3360.0,3370.0,3310.0,3320.0,4600
2016-02-19,2756.745361328125,3340.0,3350.0,3240.0,3310.0,5200
2016-02-22,2789.760009765625,3380.0,3380.0,3310.0,3340.0,3900
2016-02-23,2698.96923828125,3270.0,3340.0,3250.0,3330.0,3700
2016-02-24,2632.939453125,3190.0,3310.0,3180.0,3300.0,8000
2016-02-25,2674.207763671875,3240.0,3340.0,3230.0,3270.0,5500
2016-02-26,2707.22314453125,3280.0,3340.0,3240.0,3240.0,6000
2016-02-29,2665.954345703125,3230.0,3340.0,3210.0,3340.0,6000
2016-03-01,2649.446533203125,3210.0,3270.0,3200.0,3210.0,2900
2016-03-02,2674.207763671875,3240.0,3250.0,3210.0,3220.0,5300
2016-03-03,2690.71533203125,3260.0,3260.0,3230.0,3260.0,3300
2016-03-04,2690.71533203125,3260.0,3270.0,3210.0,3270.0,5900
2016-03-07,2698.96923828125,3270.0,3300.0,3210.0,3260.0,3700
2016-03-08,2715.476318359375,3290.0,3310.0,3220.0,3240.0,6200
2016-03-09,2698.96923828125,3270.0,3310.0,3240.0,3240.0,3600
2016-03-10,2740.23779296875,3320.0,3330.0,3280.0,3300.0,6500
2016-03-11,2806.267578125,3400.0,3400.0,3290.0,3320.0,22400
2016-03-14,2806.267578125,3400.0,3430.0,3370.0,3410.0,9800
2016-03-15,2773.252685546875,3360.0,3430.0,3350.0,3400.0,5800
2016-03-16,2798.013916015625,3390.0,3420.0,3360.0,3360.0,3300
2016-03-17,2822.775146484375,3420.0,3440.0,3390.0,3440.0,2700
2016-03-18,2764.999267578125,3350.0,3420.0,3330.0,3380.0,6200
2016-03-22,2822.775146484375,3420.0,3440.0,3400.0,3420.0,7500
2016-03-23,2806.267578125,3400.0,3440.0,3400.0,3440.0,2800
2016-03-24,2789.760009765625,3380.0,3420.0,3370.0,3420.0,3700
2016-03-25,2781.506103515625,3370.0,3410.0,3340.0,3410.0,2300
2016-03-28,2822.775146484375,3420.0,3420.0,3380.0,3420.0,5800
2016-03-29,2847.8291015625,3410.0,3410.0,3340.0,3360.0,4800
2016-03-30,2839.477783203125,3400.0,3420.0,3390.0,3410.0,5600
2016-03-31,2822.775146484375,3380.0,3440.0,3380.0,3420.0,5000
2016-04-01,2664.098388671875,3190.0,3430.0,3160.0,3430.0,13100
2016-04-04,2730.909912109375,3270.0,3280.0,3190.0,3220.0,6500
2016-04-05,2639.04443359375,3160.0,3270.0,3160.0,3270.0,3400
2016-04-06,2639.04443359375,3160.0,3200.0,3160.0,3200.0,3000
2016-04-07,2664.098388671875,3190.0,3240.0,3160.0,3160.0,3000
2016-04-08,2705.855224609375,3240.0,3310.0,3140.0,3140.0,5400
2016-04-11,2705.855224609375,3240.0,3280.0,3240.0,3280.0,5300
2016-04-12,2689.152587890625,3220.0,3280.0,3220.0,3240.0,2800
2016-04-13,2722.55859375,3260.0,3270.0,3220.0,3220.0,2600
2016-04-14,2764.315185546875,3310.0,3320.0,3270.0,3310.0,4200
2016-04-15,2764.315185546875,3310.0,3380.0,3310.0,3380.0,2900
2016-04-18,2705.855224609375,3240.0,3260.0,3210.0,3240.0,3200
2016-04-19,2722.55859375,3260.0,3350.0,3210.0,3340.0,6700
2016-04-20,2722.55859375,3260.0,3300.0,3250.0,3290.0,3900
2016-04-21,2772.66650390625,3320.0,3360.0,3280.0,3300.0,5800
2016-04-22,2781.017578125,3330.0,3340.0,3290.0,3320.0,3800
2016-04-25,2781.017578125,3330.0,3340.0,3300.0,3330.0,2500
2016-04-26,2755.9638671875,3300.0,3330.0,3250.0,3300.0,2400
2016-04-27,2747.6123046875,3290.0,3290.0,3220.0,3220.0,5700
2016-04-28,2697.50390625,3230.0,3330.0,3230.0,3320.0,5000
2016-05-02,2622.341064453125,3140.0,3190.0,3140.0,3160.0,7500
2016-05-06,2613.990234375,3130.0,3200.0,3050.0,3200.0,5100
2016-05-09,2613.990234375,3130.0,3170.0,3130.0,3170.0,1300
2016-05-10,2655.747314453125,3180.0,3200.0,3150.0,3160.0,7400
2016-05-11,2647.39599609375,3170.0,3210.0,3160.0,3200.0,2600
2016-05-12,2680.801025390625,3210.0,3230.0,3160.0,3160.0,4600
2016-05-13,2755.9638671875,3300.0,3370.0,3300.0,3370.0,13200
2016-05-16,2747.6123046875,3290.0,3330.0,3220.0,3290.0,2900
2016-05-17,2772.66650390625,3320.0,3320.0,3310.0,3320.0,2200
2016-05-18,2789.36962890625,3340.0,3340.0,3270.0,3330.0,2500
2016-05-19,2789.36962890625,3340.0,3360.0,3300.0,3360.0,3300
2016-05-20,2797.720947265625,3350.0,3350.0,3320.0,3320.0,2500
2016-05-23,2772.66650390625,3320.0,3350.0,3310.0,3350.0,1800
2016-05-24,2747.6123046875,3290.0,3310.0,3270.0,3310.0,1800
2016-05-25,2755.9638671875,3300.0,3340.0,3200.0,3320.0,3400
2016-05-26,2781.017578125,3330.0,3330.0,3290.0,3300.0,1500
2016-05-27,2747.6123046875,3290.0,3320.0,3270.0,3320.0,3100
2016-05-30,2764.315185546875,3310.0,3330.0,3290.0,3290.0,1200
2016-05-31,2789.36962890625,3340.0,3340.0,3250.0,3310.0,9300
2016-06-01,2764.315185546875,3310.0,3340.0,3260.0,3330.0,1900
2016-06-02,2730.909912109375,3270.0,3320.0,3260.0,3320.0,4700
2016-06-03,2722.55859375,3260.0,3280.0,3220.0,3250.0,1600
2016-06-06,2755.9638671875,3300.0,3300.0,3250.0,3250.0,3200
2016-06-07,2730.909912109375,3270.0,3300.0,3260.0,3280.0,2700
2016-06-08,2789.36962890625,3340.0,3340.0,3270.0,3270.0,3600
2016-06-09,2781.017578125,3330.0,3340.0,3320.0,3340.0,1700
2016-06-10,2764.315185546875,3310.0,3350.0,3280.0,3350.0,10500
2016-06-13,2697.50390625,3230.0,3290.0,3230.0,3290.0,5800
2016-06-14,2647.39599609375,3170.0,3240.0,3160.0,3230.0,2000
2016-06-15,2672.449951171875,3200.0,3220.0,3120.0,3120.0,3400
2016-06-16,2538.8271484375,3040.0,3170.0,3030.0,3170.0,6700
2016-06-17,2622.341064453125,3140.0,3140.0,3050.0,3050.0,7100
2016-06-20,2613.990234375,3130.0,3200.0,3100.0,3190.0,4100
2016-06-21,2689.152587890625,3220.0,3250.0,3130.0,3130.0,2500
2016-06-22,2639.04443359375,3160.0,3220.0,3140.0,3220.0,2400
2016-06-23,2647.39599609375,3170.0,3190.0,3150.0,3160.0,2100
2016-06-24,2513.773193359375,3010.0,3150.0,2990.0,3150.0,5200
2016-06-27,2572.232666015625,3080.0,3180.0,3030.0,3100.0,5700
2016-06-28,2555.530029296875,3060.0,3120.0,3020.0,3060.0,4700
2016-06-29,2630.692626953125,3150.0,3160.0,3100.0,3100.0,2300
2016-06-30,2622.341064453125,3140.0,3210.0,3120.0,3210.0,3300
2016-07-01,2639.04443359375,3160.0,3190.0,3120.0,3190.0,3300
2016-07-04,2664.098388671875,3190.0,3230.0,3140.0,3160.0,3400
2016-07-05,2647.39599609375,3170.0,3210.0,3170.0,3190.0,1400
2016-07-06,2664.098388671875,3190.0,3220.0,3160.0,3160.0,6300
2016-07-07,2647.39599609375,3170.0,3210.0,3160.0,3190.0,3300
2016-07-08,2630.692626953125,3150.0,3190.0,3110.0,3190.0,4200
2016-07-11,2630.692626953125,3150.0,3150.0,3150.0,3150.0,0
2016-07-12,2697.50390625,3230.0,3280.0,3200.0,3240.0,7400
2016-07-13,2672.449951171875,3200.0,3290.0,3190.0,3260.0,6100
2016-07-14,2722.55859375,3260.0,3350.0,3250.0,3270.0,13800
2016-07-15,2714.20654296875,3250.0,3270.0,3230.0,3260.0,5400
2016-07-19,2730.909912109375,3270.0,3270.0,3240.0,3250.0,3000
2016-07-20,2714.20654296875,3250.0,3260.0,3200.0,3260.0,4400
2016-07-21,2714.20654296875,3250.0,3260.0,3240.0,3240.0,3000
2016-07-22,2689.152587890625,3220.0,3250.0,3200.0,3200.0,2000
2016-07-25,2739.261474609375,3280.0,3290.0,3220.0,3220.0,3800
2016-07-26,2755.9638671875,3300.0,3300.0,3270.0,3280.0,3700
2016-07-27,2755.9638671875,3300.0,3320.0,3290.0,3320.0,3500
2016-07-28,2755.9638671875,3300.0,3320.0,3280.0,3280.0,3700
2016-07-29,2755.9638671875,3300.0,3330.0,3270.0,3310.0,5700
2016-08-01,2730.909912109375,3270.0,3300.0,3210.0,3280.0,3100
2016-08-02,2705.855224609375,3240.0,3270.0,3230.0,3270.0,1700
2016-08-03,2630.692626953125,3150.0,3220.0,3140.0,3170.0,3000
2016-08-04,2588.935546875,3100.0,3190.0,3050.0,3130.0,8000
2016-08-05,2613.990234375,3130.0,3150.0,3100.0,3110.0,4800
2016-08-08,2747.6123046875,3290.0,3290.0,3190.0,3200.0,5400
2016-08-09,2722.55859375,3260.0,3280.0,3230.0,3280.0,3900
2016-08-10,2722.55859375,3260.0,3290.0,3250.0,3290.0,3900
2016-08-12,2755.9638671875,3300.0,3310.0,3270.0,3290.0,5400
2016-08-15,2772.66650390625,3320.0,3320.0,3290.0,3290.0,2000
2016-08-16,2672.449951171875,3200.0,3320.0,3200.0,3320.0,5400
2016-08-17,2672.449951171875,3200.0,3230.0,3160.0,3160.0,3300
2016-08-18,2605.638427734375,3120.0,3160.0,3120.0,3140.0,3200
2016-08-19,2622.341064453125,3140.0,3170.0,3140.0,3170.0,2100
2016-08-22,2672.449951171875,3200.0,3230.0,3170.0,3190.0,3200
2016-08-23,2639.04443359375,3160.0,3230.0,3160.0,3170.0,5400
2016-08-24,2647.39599609375,3170.0,3210.0,3170.0,3210.0,1100
2016-08-25,2647.39599609375,3170.0,3190.0,3130.0,3160.0,3700
2016-08-26,2664.098388671875,3190.0,3190.0,3110.0,3180.0,3200
2016-08-29,2680.801025390625,3210.0,3220.0,3170.0,3210.0,3100
2016-08-30,2672.449951171875,3200.0,3210.0,3180.0,3210.0,1600
2016-08-31,2680.801025390625,3210.0,3240.0,3170.0,3200.0,7600
2016-09-01,2730.909912109375,3270.0,3280.0,3240.0,3240.0,5700
2016-09-02,2755.9638671875,3300.0,3310.0,3260.0,3290.0,5100
2016-09-05,2772.66650390625,3320.0,3330.0,3300.0,3320.0,3700
2016-09-06,2772.66650390625,3320.0,3320.0,3290.0,3320.0,2000
2016-09-07,2797.720947265625,3350.0,3360.0,3290.0,3290.0,5800
2016-09-08,2797.720947265625,3350.0,3360.0,3330.0,3360.0,2100
2016-09-09,2697.50390625,3230.0,3330.0,3220.0,3330.0,12100
2016-09-12,2722.55859375,3260.0,3260.0,3230.0,3230.0,2700
2016-09-13,2739.261474609375,3280.0,3290.0,3270.0,3270.0,3900
2016-09-14,2747.6123046875,3290.0,3290.0,3250.0,3290.0,3000
2016-09-15,2697.50390625,3230.0,3290.0,3220.0,3290.0,2700
2016-09-16,2722.55859375,3260.0,3260.0,3220.0,3230.0,3000
2016-09-20,2672.449951171875,3200.0,3280.0,3190.0,3260.0,7600
2016-09-21,2714.20654296875,3250.0,3260.0,3200.0,3200.0,6800
2016-09-23,2705.855224609375,3240.0,3270.0,3230.0,3260.0,7400
2016-09-26,2680.801025390625,3210.0,3240.0,3210.0,3240.0,3000
2016-09-27,2714.20654296875,3250.0,3250.0,3160.0,3200.0,10200
2016-09-28,2722.662109375,3220.0,3230.0,3210.0,3210.0,2700
2016-09-29,2798.76123046875,3310.0,3320.0,3220.0,3220.0,8700
2016-09-30,2798.76123046875,3310.0,3350.0,3270.0,3300.0,8200
2016-10-03,2807.217041015625,3320.0,3340.0,3310.0,3310.0,2400
2016-10-04,2824.128173828125,3340.0,3350.0,3310.0,3320.0,7100
2016-10-05,2824.128173828125,3340.0,3360.0,3310.0,3340.0,5300
2016-10-06,2849.494384765625,3370.0,3390.0,3360.0,3360.0,5200
2016-10-07,2866.4052734375,3390.0,3390.0,3350.0,3350.0,4500
2016-10-11,2824.128173828125,3340.0,3410.0,3330.0,3390.0,6600
2016-10-12,2883.31640625,3410.0,3510.0,3390.0,3420.0,31700
2016-10-13,2925.59375,3460.0,3490.0,3450.0,3460.0,8900
2016-10-14,2925.59375,3460.0,3490.0,3430.0,3430.0,5000
2016-10-17,2891.77197265625,3420.0,3480.0,3420.0,3480.0,3800
2016-10-18,2917.13818359375,3450.0,3460.0,3410.0,3430.0,5500
2016-10-19,2950.960205078125,3490.0,3510.0,3470.0,3470.0,7200
2016-10-20,2976.326416015625,3520.0,3520.0,3470.0,3500.0,7000
2016-10-21,2959.415771484375,3500.0,3520.0,3490.0,3520.0,3400
2016-10-24,2934.04931640625,3470.0,3510.0,3470.0,3490.0,4500
2016-10-25,2908.682373046875,3440.0,3480.0,3410.0,3460.0,10600
2016-10-26,2925.59375,3460.0,3480.0,3440.0,3440.0,9800
2016-10-27,2950.960205078125,3490.0,3500.0,3460.0,3470.0,10100
2016-10-28,2976.326416015625,3520.0,3520.0,3460.0,3490.0,29800
2016-10-31,3010.148193359375,3560.0,3580.0,3480.0,3520.0,12900
2016-11-01,3001.69287109375,3550.0,3580.0,3530.0,3560.0,9400
2016-11-02,2950.960205078125,3490.0,3510.0,3450.0,3500.0,11500
2016-11-04,2874.860595703125,3400.0,3490.0,3370.0,3450.0,11000
2016-11-07,2959.415771484375,3500.0,3510.0,3420.0,3420.0,10400
2016-11-08,2959.415771484375,3500.0,3510.0,3460.0,3500.0,4000
2016-11-09,2959.415771484375,3500.0,3560.0,3330.0,3540.0,14900
2016-11-10,2993.237548828125,3540.0,3610.0,3540.0,3600.0,16200
2016-11-11,2993.237548828125,3540.0,3560.0,3470.0,3540.0,9400
2016-11-14,3043.970458984375,3600.0,3630.0,3530.0,3540.0,12500
2016-11-15,3035.514892578125,3590.0,3620.0,3580.0,3600.0,9800
2016-11-16,3094.702880859375,3660.0,3680.0,3580.0,3580.0,14000
2016-11-17,3120.06982421875,3690.0,3690.0,3650.0,3660.0,10100
2016-11-18,3136.98046875,3710.0,3720.0,3660.0,3700.0,8700
2016-11-21,3289.178955078125,3890.0,3890.0,3720.0,3740.0,16700
2016-11-22,3246.90185546875,3840.0,3920.0,3830.0,3890.0,11600
2016-11-24,3246.90185546875,3840.0,3860.0,3810.0,3860.0,3500
2016-11-25,3229.99072265625,3820.0,3850.0,3800.0,3840.0,7900
2016-11-28,3263.812744140625,3860.0,3860.0,3780.0,3830.0,6600
2016-11-29,3246.90185546875,3840.0,3860.0,3830.0,3860.0,7600
2016-11-30,3229.99072265625,3820.0,3840.0,3800.0,3840.0,4200
2016-12-01,3297.634521484375,3900.0,3920.0,3830.0,3830.0,12100
2016-12-02,3280.723388671875,3880.0,3900.0,3800.0,3890.0,11100
2016-12-05,3263.812744140625,3860.0,3890.0,3790.0,3850.0,9100
2016-12-06,3272.268310546875,3870.0,3940.0,3870.0,3900.0,15200
2016-12-07,3306.090087890625,3910.0,3920.0,3870.0,3900.0,8400
2016-12-08,3331.456298828125,3940.0,3940.0,3880.0,3930.0,8800
2016-12-09,3339.911865234375,3950.0,3950.0,3910.0,3950.0,16300
2016-12-12,3323.000732421875,3930.0,3950.0,3840.0,3950.0,18100
2016-12-13,3424.466552734375,4050.0,4050.0,3850.0,3850.0,12300
2016-12-14,3390.64453125,4010.0,4060.0,3930.0,4050.0,19100
2016-12-15,3348.3671875,3960.0,4020.0,3960.0,4020.0,5200
2016-12-16,3373.73388671875,3990.0,4030.0,3960.0,3990.0,18300
2016-12-19,3382.189453125,4000.0,4000.0,3930.0,3960.0,11500
2016-12-20,3399.10009765625,4020.0,4020.0,3950.0,4000.0,8000
2016-12-21,3399.10009765625,4020.0,4050.0,3960.0,4030.0,10800
2016-12-22,3373.73388671875,3990.0,4010.0,3970.0,3980.0,8400
2016-12-26,3382.189453125,4000.0,4030.0,3990.0,4010.0,7000
2016-12-27,3365.2783203125,3980.0,4030.0,3970.0,3990.0,9500
2016-12-28,3382.189453125,4000.0,4020.0,3910.0,3980.0,10400
2016-12-29,3399.10009765625,4020.0,4020.0,3950.0,3980.0,13200
2016-12-30,3382.189453125,4000.0,4040.0,3980.0,4030.0,8100
2017-01-04,3432.922119140625,4060.0,4090.0,4020.0,4040.0,21300
2017-01-05,3424.466552734375,4050.0,4090.0,4020.0,4020.0,10400
2017-01-06,3458.288330078125,4090.0,4090.0,4010.0,4010.0,13500
2017-01-10,3475.199462890625,4110.0,4190.0,4020.0,4100.0,38900
2017-01-11,3568.209716796875,4220.0,4250.0,4090.0,4150.0,28900
2017-01-12,3559.754150390625,4210.0,4250.0,4140.0,4220.0,18200
2017-01-13,3652.764404296875,4320.0,4320.0,4220.0,4220.0,29000
2017-01-16,3542.843017578125,4190.0,4320.0,4160.0,4320.0,10800
2017-01-17,3466.744140625,4100.0,4140.0,4050.0,4140.0,7400
2017-01-18,3432.922119140625,4060.0,4060.0,4000.0,4040.0,17800
2017-01-19,3424.466552734375,4050.0,4070.0,3970.0,4060.0,28000
2017-01-20,3373.73388671875,3990.0,4040.0,3960.0,4020.0,11400
2017-01-23,3390.64453125,4010.0,4050.0,3990.0,3990.0,8600
2017-01-24,3399.10009765625,4020.0,4050.0,3990.0,4000.0,10800
2017-01-25,3390.64453125,4010.0,4040.0,4010.0,4020.0,6500
2017-01-26,3399.10009765625,4020.0,4050.0,4010.0,4020.0,10400
2017-01-27,3432.922119140625,4060.0,4080.0,4010.0,4040.0,13100
2017-01-30,3390.64453125,4010.0,4050.0,4000.0,4050.0,6200
2017-01-31,3382.189453125,4000.0,4030.0,3970.0,3970.0,7600
2017-02-01,3399.10009765625,4020.0,4070.0,3960.0,3980.0,10400
2017-02-02,3365.2783203125,3980.0,4050.0,3980.0,4020.0,8900
2017-02-03,3382.189453125,4000.0,4040.0,4000.0,4000.0,13700
2017-02-06,3441.377685546875,4070.0,4080.0,3980.0,4020.0,6100
2017-02-07,3390.64453125,4010.0,4050.0,4000.0,4050.0,9700
2017-02-08,3238.4462890625,3830.0,3980.0,3780.0,3980.0,16800
2017-02-09,3213.079833984375,3800.0,3830.0,3780.0,3830.0,10300
2017-02-10,3246.90185546875,3840.0,3860.0,3820.0,3830.0,7500
2017-02-13,3263.812744140625,3860.0,3900.0,3850.0,3900.0,3900
2017-02-14,3331.456298828125,3940.0,3940.0,3860.0,3890.0,12800
2017-02-15,3331.456298828125,3940.0,3960.0,3920.0,3950.0,9800
2017-02-16,3314.5458984375,3920.0,3960.0,3900.0,3920.0,5900
2017-02-17,3331.456298828125,3940.0,3950.0,3880.0,3890.0,6500
2017-02-20,3246.90185546875,3840.0,3910.0,3830.0,3910.0,11700
2017-02-21,3280.723388671875,3880.0,3890.0,3860.0,3880.0,3700
2017-02-22,3280.723388671875,3880.0,3880.0,3850.0,3880.0,8600
2017-02-23,3272.268310546875,3870.0,3890.0,3860.0,3860.0,4500
2017-02-24,3255.357421875,3850.0,3890.0,3840.0,3850.0,6500
2017-02-27,3246.90185546875,3840.0,3860.0,3800.0,3850.0,8200
2017-02-28,3263.812744140625,3860.0,3890.0,3830.0,3830.0,8400
2017-03-01,3314.5458984375,3920.0,3920.0,3840.0,3890.0,7100
2017-03-02,3272.268310546875,3870.0,3920.0,3860.0,3920.0,7700
2017-03-03,3272.268310546875,3870.0,3890.0,3870.0,3880.0,2800
2017-03-06,3272.268310546875,3870.0,3890.0,3870.0,3880.0,4700
2017-03-07,3238.4462890625,3830.0,3870.0,3820.0,3870.0,6000
2017-03-08,3221.53515625,3810.0,3820.0,3780.0,3810.0,8600
2017-03-09,3196.168701171875,3780.0,3810.0,3770.0,3800.0,4100
2017-03-10,3246.90185546875,3840.0,3850.0,3780.0,3850.0,12900
2017-03-13,3213.079833984375,3800.0,3830.0,3800.0,3830.0,4200
2017-03-14,3213.079833984375,3800.0,3830.0,3770.0,3780.0,8200
2017-03-15,3179.258056640625,3760.0,3800.0,3760.0,3800.0,6700
2017-03-16,3204.6240234375,3790.0,3800.0,3760.0,3760.0,4700
2017-03-17,3221.53515625,3810.0,3810.0,3760.0,3790.0,7200
2017-03-21,3213.079833984375,3800.0,3810.0,3770.0,3790.0,5500
2017-03-22,3170.802490234375,3750.0,3810.0,3730.0,3790.0,7400
2017-03-23,3162.3466796875,3740.0,3770.0,3710.0,3710.0,6300
2017-03-24,3179.258056640625,3760.0,3790.0,3740.0,3760.0,4500
2017-03-27,3128.52490234375,3700.0,3740.0,3640.0,3730.0,7900
2017-03-28,3196.168701171875,3780.0,3780.0,3710.0,3710.0,9200
2017-03-29,3196.168701171875,3740.0,3770.0,3680.0,3740.0,8800
2017-03-30,3238.898681640625,3790.0,3790.0,3730.0,3730.0,5300
2017-03-31,3093.617919921875,3620.0,3830.0,3610.0,3830.0,16900
2017-04-03,3187.62255859375,3730.0,3740.0,3580.0,3630.0,10900
2017-04-04,3161.9853515625,3700.0,3740.0,3660.0,3720.0,6400
2017-04-05,3102.1640625,3630.0,3700.0,3630.0,3700.0,3600
2017-04-06,3076.526123046875,3600.0,3640.0,3570.0,3640.0,8000
2017-04-07,3127.801513671875,3660.0,3670.0,3610.0,3640.0,4900
2017-04-10,3119.255615234375,3650.0,3690.0,3650.0,3690.0,4000
2017-04-11,3119.255615234375,3650.0,3690.0,3610.0,3610.0,4600
2017-04-12,3016.705078125,3530.0,3660.0,3350.0,3660.0,7800
2017-04-13,3008.158935546875,3520.0,3540.0,3400.0,3450.0,16700
2017-04-14,2973.9755859375,3480.0,3520.0,3460.0,3500.0,5100
2017-04-17,3025.250732421875,3540.0,3550.0,3450.0,3450.0,3000
2017-04-18,3033.79638671875,3550.0,3610.0,3530.0,3580.0,6900
2017-04-19,3042.342529296875,3560.0,3620.0,3550.0,3570.0,5200
2017-04-20,3050.88818359375,3570.0,3600.0,3550.0,3560.0,5000
2017-04-21,3067.980224609375,3590.0,3620.0,3570.0,3570.0,4600
2017-04-24,3085.072021484375,3610.0,3650.0,3590.0,3640.0,3800
2017-04-25,3136.347412109375,3670.0,3680.0,3640.0,3640.0,5000
2017-04-26,3127.801513671875,3660.0,3720.0,3660.0,3700.0,7200
2017-04-27,3179.076904296875,3720.0,3730.0,3670.0,3670.0,7200
2017-04-28,3153.439453125,3690.0,3730.0,3690.0,3720.0,2500
2017-05-01,3136.347412109375,3670.0,3700.0,3650.0,3700.0,1900
2017-05-02,3179.076904296875,3720.0,3730.0,3670.0,3690.0,5400
2017-05-08,3324.357177734375,3890.0,3900.0,3760.0,3760.0,14200
2017-05-09,3315.8115234375,3880.0,3890.0,3860.0,3890.0,5800
2017-05-10,3290.173828125,3850.0,3880.0,3840.0,3870.0,8300
2017-05-11,3315.8115234375,3880.0,3890.0,3830.0,3850.0,8700
2017-05-12,3315.8115234375,3880.0,3880.0,3850.0,3880.0,8400
2017-05-15,3332.903076171875,3900.0,3900.0,3860.0,3880.0,5300
2017-05-16,3332.903076171875,3900.0,3920.0,3880.0,3880.0,12200
2017-05-17,3341.448974609375,3910.0,3920.0,3860.0,3910.0,5600
2017-05-18,3324.357177734375,3890.0,3910.0,3810.0,3880.0,20500
2017-05-19,3307.265625,3870.0,3920.0,3860.0,3920.0,6600
2017-05-22,3298.7197265625,3860.0,3870.0,3840.0,3870.0,6000
2017-05-23,3281.628173828125,3840.0,3860.0,3840.0,3860.0,7100
2017-05-24,3273.081787109375,3830.0,3860.0,3830.0,3860.0,3500
2017-05-25,3264.535888671875,3820.0,3850.0,3820.0,3830.0,5300
2017-05-26,3264.535888671875,3820.0,3830.0,3810.0,3810.0,2700
2017-05-29,3255.990234375,3810.0,3830.0,3800.0,3830.0,3200
2017-05-30,3273.081787109375,3830.0,3840.0,3800.0,3810.0,4300
2017-05-31,3238.898681640625,3790.0,3840.0,3790.0,3830.0,12000
2017-06-01,3264.535888671875,3820.0,3880.0,3790.0,3820.0,13200
2017-06-02,3315.8115234375,3880.0,3890.0,3820.0,3820.0,7100
2017-06-05,3341.448974609375,3910.0,3940.0,3870.0,3870.0,7200
2017-06-06,3298.7197265625,3860.0,3940.0,3860.0,3910.0,8400
2017-06-07,3298.7197265625,3860.0,3880.0,3830.0,3850.0,6400
2017-06-08,3290.173828125,3850.0,3880.0,3840.0,3860.0,5500
2017-06-09,3247.4443359375,3800.0,3820.0,3790.0,3820.0,8500
2017-06-12,3264.535888671875,3820.0,3830.0,3790.0,3810.0,3800
2017-06-13,3230.352294921875,3780.0,3830.0,3780.0,3820.0,4700
2017-06-14,3221.806640625,3770.0,3800.0,3760.0,3780.0,4600
2017-06-15,3230.352294921875,3780.0,3800.0,3750.0,3750.0,3800
2017-06-16,3315.8115234375,3880.0,3880.0,3750.0,3760.0,9100
2017-06-19,3315.8115234375,3880.0,3890.0,3820.0,3860.0,6000
2017-06-20,3341.448974609375,3910.0,3980.0,3890.0,3910.0,12900
2017-06-21,3315.8115234375,3880.0,3930.0,3880.0,3930.0,4900
2017-06-22,3332.903076171875,3900.0,3900.0,3880.0,3880.0,2100
2017-06-23,3332.903076171875,3900.0,3920.0,3890.0,3900.0,3700
2017-06-26,3332.903076171875,3900.0,3970.0,3870.0,3870.0,4100
2017-06-27,3367.086669921875,3940.0,3960.0,3900.0,3910.0,6000
2017-06-28,3324.357177734375,3890.0,3980.0,3880.0,3970.0,4200
2017-06-29,3349.9951171875,3920.0,3940.0,3890.0,3890.0,5500
2017-06-30,3264.535888671875,3820.0,3920.0,3820.0,3900.0,10200
2017-07-03,3273.081787109375,3830.0,3840.0,3810.0,3820.0,2800
2017-07-04,3238.898681640625,3790.0,3830.0,3790.0,3830.0,4800
2017-07-05,3238.898681640625,3790.0,3810.0,3760.0,3800.0,5900
2017-07-06,3221.806640625,3770.0,3780.0,3760.0,3770.0,4700
2017-07-07,3238.898681640625,3790.0,3820.0,3790.0,3800.0,8800
2017-07-10,3255.990234375,3810.0,3820.0,3760.0,3820.0,5700
2017-07-11,3290.173828125,3850.0,3880.0,3810.0,3810.0,6700
2017-07-12,3290.173828125,3850.0,3870.0,3830.0,3850.0,5300
2017-07-13,3290.173828125,3850.0,3860.0,3840.0,3850.0,3800
2017-07-14,3298.7197265625,3860.0,3900.0,3840.0,3840.0,4700
2017-07-17,3298.7197265625,3860.0,3860.0,3860.0,3860.0,0
2017-07-18,3307.265625,3870.0,3890.0,3860.0,3880.0,4400
2017-07-19,3332.903076171875,3900.0,3920.0,3850.0,3850.0,4100
2017-07-20,3332.903076171875,3900.0,3930.0,3900.0,3910.0,6100
2017-07-21,3341.448974609375,3910.0,3910.0,3870.0,3870.0,4100
2017-07-24,3341.448974609375,3910.0,3920.0,3870.0,3910.0,4900
2017-07-25,3290.173828125,3850.0,3890.0,3850.0,3880.0,2100
2017-07-26,3315.8115234375,3880.0,3900.0,3850.0,3860.0,5800
2017-07-27,3307.265625,3870.0,3910.0,3860.0,3890.0,4700
2017-07-28,3307.265625,3870.0,3880.0,3850.0,3870.0,6300
2017-07-31,3298.7197265625,3860.0,3890.0,3860.0,3870.0,4100
2017-08-01,3315.8115234375,3880.0,3900.0,3870.0,3890.0,5200
2017-08-02,3332.903076171875,3900.0,3920.0,3870.0,3920.0,5500
2017-08-03,3324.357177734375,3890.0,3910.0,3880.0,3900.0,2800
2017-08-04,3332.903076171875,3900.0,3910.0,3890.0,3910.0,2300
2017-08-07,3341.448974609375,3910.0,3950.0,3900.0,3910.0,18000
2017-08-08,3230.352294921875,3780.0,3870.0,3720.0,3770.0,15200
2017-08-09,3179.076904296875,3720.0,3760.0,3700.0,3750.0,9000
2017-08-10,3170.53125,3710.0,3730.0,3670.0,3730.0,8000
2017-08-11,3170.53125,3710.0,3710.0,3710.0,3710.0,0
2017-08-14,3102.1640625,3630.0,3710.0,3630.0,3710.0,7100
2017-08-15,3102.1640625,3630.0,3690.0,3630.0,3670.0,6700
2017-08-16,3085.072021484375,3610.0,3640.0,3560.0,3640.0,6500
2017-08-17,3093.617919921875,3620.0,3630.0,3590.0,3610.0,4400
2017-08-18,3059.434326171875,3580.0,3620.0,3570.0,3620.0,5200
2017-08-21,3050.88818359375,3570.0,3610.0,3560.0,3610.0,5700
2017-08-22,3067.980224609375,3590.0,3620.0,3570.0,3600.0,4100
2017-08-23,3102.1640625,3630.0,3630.0,3580.0,3610.0,6800
2017-08-24,3085.072021484375,3610.0,3630.0,3600.0,3630.0,3000
2017-08-25,3059.434326171875,3580.0,3610.0,3580.0,3590.0,3200
2017-08-28,3110.709716796875,3640.0,3650.0,3590.0,3590.0,5800
2017-08-29,3102.1640625,3630.0,3630.0,3570.0,3590.0,2500
2017-08-30,3144.893310546875,3680.0,3680.0,3610.0,3650.0,5800
2017-08-31,3161.9853515625,3700.0,3720.0,3670.0,3690.0,9700
2017-09-01,3161.9853515625,3700.0,3730.0,3680.0,3720.0,6700
2017-09-04,3067.980224609375,3590.0,3680.0,3560.0,3680.0,8200
2017-09-05,3016.705078125,3530.0,3620.0,3510.0,3590.0,7600
2017-09-06,2999.61328125,3510.0,3530.0,3500.0,3500.0,3400
2017-09-07,3016.705078125,3530.0,3560.0,3510.0,3550.0,2700
2017-09-08,2973.9755859375,3480.0,3520.0,3440.0,3460.0,11400
2017-09-11,3016.705078125,3530.0,3540.0,3500.0,3540.0,4900
2017-09-12,3085.072021484375,3610.0,3610.0,3530.0,3530.0,6100
2017-09-13,3153.439453125,3690.0,3700.0,3600.0,3600.0,9400
2017-09-14,3144.893310546875,3680.0,3690.0,3650.0,3690.0,10900
2017-09-15,3204.71435546875,3750.0,3750.0,3670.0,3680.0,16000
2017-09-18,3204.71435546875,3750.0,3750.0,3750.0,3750.0,0
2017-09-19,3179.076904296875,3720.0,3760.0,3700.0,3740.0,11900
2017-09-20,3187.62255859375,3730.0,3730.0,3710.0,3720.0,5400
2017-09-21,3187.62255859375,3730.0,3770.0,3730.0,3770.0,6900
2017-09-22,3221.806640625,3770.0,3770.0,3730.0,3770.0,8500
2017-09-25,3273.081787109375,3830.0,3860.0,3760.0,3770.0,11800
2017-09-26,3332.903076171875,3900.0,3910.0,3780.0,3780.0,1130
2017-09-27,3282.4697265625,3840.0,3875.0,3810.0,3860.0,5900
2017-09-28,3325.2099609375,3890.0,3890.0,3835.0,3840.0,7800
2017-09-29,3265.373291015625,3820.0,3885.0,3820.0,3885.0,8300
2017-10-02,3261.099365234375,3815.0,3825.0,3800.0,3820.0,4300
2017-10-03,3252.55126953125,3805.0,3835.0,3755.0,3830.0,8200
2017-10-04,3226.906982421875,3775.0,3805.0,3755.0,3805.0,3600
2017-10-05,3175.618408203125,3715.0,3785.0,3715.0,3785.0,5300
2017-10-06,3188.440185546875,3730.0,3745.0,3705.0,3730.0,6000
2017-10-09,3188.440185546875,3730.0,3730.0,3730.0,3730.0,0
2017-10-10,3218.35888671875,3765.0,3780.0,3725.0,3730.0,5700
2017-10-11,3218.35888671875,3765.0,3785.0,3745.0,3765.0,4400
2017-10-12,3171.34423828125,3710.0,3765.0,3705.0,3765.0,14400
2017-10-13,3141.426025390625,3675.0,3710.0,3650.0,3705.0,14100
2017-10-16,3154.248046875,3690.0,3715.0,3660.0,3665.0,11400
2017-10-17,3149.974365234375,3685.0,3715.0,3675.0,3715.0,6900
2017-10-18,3158.522216796875,3695.0,3705.0,3660.0,3675.0,3600
2017-10-19,3154.248046875,3690.0,3735.0,3665.0,3695.0,5500
2017-10-20,3158.522216796875,3695.0,3730.0,3680.0,3695.0,5900
2017-10-23,3184.166259765625,3725.0,3730.0,3680.0,3695.0,4300
2017-10-24,3226.906982421875,3775.0,3780.0,3715.0,3720.0,9700
2017-10-25,3201.262451171875,3745.0,3785.0,3745.0,3785.0,4600
2017-10-26,3218.35888671875,3765.0,3775.0,3720.0,3720.0,3900
2017-10-27,3239.729248046875,3790.0,3790.0,3750.0,3750.0,5400
2017-10-30,3248.277099609375,3800.0,3810.0,3720.0,3800.0,16500
2017-10-31,3231.1806640625,3780.0,3815.0,3760.0,3805.0,10700
2017-11-01,3214.084716796875,3760.0,3785.0,3745.0,3780.0,8000
2017-11-02,3179.892333984375,3720.0,3760.0,3685.0,3760.0,7800
2017-11-03,3179.892333984375,3720.0,3720.0,3720.0,3720.0,0
2017-11-06,3162.796142578125,3700.0,3740.0,3655.0,3725.0,13300
2017-11-07,3179.892333984375,3720.0,3765.0,3685.0,3695.0,9800
2017-11-08,3239.729248046875,3790.0,3795.0,3695.0,3695.0,7600
2017-11-09,3184.166259765625,3725.0,3785.0,3665.0,3740.0,16900
2017-11-10,3149.974365234375,3685.0,3700.0,3655.0,3660.0,6500
2017-11-13,3111.507568359375,3640.0,3685.0,3625.0,3685.0,7500
2017-11-14,3111.507568359375,3640.0,3670.0,3620.0,3630.0,6200
2017-11-15,3017.478759765625,3530.0,3640.0,3510.0,3640.0,18600
2017-11-16,3004.656494140625,3515.0,3560.0,3510.0,3535.0,8600
2017-11-17,2961.916015625,3465.0,3515.0,3465.0,3515.0,10900
2017-11-20,2914.9013671875,3410.0,3455.0,3410.0,3440.0,10200
2017-11-21,2936.271484375,3435.0,3475.0,3410.0,3465.0,5200
2017-11-22,2897.80517578125,3390.0,3445.0,3390.0,3435.0,7900
2017-11-23,2897.80517578125,3390.0,3390.0,3390.0,3390.0,0
2017-11-24,2927.723388671875,3425.0,3450.0,3380.0,3390.0,7200
2017-11-27,2936.271484375,3435.0,3440.0,3420.0,3425.0,7000
2017-11-28,2910.62744140625,3405.0,3440.0,3390.0,3435.0,4500
2017-11-29,2961.916015625,3465.0,3480.0,3435.0,3460.0,12400
2017-11-30,3060.218994140625,3580.0,3680.0,3455.0,3490.0,28000
2017-12-01,3094.4111328125,3620.0,3700.0,3565.0,3700.0,15300
2017-12-04,3017.478759765625,3530.0,3635.0,3525.0,3625.0,6600
2017-12-05,3068.76708984375,3590.0,3615.0,3550.0,3590.0,8100
2017-12-06,3026.026611328125,3540.0,3590.0,3535.0,3580.0,4500
2017-12-07,3107.23388671875,3635.0,3645.0,3555.0,3555.0,9300
2017-12-08,3090.137451171875,3615.0,3645.0,3565.0,3565.0,11900
2017-12-11,3132.8779296875,3665.0,3675.0,3645.0,3675.0,9600
2017-12-12,3137.15185546875,3670.0,3670.0,3635.0,3650.0,4900
2017-12-13,3120.0556640625,3650.0,3695.0,3645.0,3655.0,7200
2017-12-14,3137.15185546875,3670.0,3670.0,3640.0,3640.0,4400
2017-12-15,3145.699951171875,3680.0,3695.0,3655.0,3670.0,4600
2017-12-18,3132.8779296875,3665.0,3710.0,3665.0,3710.0,8200
2017-12-19,3085.86328125,3610.0,3670.0,3600.0,3665.0,8800
2017-12-20,3068.76708984375,3590.0,3620.0,3545.0,3555.0,14300
2017-12-21,3085.86328125,3610.0,3630.0,3585.0,3590.0,5100
2017-12-22,3120.0556640625,3650.0,3670.0,3600.0,3600.0,8300
2017-12-25,3107.23388671875,3635.0,3655.0,3610.0,3655.0,2500
2017-12-26,3111.507568359375,3640.0,3650.0,3595.0,3635.0,10000
2017-12-27,3094.4111328125,3620.0,3660.0,3605.0,3640.0,5500
2017-12-28,3085.86328125,3610.0,3645.0,3580.0,3635.0,8400
2017-12-29,3098.685302734375,3625.0,3630.0,3605.0,3615.0,4800
2018-01-03,3098.685302734375,3625.0,3625.0,3625.0,3625.0,0
2018-01-04,3098.685302734375,3625.0,3650.0,3620.0,3625.0,3400
2018-01-05,3141.426025390625,3675.0,3680.0,3635.0,3650.0,8100
2018-01-08,3141.426025390625,3675.0,3675.0,3675.0,3675.0,0
2018-01-09,3154.248046875,3690.0,3695.0,3665.0,3680.0,4400
2018-01-10,3145.699951171875,3680.0,3710.0,3665.0,3710.0,5300
2018-01-11,3132.8779296875,3665.0,3670.0,3645.0,3665.0,1600
2018-01-12,3132.8779296875,3665.0,3670.0,3640.0,3655.0,6200
2018-01-15,3102.95947265625,3630.0,3670.0,3625.0,3665.0,6700
2018-01-16,3115.78173828125,3645.0,3660.0,3630.0,3630.0,3200
2018-01-17,3094.4111328125,3620.0,3645.0,3605.0,3645.0,5900
2018-01-18,3064.492919921875,3585.0,3620.0,3585.0,3620.0,7300
2018-01-19,3073.041015625,3595.0,3595.0,3570.0,3585.0,4500
2018-01-22,3068.76708984375,3590.0,3600.0,3575.0,3585.0,5200
2018-01-23,3077.315185546875,3600.0,3610.0,3590.0,3590.0,4100
2018-01-24,3081.589111328125,3605.0,3610.0,3585.0,3600.0,2800
2018-01-25,3051.670654296875,3570.0,3590.0,3540.0,3580.0,12000
2018-01-26,3064.492919921875,3585.0,3605.0,3565.0,3575.0,11400
2018-01-29,3043.122802734375,3560.0,3590.0,3550.0,3590.0,8100
2018-01-30,3043.122802734375,3560.0,3570.0,3540.0,3545.0,6400
2018-01-31,2957.641845703125,3460.0,3560.0,3460.0,3560.0,10800
2018-02-01,3008.930419921875,3520.0,3540.0,3480.0,3480.0,4700
2018-02-02,3043.122802734375,3560.0,3575.0,3505.0,3520.0,11100
2018-02-05,3013.20458984375,3525.0,3570.0,3520.0,3555.0,13100
2018-02-06,2842.242431640625,3325.0,3490.0,3310.0,3490.0,18200
2018-02-07,2761.03564453125,3230.0,3400.0,3230.0,3400.0,21100
2018-02-08,2773.857666015625,3245.0,3340.0,3245.0,3245.0,20600
2018-02-09,2714.02099609375,3175.0,3210.0,3155.0,3210.0,18500
2018-02-12,2714.02099609375,3175.0,3175.0,3175.0,3175.0,0
2018-02-13,2684.1025390625,3140.0,3225.0,3135.0,3210.0,16000
2018-02-14,2662.732421875,3115.0,3185.0,3100.0,3185.0,10500
2018-02-15,2701.19873046875,3160.0,3195.0,3105.0,3125.0,10300
2018-02-16,2705.47314453125,3165.0,3230.0,3165.0,3220.0,9000
2018-02-19,2799.502197265625,3275.0,3310.0,3230.0,3235.0,10200
2018-02-20,2718.295166015625,3180.0,3270.0,3180.0,3270.0,10500
2018-02-21,2688.376953125,3145.0,3220.0,3140.0,3180.0,16700
2018-02-22,2722.5693359375,3185.0,3215.0,3150.0,3150.0,8600
2018-02-23,2718.295166015625,3180.0,3230.0,3180.0,3200.0,5100
2018-02-26,2726.843017578125,3190.0,3230.0,3185.0,3205.0,5000
2018-02-27,2722.5693359375,3185.0,3240.0,3185.0,3240.0,9300
2018-02-28,2714.02099609375,3175.0,3200.0,3165.0,3170.0,13100
2018-03-01,2692.650634765625,3150.0,3195.0,3150.0,3195.0,5700
2018-03-02,2675.554443359375,3130.0,3155.0,3115.0,3150.0,8500
2018-03-05,2692.650634765625,3150.0,3165.0,3115.0,3120.0,8200
2018-03-06,2718.295166015625,3180.0,3180.0,3155.0,3165.0,6000
2018-03-07,2688.376953125,3145.0,3180.0,3140.0,3150.0,5400
2018-03-08,2667.006103515625,3120.0,3235.0,3115.0,3145.0,8100
2018-03-09,2671.28076171875,3125.0,3160.0,3110.0,3160.0,13600
2018-03-12,2701.19873046875,3160.0,3175.0,3135.0,3170.0,10100
2018-03-13,2709.74658203125,3170.0,3180.0,3145.0,3155.0,8500
2018-03-14,2701.19873046875,3160.0,3170.0,3140.0,3155.0,5100
2018-03-15,2709.74658203125,3170.0,3175.0,3135.0,3160.0,4300
2018-03-16,2696.925048828125,3155.0,3175.0,3135.0,3155.0,10200
2018-03-19,2679.828369140625,3135.0,3175.0,3125.0,3175.0,6300
2018-03-20,2696.925048828125,3155.0,3180.0,3110.0,3135.0,16300
2018-03-21,2696.925048828125,3155.0,3155.0,3155.0,3155.0,0
2018-03-22,2705.47314453125,3165.0,3190.0,3150.0,3190.0,3300
2018-03-23,2726.843017578125,3190.0,3195.0,3060.0,3110.0,25300
2018-03-26,2679.828369140625,3135.0,3140.0,3085.0,3135.0,10200
2018-03-27,2803.77587890625,3280.0,3285.0,3135.0,3135.0,17500
2018-03-28,2803.776123046875,3230.0,3235.0,3130.0,3220.0,8100
2018-03-29,2842.838134765625,3275.0,3275.0,3230.0,3260.0,7000
2018-03-30,2838.497802734375,3270.0,3280.0,3250.0,3280.0,5500
2018-04-02,2838.497802734375,3270.0,3295.0,3255.0,3280.0,4000
2018-04-03,2851.5185546875,3285.0,3295.0,3255.0,3270.0,5200
2018-04-04,2920.9619140625,3365.0,3370.0,3280.0,3285.0,9600
2018-04-05,2968.703857421875,3420.0,3440.0,3355.0,3355.0,7500
2018-04-06,2973.044189453125,3425.0,3455.0,3380.0,3455.0,7400
2018-04-09,2968.703857421875,3420.0,3425.0,3375.0,3425.0,3700
2018-04-10,2942.662841796875,3390.0,3420.0,3380.0,3420.0,4400
2018-04-11,2890.580322265625,3330.0,3380.0,3330.0,3370.0,6800
2018-04-12,2860.198486328125,3295.0,3350.0,3265.0,3350.0,7500
2018-04-13,2864.5390625,3300.0,3335.0,3295.0,3295.0,3300
2018-04-16,2868.87939453125,3305.0,3305.0,3270.0,3300.0,1900
2018-04-17,2847.177978515625,3280.0,3305.0,3265.0,3285.0,3700
2018-04-18,2864.5390625,3300.0,3330.0,3275.0,3275.0,6100
2018-04-19,2842.838134765625,3275.0,3305.0,3265.0,3305.0,6200
2018-04-20,2886.239990234375,3325.0,3340.0,3300.0,3300.0,4200
2018-04-23,2860.198486328125,3295.0,3320.0,3280.0,3310.0,2100
2018-04-24,2881.899658203125,3320.0,3320.0,3285.0,3285.0,4000
2018-04-25,2907.941162109375,3350.0,3360.0,3295.0,3320.0,4500
2018-04-26,2929.64208984375,3375.0,3385.0,3325.0,3325.0,5900
2018-04-27,2907.941162109375,3350.0,3390.0,3325.0,3390.0,6100
2018-04-30,2907.941162109375,3350.0,3350.0,3350.0,3350.0,0
2018-05-01,2860.198486328125,3295.0,3330.0,3295.0,3320.0,3200
2018-05-02,2860.198486328125,3295.0,3330.0,3295.0,3330.0,1900
2018-05-04,2860.198486328125,3295.0,3295.0,3295.0,3295.0,0
2018-05-07,2842.838134765625,3275.0,3300.0,3270.0,3295.0,5700
2018-05-08,2925.302001953125,3370.0,3415.0,3320.0,3335.0,11800
2018-05-09,2912.28173828125,3355.0,3395.0,3345.0,3350.0,6300
2018-05-10,2951.343017578125,3400.0,3415.0,3380.0,3380.0,4300
2018-05-11,2951.343017578125,3400.0,3400.0,3335.0,3375.0,4800
2018-05-14,2860.198486328125,3295.0,3375.0,3275.0,3375.0,9600
2018-05-15,2769.05419921875,3190.0,3290.0,3180.0,3270.0,16600
2018-05-16,2738.673095703125,3155.0,3195.0,3150.0,3195.0,14700
2018-05-17,2734.33251953125,3150.0,3190.0,3150.0,3170.0,8100
2018-05-18,2673.569580078125,3080.0,3165.0,3050.0,3160.0,32700
2018-05-21,2690.930419921875,3100.0,3130.0,3095.0,3115.0,11400
2018-05-22,2604.12646484375,3000.0,3130.0,3000.0,3130.0,49500
2018-05-23,2608.466796875,3005.0,3050.0,3005.0,3010.0,16900
2018-05-24,2582.425048828125,2975.0,3040.0,2967.0,3040.0,28000
2018-05-25,2571.140869140625,2962.0,3015.0,2960.0,3005.0,14700
2018-05-28,2562.460205078125,2952.0,2999.0,2952.0,2999.0,24800
2018-05-29,2549.439697265625,2937.0,2961.0,2936.0,2960.0,21500
2018-05-30,2517.322509765625,2900.0,2930.0,2900.0,2930.0,34200
2018-05-31,2526.87060546875,2911.0,2973.0,2890.0,2903.0,52700
2018-06-01,2528.606689453125,2913.0,2925.0,2875.0,2892.0,70800
2018-06-04,2586.765625,2980.0,2991.0,2912.0,2912.0,19400
2018-06-05,2583.29345703125,2976.0,2980.0,2960.0,2980.0,14900
2018-06-06,2630.167724609375,3030.0,3045.0,2961.0,2976.0,25400
2018-06-07,2664.88916015625,3070.0,3100.0,3035.0,3040.0,24900
2018-06-08,2690.930419921875,3100.0,3105.0,3030.0,3040.0,23700
2018-06-11,2660.549072265625,3065.0,3105.0,3060.0,3105.0,8600
2018-06-12,2643.1884765625,3045.0,3080.0,3040.0,3070.0,7100
2018-06-13,2669.229736328125,3075.0,3090.0,3050.0,3050.0,6500
2018-06-14,2638.84814453125,3040.0,3070.0,3025.0,3050.0,6600
2018-06-15,2576.34912109375,2968.0,3035.0,2968.0,3035.0,12600
2018-06-18,2590.237548828125,2984.0,2992.0,2952.0,2976.0,7700
2018-06-19,2540.759033203125,2927.0,2990.0,2927.0,2968.0,8600
2018-06-20,2545.967529296875,2933.0,2940.0,2903.0,2932.0,9400
2018-06-21,2493.016845703125,2872.0,2936.0,2870.0,2925.0,18300
2018-06-22,2464.371826171875,2839.0,2903.0,2839.0,2900.0,50900
2018-06-25,2446.142822265625,2818.0,2850.0,2809.0,2850.0,30400
2018-06-26,2447.87890625,2820.0,2821.0,2780.0,2800.0,17000
2018-06-27,2469.580078125,2845.0,2845.0,2773.0,2790.0,18700
2018-06-28,2419.233642578125,2787.0,2849.0,2778.0,2835.0,15100
2018-06-29,2489.54443359375,2868.0,2875.0,2771.0,2810.0,18100
2018-07-02,2464.371826171875,2839.0,2893.0,2800.0,2893.0,23200
2018-07-03,2420.969482421875,2789.0,2840.0,2778.0,2840.0,12700
2018-07-04,2467.84375,2843.0,2849.0,2789.0,2789.0,16000
2018-07-05,2437.46240234375,2808.0,2845.0,2799.0,2845.0,7600
2018-07-06,2440.066162109375,2811.0,2832.0,2795.0,2796.0,16000
2018-07-09,2446.142822265625,2818.0,2820.0,2797.0,2801.0,8500
2018-07-10,2433.990234375,2804.0,2822.0,2804.0,2820.0,13700
2018-07-11,2415.761474609375,2783.0,2803.0,2778.0,2803.0,6800
2018-07-12,2407.080810546875,2773.0,2809.0,2772.0,2809.0,5700
2018-07-13,2418.365234375,2786.0,2791.0,2773.0,2773.0,4000
2018-07-16,2418.365234375,2786.0,2786.0,2786.0,2786.0,0
2018-07-17,2422.705322265625,2791.0,2809.0,2786.0,2800.0,7600
2018-07-18,2437.46240234375,2808.0,2814.0,2780.0,2780.0,6300
2018-07-19,2432.254150390625,2802.0,2809.0,2790.0,2792.0,3600
2018-07-20,2423.57373046875,2792.0,2805.0,2785.0,2788.0,6500
2018-07-23,2436.594482421875,2807.0,2825.0,2785.0,2785.0,15300
2018-07-24,2424.441650390625,2793.0,2814.0,2774.0,2814.0,11500
2018-07-25,2437.46240234375,2808.0,2830.0,2785.0,2825.0,13000
2018-07-26,2477.392333984375,2854.0,2863.0,2821.0,2835.0,5900
2018-07-27,2505.169677734375,2886.0,2887.0,2866.0,2880.0,4700
2018-07-30,2591.97412109375,2986.0,3000.0,2899.0,2905.0,32200
2018-07-31,2634.508056640625,3035.0,3035.0,2968.0,3025.0,19400
2018-08-01,2621.487548828125,3020.0,3030.0,2993.0,3015.0,13500
2018-08-02,2591.97412109375,2986.0,3030.0,2969.0,3030.0,12900
2018-08-03,2526.87060546875,2911.0,2985.0,2906.0,2985.0,6400
2018-08-06,2506.03759765625,2887.0,2936.0,2884.0,2908.0,5000
2018-08-07,2536.4189453125,2922.0,2933.0,2884.0,2884.0,5200
2018-08-08,2523.3984375,2907.0,2947.0,2901.0,2901.0,7100
2018-08-09,2521.662353515625,2905.0,2935.0,2902.0,2907.0,5000
2018-08-10,2479.12841796875,2856.0,2916.0,2856.0,2900.0,6700
2018-08-13,2453.087158203125,2826.0,2857.0,2817.0,2857.0,8700
2018-08-14,2468.712158203125,2844.0,2849.0,2826.0,2826.0,1700
2018-08-15,2447.87890625,2820.0,2858.0,2802.0,2834.0,4800
2018-08-16,2440.066162109375,2811.0,2820.0,2783.0,2800.0,8500
2018-08-17,2453.087158203125,2826.0,2829.0,2803.0,2803.0,5600
2018-08-20,2445.274658203125,2817.0,2820.0,2809.0,2812.0,5000
2018-08-21,2448.746826171875,2821.0,2827.0,2807.0,2807.0,4800
2018-08-22,2453.955322265625,2827.0,2832.0,2810.0,2810.0,5100
2018-08-23,2447.0107421875,2819.0,2827.0,2812.0,2812.0,3900
2018-08-24,2453.087158203125,2826.0,2830.0,2819.0,2825.0,2900
2018-08-27,2453.955322265625,2827.0,2845.0,2820.0,2840.0,5900
2018-08-28,2463.503662109375,2838.0,2854.0,2830.0,2848.0,4400
2018-08-29,2459.16357421875,2833.0,2847.0,2833.0,2845.0,3500
2018-08-30,2453.087158203125,2826.0,2847.0,2820.0,2847.0,4100
2018-08-31,2441.802734375,2813.0,2841.0,2807.0,2823.0,8500
2018-09-03,2445.274658203125,2817.0,2826.0,2794.0,2826.0,7800
2018-09-04,2430.517822265625,2800.0,2816.0,2791.0,2816.0,4700
2018-09-05,2433.990234375,2804.0,2821.0,2800.0,2801.0,5200
2018-09-06,2422.705322265625,2791.0,2805.0,2783.0,2804.0,9500
2018-09-07,2427.0458984375,2796.0,2802.0,2783.0,2784.0,5700
2018-09-10,2431.385986328125,2801.0,2805.0,2787.0,2804.0,6600
2018-09-11,2427.0458984375,2796.0,2802.0,2790.0,2801.0,5000
2018-09-12,2419.233642578125,2787.0,2798.0,2770.0,2796.0,7500
2018-09-13,2440.066162109375,2811.0,2811.0,2777.0,2777.0,3300
2018-09-14,2437.46240234375,2808.0,2841.0,2802.0,2810.0,17500
2018-09-17,2437.46240234375,2808.0,2808.0,2808.0,2808.0,0
2018-09-18,2463.503662109375,2838.0,2852.0,2802.0,2808.0,7500
2018-09-19,2482.6005859375,2860.0,2866.0,2833.0,2840.0,12400
2018-09-20,2507.773681640625,2889.0,2893.0,2870.0,2870.0,12600
2018-09-21,2574.613037109375,2966.0,2966.0,2880.0,2880.0,12200
2018-09-24,2574.613037109375,2966.0,2966.0,2966.0,2966.0,0
2018-09-25,2608.466796875,3005.0,3005.0,2927.0,2945.0,15200
2018-09-26,2625.238525390625,2974.0,2976.0,2877.0,2975.0,9200
2018-09-27,2596.9912109375,2942.0,2972.0,2920.0,2972.0,7800
2018-09-28,2615.52880859375,2963.0,2973.0,2922.0,2973.0,5700
2018-10-01,2604.052978515625,2950.0,2963.0,2942.0,2963.0,2800
2018-10-02,2600.522216796875,2946.0,2969.0,2937.0,2942.0,4600
2018-10-03,2589.92919921875,2934.0,2948.0,2903.0,2903.0,6700
2018-10-04,2576.6884765625,2919.0,2937.0,2905.0,2930.0,5600
2018-10-05,2568.74365234375,2910.0,2928.0,2889.0,2912.0,6000
2018-10-08,2568.74365234375,2910.0,2910.0,2910.0,2910.0,0
2018-10-09,2525.489990234375,2861.0,2914.0,2849.0,2860.0,7400
2018-10-10,2527.255615234375,2863.0,2899.0,2854.0,2885.0,9100
2018-10-11,2466.346923828125,2794.0,2842.0,2786.0,2830.0,13500
2018-10-12,2447.809814453125,2773.0,2806.0,2773.0,2794.0,6800
2018-10-15,2415.14892578125,2736.0,2781.0,2728.0,2780.0,14800
2018-10-16,2419.5625,2741.0,2757.0,2730.0,2730.0,3900
2018-10-17,2463.69873046875,2791.0,2810.0,2744.0,2744.0,9200
2018-10-18,2451.3408203125,2777.0,2810.0,2766.0,2791.0,7200
2018-10-19,2452.223388671875,2778.0,2800.0,2760.0,2772.0,3700
2018-10-22,2439.865234375,2764.0,2791.0,2756.0,2761.0,4600
2018-10-23,2408.969482421875,2729.0,2768.0,2724.0,2757.0,9500
2018-10-24,2454.871337890625,2781.0,2793.0,2727.0,2752.0,9700
2018-10-25,2368.3642578125,2683.0,2775.0,2680.0,2735.0,16900
2018-10-26,2341.88232421875,2653.0,2721.0,2644.0,2691.0,9900
2018-10-29,2326.875732421875,2636.0,2700.0,2636.0,2668.0,9500
2018-10-30,2414.265869140625,2735.0,2769.0,2636.0,2636.0,14100
2018-10-31,2499.890625,2832.0,2840.0,2739.0,2771.0,11800
2018-11-01,2432.803466796875,2756.0,2827.0,2748.0,2827.0,8600
2018-11-02,2428.3896484375,2751.0,2807.0,2739.0,2806.0,8200
2018-11-05,2411.617919921875,2732.0,2758.0,2732.0,2751.0,5400
2018-11-06,2296.86279296875,2602.0,2732.0,2602.0,2732.0,24000
2018-11-07,2297.74560546875,2603.0,2652.0,2593.0,2652.0,15000
2018-11-08,2280.0908203125,2583.0,2642.0,2582.0,2602.0,14000
2018-11-09,2311.869384765625,2619.0,2630.0,2601.0,2601.0,8200
2018-11-12,2312.752197265625,2620.0,2648.0,2607.0,2646.0,6700
2018-11-13,2300.393798828125,2606.0,2615.0,2575.0,2580.0,6100
2018-11-14,2318.04833984375,2626.0,2632.0,2608.0,2622.0,6900
2018-11-15,2341.88232421875,2653.0,2675.0,2608.0,2608.0,8400
2018-11-16,2328.641357421875,2638.0,2654.0,2620.0,2653.0,7100
2018-11-19,2286.270263671875,2590.0,2637.0,2580.0,2637.0,9300
2018-11-20,2287.15283203125,2591.0,2604.0,2574.0,2591.0,8400
2018-11-21,2271.263916015625,2573.0,2587.0,2572.0,2576.0,9000
2018-11-22,2288.03564453125,2592.0,2608.0,2565.0,2574.0,7300
2018-11-23,2288.03564453125,2592.0,2592.0,2592.0,2592.0,0
2018-11-26,2299.510986328125,2605.0,2620.0,2584.0,2599.0,7300
2018-11-27,2331.289306640625,2641.0,2649.0,2595.0,2649.0,5600
2018-11-28,2313.634765625,2621.0,2646.0,2603.0,2644.0,14800
2018-11-29,2336.5859375,2647.0,2657.0,2620.0,2623.0,27300
2018-11-30,2340.116455078125,2651.0,2668.0,2634.0,2668.0,4300
2018-12-03,2401.025146484375,2720.0,2721.0,2637.0,2651.0,9600
2018-12-04,2324.2275390625,2633.0,2720.0,2623.0,2719.0,7200
2018-12-05,2289.80126953125,2594.0,2632.0,2584.0,2632.0,9400
2018-12-06,2265.967529296875,2567.0,2617.0,2561.0,2583.0,11100
2018-12-07,2281.8564453125,2585.0,2595.0,2561.0,2568.0,12100
2018-12-10,2318.931396484375,2627.0,2644.0,2550.0,2635.0,18000
2018-12-11,2235.07177734375,2532.0,2568.0,2530.0,2559.0,16400
2018-12-12,2239.485595703125,2537.0,2558.0,2530.0,2536.0,8800
2018-12-13,2238.60302734375,2536.0,2546.0,2520.0,2532.0,13300
2018-12-14,2220.9482421875,2516.0,2530.0,2510.0,2510.0,11400
2018-12-17,2199.7626953125,2492.0,2525.0,2486.0,2510.0,17100
2018-12-18,2133.55810546875,2417.0,2480.0,2408.0,2480.0,15400
2018-12-19,2166.21923828125,2454.0,2456.0,2402.0,2408.0,10800
2018-12-20,2121.19970703125,2403.0,2461.0,2403.0,2422.0,11000
2018-12-21,2063.822265625,2338.0,2403.0,2292.0,2400.0,24900
2018-12-24,2063.822265625,2338.0,2338.0,2338.0,2338.0,0
2018-12-25,1898.7518310546875,2151.0,2249.0,2150.0,2188.0,31800
2018-12-26,1960.5426025390625,2221.0,2230.0,2135.0,2135.0,12700
2018-12-27,2182.990966796875,2473.0,2495.0,2313.0,2321.0,14600
2018-12-28,2163.57080078125,2451.0,2473.0,2411.0,2473.0,7400
2018-12-31,2163.57080078125,2451.0,2451.0,2451.0,2451.0,0
2019-01-04,2122.965087890625,2405.0,2439.0,2385.0,2427.0,9800
2019-01-07,2173.28076171875,2462.0,2502.0,2449.0,2449.0,8100
2019-01-08,2137.9716796875,2422.0,2466.0,2403.0,2462.0,8600
2019-01-09,2143.267578125,2428.0,2444.0,2401.0,2423.0,7900
2019-01-10,2133.55810546875,2417.0,2444.0,2401.0,2428.0,7400
2019-01-11,2138.854248046875,2423.0,2440.0,2413.0,2417.0,4800
2019-01-15,2137.9716796875,2422.0,2437.0,2380.0,2391.0,7300
2019-01-16,2094.7177734375,2373.0,2437.0,2365.0,2417.0,6600
2019-01-17,2091.186767578125,2369.0,2414.0,2352.0,2371.0,4600
2019-01-18,2098.248779296875,2377.0,2406.0,2367.0,2379.0,6100
2019-01-21,2112.372314453125,2393.0,2399.0,2377.0,2377.0,5100
2019-01-22,2094.7177734375,2373.0,2413.0,2361.0,2395.0,4700
2019-01-23,2111.489501953125,2392.0,2413.0,2363.0,2395.0,7300
2019-01-24,2094.7177734375,2373.0,2405.0,2368.0,2381.0,5300
2019-01-25,2099.13134765625,2378.0,2419.0,2366.0,2373.0,6200
2019-01-28,2084.125,2361.0,2383.0,2332.0,2380.0,6800
2019-01-29,2074.4150390625,2350.0,2357.0,2323.0,2344.0,5500
2019-01-30,2060.29150390625,2334.0,2364.0,2326.0,2359.0,8000
2019-01-31,2053.229248046875,2326.0,2350.0,2303.0,2334.0,8700
2019-02-01,2047.932861328125,2320.0,2346.0,2310.0,2332.0,7100
2019-02-04,2100.897216796875,2380.0,2388.0,2333.0,2333.0,5000
2019-02-05,2092.95263671875,2371.0,2391.0,2336.0,2336.0,3400
2019-02-06,2091.186767578125,2369.0,2377.0,2360.0,2362.0,3700
2019-02-07,2065.587890625,2340.0,2363.0,2322.0,2361.0,5200
2019-02-08,2115.0205078125,2396.0,2437.0,2379.0,2401.0,14200
2019-02-12,2167.984619140625,2456.0,2491.0,2396.0,2396.0,16300
2019-02-13,2160.922607421875,2448.0,2501.0,2417.0,2463.0,22100
2019-02-14,2170.632568359375,2459.0,2466.0,2442.0,2448.0,7600
2019-02-15,2199.7626953125,2492.0,2504.0,2421.0,2439.0,8500
2019-02-18,2245.66455078125,2544.0,2561.0,2522.0,2537.0,13300
2019-02-19,2188.287353515625,2479.0,2539.0,2471.0,2534.0,8900
2019-02-20,2194.466064453125,2486.0,2514.0,2470.0,2479.0,6200
2019-02-21,2147.681640625,2433.0,2481.0,2427.0,2478.0,13000
2019-02-22,2174.163330078125,2463.0,2473.0,2422.0,2422.0,9400
2019-02-25,2171.515625,2460.0,2466.0,2440.0,2463.0,4800
2019-02-26,2187.404541015625,2478.0,2485.0,2456.0,2456.0,4400
2019-02-27,2209.47265625,2503.0,2521.0,2480.0,2482.0,7500
2019-02-28,2228.892578125,2525.0,2556.0,2508.0,2519.0,11500
2019-03-01,2232.423583984375,2529.0,2550.0,2515.0,2515.0,5600
2019-03-04,2254.491943359375,2554.0,2566.0,2526.0,2526.0,4000
2019-03-05,2255.375,2555.0,2563.0,2535.0,2535.0,9400
2019-03-06,2210.35546875,2504.0,2558.0,2501.0,2507.0,17000
2019-03-07,2197.997314453125,2490.0,2513.0,2479.0,2490.0,12400
2019-03-08,2122.965087890625,2405.0,2442.0,2397.0,2440.0,16300
2019-03-11,2124.73095703125,2407.0,2419.0,2398.0,2410.0,6700
2019-03-12,2171.515625,2460.0,2468.0,2411.0,2411.0,4500
2019-03-13,2154.74365234375,2441.0,2478.0,2433.0,2433.0,8100
2019-03-14,2127.379150390625,2410.0,2446.0,2410.0,2424.0,7300
2019-03-15,2161.80517578125,2449.0,2457.0,2410.0,2410.0,13300
2019-03-18,2133.55810546875,2417.0,2468.0,2411.0,2464.0,7700
2019-03-19,2070.884033203125,2346.0,2423.0,2341.0,2423.0,19700
2019-03-20,2065.587890625,2340.0,2408.0,2340.0,2366.0,12800
2019-03-22,2104.427978515625,2384.0,2389.0,2324.0,2345.0,12100
2019-03-25,2067.35302734375,2342.0,2360.0,2319.0,2327.0,9700
2019-03-26,2145.916259765625,2431.0,2454.0,2341.0,2341.0,9800
2019-03-27,2179.26318359375,2418.0,2437.0,2382.0,2437.0,6000
2019-03-28,2154.9287109375,2391.0,2431.0,2374.0,2425.0,6200
2019-03-29,2213.511474609375,2456.0,2460.0,2374.0,2445.0,16000
2019-04-01,2269.3896484375,2518.0,2546.0,2461.0,2461.0,20400
2019-04-02,2238.7470703125,2484.0,2520.0,2481.0,2511.0,7000
2019-04-03,2245.956787109375,2492.0,2501.0,2479.0,2479.0,4600
2019-04-04,2235.1416015625,2480.0,2489.0,2480.0,2485.0,2500
2019-04-05,2272.093505859375,2521.0,2521.0,2473.0,2473.0,6100
2019-04-08,2233.339111328125,2478.0,2521.0,2473.0,2521.0,2300
2019-04-09,2219.81982421875,2463.0,2500.0,2440.0,2487.0,7700
2019-04-10,2218.9189453125,2462.0,2497.0,2444.0,2493.0,6400
2019-04-11,2229.73388671875,2474.0,2475.0,2430.0,2449.0,4800
2019-04-12,2222.523681640625,2466.0,2485.0,2465.0,2467.0,3200
2019-04-15,2280.205078125,2530.0,2545.0,2470.0,2470.0,10600
2019-04-16,2244.154296875,2490.0,2513.0,2478.0,2513.0,6000
2019-04-17,2273.89599609375,2523.0,2533.0,2487.0,2491.0,7700
2019-04-18,2231.53662109375,2476.0,2523.0,2444.0,2523.0,7600
2019-04-19,2240.549072265625,2486.0,2501.0,2470.0,2482.0,3800
2019-04-22,2228.832763671875,2473.0,2499.0,2436.0,2436.0,5300
2019-04-23,2255.87060546875,2503.0,2516.0,2473.0,2473.0,4200
2019-04-24,2239.64794921875,2485.0,2530.0,2485.0,2500.0,11300
2019-04-25,2272.99462890625,2522.0,2522.0,2485.0,2492.0,8100
2019-04-26,2252.265869140625,2499.0,2520.0,2487.0,2520.0,4600
2019-05-07,2247.75927734375,2494.0,2520.0,2437.0,2520.0,12500
2019-05-08,2244.154296875,2490.0,2507.0,2471.0,2494.0,11600
2019-05-09,2143.212158203125,2378.0,2472.0,2372.0,2443.0,11500
2019-05-10,2195.48583984375,2436.0,2474.0,2413.0,2416.0,15000
2019-05-13,2165.744140625,2403.0,2463.0,2401.0,2463.0,5000
2019-05-14,2175.658203125,2414.0,2423.0,2370.0,2370.0,8400
2019-05-15,2218.017333984375,2461.0,2463.0,2380.0,2425.0,7300
2019-05-16,2240.549072265625,2486.0,2511.0,2471.0,2504.0,14300
2019-05-17,2301.835205078125,2554.0,2566.0,2486.0,2486.0,16000
2019-05-20,2275.698486328125,2525.0,2553.0,2511.0,2538.0,7500
2019-05-21,2291.921630859375,2543.0,2555.0,2504.0,2518.0,7900
2019-05-22,2331.5771484375,2587.0,2593.0,2534.0,2550.0,21600
2019-05-23,2272.99462890625,2522.0,2560.0,2515.0,2553.0,6100
2019-05-24,2307.24267578125,2560.0,2570.0,2494.0,2521.0,6200
2019-05-27,2360.417724609375,2619.0,2627.0,2559.0,2576.0,8300
2019-05-28,2367.627685546875,2627.0,2646.0,2590.0,2614.0,18900
2019-05-29,2392.86328125,2655.0,2675.0,2574.0,2599.0,20500
2019-05-30,2450.5439453125,2719.0,2721.0,2643.0,2650.0,14900
2019-05-31,2447.840576171875,2716.0,2717.0,2676.0,2717.0,10500
2019-06-03,2411.78955078125,2676.0,2694.0,2651.0,2666.0,7000
2019-06-04,2478.483642578125,2750.0,2750.0,2664.0,2694.0,11100
2019-06-05,2499.212890625,2773.0,2773.0,2730.0,2760.0,14700
2019-06-06,2480.2861328125,2752.0,2776.0,2701.0,2775.0,23200
2019-06-07,2500.114013671875,2774.0,2774.0,2683.0,2750.0,7100
2019-06-10,2519.94189453125,2796.0,2813.0,2759.0,2782.0,10400
2019-06-11,2522.645751953125,2799.0,2811.0,2792.0,2794.0,6300
2019-06-12,2543.37451171875,2822.0,2829.0,2798.0,2799.0,10600
2019-06-13,2546.078369140625,2825.0,2855.0,2796.0,2839.0,9400
2019-06-14,2528.95458984375,2806.0,2872.0,2801.0,2832.0,12100
2019-06-17,2496.50927734375,2770.0,2799.0,2766.0,2799.0,7000
2019-06-18,2470.3720703125,2741.0,2781.0,2735.0,2769.0,9500
2019-06-19,2511.830322265625,2787.0,2803.0,2743.0,2749.0,12600
2019-06-20,2517.23828125,2793.0,2798.0,2761.0,2787.0,4500
2019-06-21,2560.499267578125,2841.0,2852.0,2793.0,2793.0,9800
2019-06-24,2534.36181640625,2812.0,2841.0,2812.0,2841.0,1400
2019-06-25,2482.08837890625,2754.0,2812.0,2732.0,2805.0,9000
2019-06-26,2498.3115234375,2772.0,2786.0,2732.0,2732.0,7300
2019-06-27,2494.70654296875,2768.0,2786.0,2757.0,2757.0,3600
2019-06-28,2444.235595703125,2712.0,2766.0,2712.0,2764.0,10500
2019-07-01,2520.843017578125,2797.0,2818.0,2762.0,2787.0,15000
2019-07-02,2535.263427734375,2813.0,2830.0,2803.0,2803.0,11100
2019-07-03,2559.597412109375,2840.0,2858.0,2792.0,2810.0,17500
2019-07-04,2571.31396484375,2853.0,2867.0,2847.0,2863.0,7500
2019-07-05,2583.03076171875,2866.0,2869.0,2837.0,2852.0,6600
2019-07-08,2506.4228515625,2781.0,2856.0,2761.0,2856.0,8100
2019-07-09,2546.078369140625,2825.0,2828.0,2781.0,2809.0,7200
2019-07-10,2554.18994140625,2834.0,2845.0,2808.0,2834.0,9200
2019-07-11,2574.919189453125,2857.0,2870.0,2790.0,2840.0,10300
2019-07-12,2565.906494140625,2847.0,2857.0,2837.0,2857.0,4400
2019-07-16,2580.326904296875,2863.0,2868.0,2822.0,2862.0,7100
2019-07-17,2559.597412109375,2840.0,2854.0,2825.0,2850.0,5400
2019-07-18,2482.08837890625,2754.0,2834.0,2752.0,2834.0,13000
2019-07-19,2471.2734375,2742.0,2773.0,2739.0,2755.0,7700
2019-07-22,2478.483642578125,2750.0,2768.0,2745.0,2768.0,6000
2019-07-23,2546.979736328125,2826.0,2845.0,2778.0,2779.0,9000
2019-07-24,2537.967041015625,2816.0,2843.0,2799.0,2821.0,5100
2019-07-25,2555.992431640625,2836.0,2855.0,2824.0,2824.0,7900
2019-07-26,2548.782470703125,2828.0,2846.0,2796.0,2796.0,2300
2019-07-29,2551.486328125,2831.0,2849.0,2825.0,2827.0,3200
2019-07-30,2557.794921875,2838.0,2845.0,2816.0,2818.0,6300
2019-07-31,2555.992431640625,2836.0,2836.0,2798.0,2822.0,6800
2019-08-01,2558.6962890625,2839.0,2845.0,2831.0,2831.0,3600
2019-08-02,2476.68115234375,2748.0,2820.0,2748.0,2802.0,6800
2019-08-05,2418.0986328125,2683.0,2739.0,2650.0,2739.0,8500
2019-08-06,2337.885986328125,2594.0,2644.0,2536.0,2603.0,12900
2019-08-07,2441.531494140625,2709.0,2719.0,2582.0,2582.0,8100
2019-08-08,2372.13427734375,2632.0,2670.0,2576.0,2576.0,8100
2019-08-09,2392.86328125,2655.0,2680.0,2632.0,2635.0,4200
2019-08-13,2385.6533203125,2647.0,2673.0,2573.0,2641.0,14700
2019-08-14,2410.888427734375,2675.0,2718.0,2657.0,2657.0,3300
2019-08-15,2388.35693359375,2650.0,2682.0,2625.0,2625.0,9100
2019-08-16,2419.901123046875,2685.0,2691.0,2643.0,2659.0,5400
2019-08-19,2449.643310546875,2718.0,2735.0,2685.0,2695.0,4100
2019-08-20,2508.2255859375,2783.0,2783.0,2749.0,2749.0,7000
2019-08-21,2473.97705078125,2745.0,2769.0,2738.0,2769.0,2800
2019-08-22,2459.556884765625,2729.0,2745.0,2714.0,2745.0,3300
2019-08-23,2426.210205078125,2692.0,2729.0,2692.0,2729.0,3100
2019-08-26,2315.354248046875,2569.0,2635.0,2567.0,2592.0,13900
2019-08-27,2363.121337890625,2622.0,2658.0,2589.0,2619.0,7500
2019-08-28,2398.270751953125,2661.0,2661.0,2631.0,2647.0,2400
2019-08-29,2386.554443359375,2648.0,2680.0,2648.0,2660.0,4800
2019-08-30,2459.556884765625,2729.0,2740.0,2664.0,2664.0,6800
2019-09-02,2453.248291015625,2722.0,2728.0,2716.0,2718.0,3100
2019-09-03,2428.913818359375,2695.0,2708.0,2695.0,2695.0,2000
2019-09-04,2384.751953125,2646.0,2694.0,2646.0,2694.0,3400
2019-09-05,2391.060546875,2653.0,2680.0,2596.0,2647.0,7600
2019-09-06,2370.331298828125,2630.0,2659.0,2614.0,2634.0,3500
2019-09-09,2366.7265625,2626.0,2648.0,2554.0,2643.0,4200
2019-09-10,2385.6533203125,2647.0,2649.0,2618.0,2649.0,5400
2019-09-11,2420.80224609375,2686.0,2686.0,2619.0,2620.0,8300
2019-09-12,2427.111328125,2693.0,2705.0,2662.0,2685.0,6600
2019-09-13,2503.718994140625,2778.0,2791.0,2698.0,2699.0,16000
2019-09-17,2476.68115234375,2748.0,2780.0,2745.0,2750.0,8100
2019-09-18,2468.5693359375,2739.0,2778.0,2725.0,2775.0,5300
2019-09-19,2515.435302734375,2791.0,2793.0,2744.0,2772.0,9400
2019-09-20,2497.410400390625,2771.0,2790.0,2747.0,2790.0,3500
2019-09-24,2498.3115234375,2772.0,2780.0,2757.0,2780.0,3600
2019-09-25,2505.521728515625,2780.0,2784.0,2751.0,2751.0,3200
2019-09-26,2553.288818359375,2833.0,2833.0,2786.0,2790.0,13900
2019-09-27,2523.012451171875,2750.0,2798.0,2748.0,2798.0,7500
2019-09-30,2482.64453125,2706.0,2759.0,2687.0,2759.0,5800
2019-10-01,2505.580810546875,2731.0,2754.0,2713.0,2730.0,2200
2019-10-02,2462.460205078125,2684.0,2744.0,2680.0,2730.0,7000
2019-10-03,2423.009521484375,2641.0,2682.0,2618.0,2682.0,3800
2019-10-04,2420.257080078125,2638.0,2641.0,2624.0,2641.0,3500
2019-10-07,2445.946044921875,2666.0,2666.0,2621.0,2638.0,4300
2019-10-08,2429.431884765625,2648.0,2690.0,2635.0,2679.0,7700
2019-10-09,2456.95556640625,2678.0,2678.0,2620.0,2633.0,7400
2019-10-10,2438.606201171875,2658.0,2682.0,2631.0,2679.0,4700
2019-10-11,2422.092041015625,2640.0,2651.0,2618.0,2646.0,5100
2019-10-15,2421.174560546875,2639.0,2678.0,2639.0,2668.0,7600
2019-10-16,2451.45068359375,2672.0,2675.0,2642.0,2642.0,4100
2019-10-17,2455.120361328125,2676.0,2687.0,2645.0,2645.0,6900
2019-10-18,2460.62548828125,2682.0,2685.0,2655.0,2676.0,4300
2019-10-21,2461.542724609375,2683.0,2683.0,2648.0,2648.0,5700
2019-10-23,2416.587158203125,2634.0,2677.0,2577.0,2677.0,10700
2019-10-24,2445.028076171875,2665.0,2672.0,2635.0,2660.0,8700
2019-10-25,2445.946044921875,2666.0,2673.0,2648.0,2661.0,5100
2019-10-28,2430.348876953125,2649.0,2678.0,2641.0,2678.0,4100
2019-10-29,2451.45068359375,2672.0,2697.0,2661.0,2669.0,8700
2019-10-30,2477.139404296875,2700.0,2700.0,2662.0,2662.0,18000
2019-10-31,2515.672607421875,2742.0,2742.0,2672.0,2723.0,11000
2019-11-01,2503.745849609375,2729.0,2736.0,2686.0,2735.0,5900
2019-11-05,2553.288818359375,2783.0,2785.0,2752.0,2756.0,8800
2019-11-06,2560.628173828125,2791.0,2794.0,2778.0,2783.0,4500
2019-11-07,2553.288818359375,2783.0,2795.0,2750.0,2793.0,3700
2019-11-08,2558.793212890625,2789.0,2819.0,2754.0,2796.0,7400
2019-11-11,2676.227783203125,2917.0,2920.0,2839.0,2839.0,25500
2019-11-12,2667.0537109375,2907.0,2916.0,2876.0,2876.0,5900
2019-11-13,2642.2822265625,2880.0,2907.0,2837.0,2905.0,8000
2019-11-14,2617.5107421875,2853.0,2893.0,2826.0,2893.0,8100
2019-11-15,2668.888671875,2909.0,2910.0,2821.0,2821.0,13700
2019-11-18,2665.21826171875,2905.0,2905.0,2875.0,2900.0,6400
2019-11-19,2656.961669921875,2896.0,2901.0,2875.0,2875.0,5400
2019-11-20,2653.29150390625,2892.0,2901.0,2875.0,2881.0,7100
2019-11-21,2678.980712890625,2920.0,2920.0,2859.0,2899.0,10600
2019-11-22,2663.3837890625,2903.0,2910.0,2877.0,2910.0,8300
2019-11-25,2669.805908203125,2910.0,2910.0,2880.0,2897.0,9600
2019-11-26,2667.0537109375,2907.0,2915.0,2893.0,2906.0,7800
2019-11-27,2632.190185546875,2869.0,2911.0,2866.0,2905.0,6800
2019-11-28,2640.447265625,2878.0,2878.0,2841.0,2869.0,6000
2019-11-29,2665.21826171875,2905.0,2905.0,2881.0,2900.0,5600
2019-12-02,2706.504150390625,2950.0,2958.0,2905.0,2905.0,12800
2019-12-03,2691.824951171875,2934.0,2958.0,2901.0,2948.0,4100
2019-12-04,2698.2470703125,2941.0,2957.0,2916.0,2948.0,11100
2019-12-05,2678.980712890625,2920.0,2950.0,2891.0,2950.0,5900
2019-12-06,2675.310791015625,2916.0,2939.0,2890.0,2920.0,5600
2019-12-09,2706.504150390625,2950.0,2968.0,2930.0,2930.0,4300
2019-12-10,2720.266357421875,2965.0,2966.0,2937.0,2966.0,13200
2019-12-11,2692.742431640625,2935.0,2960.0,2919.0,2960.0,5900
2019-12-12,2701.9169921875,2945.0,2945.0,2922.0,2936.0,3800
2019-12-13,2712.009033203125,2956.0,2964.0,2944.0,2960.0,13300
2019-12-16,2752.377197265625,3000.0,3000.0,2940.0,2958.0,8200
2019-12-17,2793.662841796875,3045.0,3045.0,2986.0,3000.0,8100
2019-12-18,2766.13916015625,3015.0,3050.0,2959.0,3050.0,10600
2019-12-19,2738.615234375,2985.0,3005.0,2981.0,2995.0,3900
2019-12-20,2694.5771484375,2937.0,3030.0,2937.0,3010.0,13400
2019-12-23,2714.761474609375,2959.0,2963.0,2941.0,2963.0,9000
2019-12-24,2698.2470703125,2941.0,2970.0,2928.0,2970.0,4400
2019-12-25,2676.227783203125,2917.0,2943.0,2905.0,2941.0,5200
2019-12-26,2698.2470703125,2941.0,2941.0,2910.0,2919.0,8900
2019-12-27,2756.96484375,3005.0,3005.0,2972.0,2988.0,6100
2019-12-30,2726.688232421875,2972.0,2999.0,2957.0,2999.0,2700
2020-01-06,2695.494873046875,2938.0,2943.0,2910.0,2921.0,10000
2020-01-07,2752.377197265625,3000.0,3025.0,2937.0,2937.0,7600
2020-01-08,2756.96484375,3005.0,3005.0,2937.0,2999.0,7300
2020-01-09,2752.377197265625,3000.0,3020.0,3000.0,3010.0,2200
2020-01-10,2752.377197265625,3000.0,3050.0,3000.0,3020.0,9600
2020-01-14,2752.377197265625,3000.0,3000.0,2967.0,3000.0,3700
2020-01-15,2766.13916015625,3015.0,3015.0,2982.0,2982.0,3600
2020-01-16,2752.377197265625,3000.0,3035.0,3000.0,3005.0,5800
2020-01-17,2729.4404296875,2975.0,3015.0,2951.0,2985.0,4900
2020-01-20,2701.9169921875,2945.0,3005.0,2945.0,2973.0,3700
2020-01-21,2727.605712890625,2973.0,2989.0,2943.0,2943.0,2500
2020-01-22,2761.5517578125,3010.0,3020.0,2966.0,2966.0,7200
2020-01-23,2766.13916015625,3015.0,3030.0,2965.0,2965.0,6500
2020-01-24,2766.13916015625,3015.0,3015.0,2974.0,3015.0,6100
2020-01-27,2749.624755859375,2997.0,3015.0,2980.0,3015.0,7900
2020-01-28,2743.202880859375,2990.0,3015.0,2961.0,2961.0,9000
2020-01-29,2728.5234375,2974.0,2988.0,2961.0,2971.0,4500
2020-01-30,2721.18359375,2966.0,2966.0,2924.0,2961.0,7800
2020-01-31,2732.193359375,2978.0,3020.0,2978.0,3020.0,3900
2020-02-03,2713.84423828125,2958.0,2983.0,2928.0,2928.0,2700
2020-02-04,2727.605712890625,2973.0,2978.0,2908.0,2908.0,3900
2020-02-05,2741.36767578125,2988.0,3000.0,2951.0,2951.0,3000
2020-02-06,2756.96484375,3005.0,3020.0,2979.0,3000.0,7400
2020-02-07,2731.27587890625,2977.0,3005.0,2968.0,2991.0,5000
2020-02-10,2605.583740234375,2840.0,2977.0,2840.0,2977.0,9600
2020-02-12,2612.005859375,2847.0,2868.0,2822.0,2845.0,5100
2020-02-13,2609.253662109375,2844.0,2863.0,2831.0,2861.0,4100
2020-02-14,2607.4189453125,2842.0,2852.0,2830.0,2844.0,4300
2020-02-17,2645.034423828125,2883.0,2894.0,2825.0,2825.0,5100
2020-02-18,2637.695068359375,2875.0,2887.0,2857.0,2858.0,5000
2020-02-19,2634.9423828125,2872.0,2895.0,2872.0,2875.0,3300
2020-02-20,2623.015380859375,2859.0,2896.0,2854.0,2861.0,3500
2020-02-21,2651.456787109375,2890.0,2890.0,2850.0,2856.0,4200
2020-02-25,2499.158935546875,2724.0,2797.0,2590.0,2640.0,10700
2020-02-26,2481.726806640625,2705.0,2709.0,2624.0,2624.0,10700
2020-02-27,2317.50146484375,2526.0,2735.0,2526.0,2735.0,14000
2020-02-28,2320.254150390625,2529.0,2560.0,2509.0,2520.0,18500
2020-03-02,2391.815673828125,2607.0,2632.0,2503.0,2529.0,11000
2020-03-03,2350.530029296875,2562.0,2689.0,2549.0,2607.0,17100
2020-03-04,2342.27294921875,2553.0,2597.0,2520.0,2562.0,8900
2020-03-05,2364.292236328125,2577.0,2653.0,2577.0,2653.0,8700
2020-03-06,2311.9970703125,2520.0,2580.0,2515.0,2580.0,19700
2020-03-09,2158.78125,2353.0,2522.0,2353.0,2470.0,24500
2020-03-10,2232.177978515625,2433.0,2434.0,2280.0,2350.0,16600
2020-03-11,2239.517822265625,2441.0,2579.0,2419.0,2483.0,10600
2020-03-12,2168.873291015625,2364.0,2464.0,2336.0,2416.0,17300
2020-03-13,2126.67041015625,2318.0,2361.0,2230.0,2277.0,23300
2020-03-16,2132.175048828125,2324.0,2394.0,2284.0,2296.0,12700
2020-03-17,2358.787109375,2571.0,2589.0,2270.0,2311.0,17300
2020-03-18,2317.50146484375,2526.0,2618.0,2457.0,2471.0,9600
2020-03-19,2420.257080078125,2638.0,2690.0,2561.0,2590.0,9000
2020-03-23,2415.669677734375,2633.0,2738.0,2575.0,2738.0,16700
2020-03-24,2474.38720703125,2697.0,2699.0,2607.0,2633.0,9800
2020-03-25,2470.717529296875,2693.0,2715.0,2638.0,2699.0,10000
2020-03-26,2581.72998046875,2814.0,2820.0,2638.0,2708.0,11500
2020-03-27,2674.3935546875,2915.0,2915.0,2819.0,2864.0,21400
2020-03-30,2594.114990234375,2779.0,2864.0,2700.0,2856.0,19300
2020-03-31,2534.372802734375,2715.0,2779.0,2644.0,2779.0,12300
2020-04-01,2415.822021484375,2588.0,2715.0,2588.0,2715.0,12000
2020-04-02,2335.543212890625,2502.0,2568.0,2462.0,2538.0,6000
2020-04-03,2336.47705078125,2503.0,2684.0,2423.0,2665.0,7200
2020-04-06,2469.029541015625,2645.0,2750.0,2460.0,2460.0,10700
2020-04-07,2506.36865234375,2685.0,2700.0,2539.0,2695.0,9000
2020-04-08,2591.314208984375,2776.0,2811.0,2679.0,2697.0,11200
2020-04-09,2567.0439453125,2750.0,2776.0,2695.0,2776.0,8900
2020-04-10,2553.0419921875,2735.0,2799.0,2726.0,2799.0,9600
2020-04-13,2523.171142578125,2703.0,2719.0,2657.0,2706.0,4500
2020-04-14,2550.241943359375,2732.0,2753.0,2675.0,2729.0,7200
2020-04-15,2527.83837890625,2708.0,2782.0,2708.0,2782.0,6700
2020-04-16,2595.048095703125,2780.0,2780.0,2705.0,2708.0,5300
2020-04-17,2556.77587890625,2739.0,2792.0,2720.0,2780.0,8200
2020-04-20,2573.57861328125,2757.0,2770.0,2676.0,2720.0,5800
2020-04-21,2567.0439453125,2750.0,2755.0,2681.0,2755.0,5300
2020-04-22,2491.43310546875,2669.0,2707.0,2636.0,2650.0,11000
2020-04-23,2540.9072265625,2722.0,2725.0,2667.0,2669.0,5600
2020-04-24,2610.917236328125,2797.0,2800.0,2700.0,2709.0,15800
2020-04-27,2609.98388671875,2796.0,2799.0,2742.0,2785.0,10200
2020-04-28,2628.6533203125,2816.0,2816.0,2770.0,2781.0,8800
2020-04-30,2608.1171875,2794.0,2821.0,2794.0,2820.0,8200
2020-05-01,2547.44091796875,2729.0,2752.0,2724.0,2752.0,4000
2020-05-07,2556.77587890625,2739.0,2772.0,2674.0,2772.0,4700
2020-05-08,2613.717529296875,2800.0,2839.0,2743.0,2762.0,6900
2020-05-11,2646.38916015625,2835.0,2839.0,2779.0,2779.0,9200
2020-05-12,2654.790283203125,2844.0,2844.0,2828.0,2844.0,1500
2020-05-13,2628.6533203125,2816.0,2844.0,2797.0,2844.0,2500
2020-05-14,2549.308349609375,2731.0,2814.0,2702.0,2814.0,7100
2020-05-15,2526.90478515625,2707.0,2740.0,2700.0,2731.0,2900
2020-05-18,2540.9072265625,2722.0,2727.0,2693.0,2693.0,3500
2020-05-19,2525.971435546875,2706.0,2775.0,2700.0,2772.0,4400
2020-05-20,2549.308349609375,2731.0,2731.0,2706.0,2706.0,7000
2020-05-21,2553.0419921875,2735.0,2765.0,2702.0,2702.0,3400
2020-05-22,2568.9111328125,2752.0,2797.0,2750.0,2785.0,4300
2020-05-25,2615.584716796875,2802.0,2810.0,2750.0,2802.0,6000
2020-05-26,2645.455810546875,2834.0,2834.0,2795.0,2819.0,7900
2020-05-27,2715.4658203125,2909.0,2917.0,2788.0,2834.0,15000
2020-05-28,2756.538818359375,2953.0,2953.0,2888.0,2888.0,15400
2020-05-29,2796.677978515625,2996.0,2998.0,2914.0,2944.0,12000
2020-06-01,2789.2099609375,2988.0,2997.0,2966.0,2996.0,3200
2020-06-02,2800.411865234375,3000.0,3010.0,2976.0,2988.0,8400
2020-06-03,2793.877685546875,2993.0,2999.0,2965.0,2999.0,7100
2020-06-04,2828.415771484375,3030.0,3030.0,2976.0,3005.0,9300
2020-06-05,2833.08349609375,3035.0,3035.0,3000.0,3000.0,4700
2020-06-08,2799.478271484375,2999.0,3035.0,2978.0,3035.0,5700
2020-06-09,2747.203857421875,2943.0,2999.0,2940.0,2999.0,5700
2020-06-10,2763.0732421875,2960.0,2993.0,2957.0,2993.0,3800
2020-06-11,2697.730224609375,2890.0,2949.0,2890.0,2947.0,3200
2020-06-12,2633.320556640625,2821.0,2890.0,2820.0,2890.0,6600
2020-06-15,2614.6513671875,2801.0,2891.0,2801.0,2871.0,3900
2020-06-16,2637.0546875,2825.0,2825.0,2787.0,2801.0,5600
2020-06-17,2648.256103515625,2837.0,2837.0,2756.0,2775.0,7200
2020-06-18,2628.6533203125,2816.0,2844.0,2774.0,2799.0,15300
2020-06-19,2616.51806640625,2803.0,2828.0,2780.0,2816.0,9800
2020-06-22,2605.31640625,2791.0,2877.0,2770.0,2770.0,7100
2020-06-23,2619.318603515625,2806.0,2841.0,2771.0,2771.0,5300
2020-06-24,2613.717529296875,2800.0,2836.0,2788.0,2788.0,5300
2020-06-25,2604.3828125,2790.0,2850.0,2759.0,2850.0,11300
2020-06-26,2637.988037109375,2826.0,2835.0,2797.0,2797.0,4800
2020-06-29,2725.734375,2920.0,2936.0,2881.0,2920.0,11600
2020-06-30,2661.32470703125,2851.0,2945.0,2851.0,2945.0,4300
2020-07-01,2683.72802734375,2875.0,2917.0,2854.0,2917.0,8100
2020-07-02,2623.98583984375,2811.0,2924.0,2785.0,2924.0,8200
2020-07-03,2669.72607421875,2860.0,2889.0,2799.0,2810.0,4000
2020-07-06,2687.461669921875,2879.0,2897.0,2852.0,2897.0,5000
2020-07-07,2614.6513671875,2801.0,2854.0,2801.0,2854.0,3400
2020-07-08,2567.0439453125,2750.0,2844.0,2750.0,2801.0,3200
2020-07-09,2553.975341796875,2736.0,2770.0,2704.0,2760.0,7600
2020-07-10,2469.029541015625,2645.0,2746.0,2582.0,2742.0,9700
2020-07-13,2553.0419921875,2735.0,2757.0,2674.0,2677.0,4500
2020-07-14,2572.64501953125,2756.0,2785.0,2726.0,2785.0,4400
2020-07-15,2601.582763671875,2787.0,2787.0,2695.0,2735.0,6800
2020-07-16,2546.507568359375,2728.0,2784.0,2716.0,2774.0,4900
2020-07-17,2550.241943359375,2732.0,2778.0,2726.0,2728.0,2300
2020-07-20,2544.640869140625,2726.0,2749.0,2720.0,2749.0,2000
2020-07-21,2568.9111328125,2752.0,2756.0,2697.0,2723.0,7300
2020-07-22,2504.501708984375,2683.0,2747.0,2673.0,2733.0,5200
2020-07-27,2552.108642578125,2734.0,2734.0,2686.0,2729.0,4300
2020-07-28,2529.70556640625,2710.0,2720.0,2688.0,2720.0,4000
2020-07-29,2480.231201171875,2657.0,2692.0,2646.0,2687.0,4300
2020-07-30,2669.72607421875,2860.0,2879.0,2657.0,2669.0,5300
2020-07-31,2482.0986328125,2659.0,2777.0,2650.0,2774.0,13500
2020-08-03,2529.70556640625,2710.0,2719.0,2655.0,2662.0,6100
2020-08-04,2518.503662109375,2698.0,2729.0,2652.0,2718.0,7800
2020-08-05,2493.300048828125,2671.0,2690.0,2652.0,2660.0,3700
2020-08-06,2503.568359375,2682.0,2682.0,2657.0,2671.0,3600
2020-08-07,2533.439208984375,2714.0,2714.0,2659.0,2664.0,4000
2020-08-11,2503.568359375,2682.0,2729.0,2652.0,2729.0,9900
2020-08-12,2520.370849609375,2700.0,2716.0,2661.0,2661.0,6300
2020-08-13,2534.372802734375,2715.0,2740.0,2671.0,2671.0,12000
2020-08-14,2511.0361328125,2690.0,2749.0,2677.0,2749.0,3700
2020-08-17,2508.2353515625,2687.0,2708.0,2666.0,2666.0,3500
2020-08-18,2474.630859375,2651.0,2679.0,2651.0,2655.0,5700
2020-08-19,2491.43310546875,2669.0,2669.0,2651.0,2651.0,3500
2020-08-20,2447.559814453125,2622.0,2661.0,2611.0,2652.0,10300
2020-08-21,2457.827880859375,2633.0,2636.0,2601.0,2601.0,4300
2020-08-24,2441.958984375,2616.0,2641.0,2589.0,2634.0,9100
2020-08-25,2417.68896484375,2590.0,2607.0,2580.0,2581.0,5600
2020-08-26,2413.021240234375,2585.0,2590.0,2560.0,2590.0,5500
2020-08-27,2398.0859375,2569.0,2569.0,2548.0,2560.0,10100
2020-08-28,2451.293701171875,2626.0,2680.0,2570.0,2570.0,11600
2020-08-31,2451.293701171875,2626.0,2726.0,2621.0,2726.0,8100
2020-09-01,2395.28564453125,2566.0,2676.0,2564.0,2676.0,6600
2020-09-02,2440.09228515625,2614.0,2618.0,2583.0,2585.0,2900
2020-09-03,2431.69091796875,2605.0,2645.0,2605.0,2614.0,1700
2020-09-04,2414.888671875,2587.0,2610.0,2571.0,2571.0,4100
2020-09-07,2411.154541015625,2583.0,2614.0,2570.0,2570.0,6000
2020-09-08,2421.422607421875,2594.0,2596.0,2565.0,2596.0,5600
2020-09-09,2420.489013671875,2593.0,2616.0,2576.0,2616.0,7500
2020-09-10,2417.68896484375,2590.0,2620.0,2570.0,2620.0,9100
2020-09-11,2418.622314453125,2591.0,2599.0,2565.0,2565.0,8800
2020-09-14,2475.564208984375,2652.0,2652.0,2616.0,2641.0,4500
2020-09-15,2469.029541015625,2645.0,2658.0,2636.0,2658.0,1600
2020-09-16,2518.503662109375,2698.0,2738.0,2640.0,2668.0,5600
2020-09-17,2567.9775390625,2751.0,2751.0,2676.0,2741.0,2200
2020-09-18,2515.703369140625,2695.0,2813.0,2667.0,2763.0,13500
2020-09-23,2497.96728515625,2676.0,2691.0,2648.0,2648.0,3900
2020-09-24,2460.628662109375,2636.0,2720.0,2636.0,2720.0,4000
2020-09-25,2468.096435546875,2644.0,2680.0,2638.0,2680.0,5800
2020-09-28,2603.449462890625,2789.0,2789.0,2721.0,2744.0,12700
2020-09-29,2666.183349609375,2805.0,2825.0,2749.0,2752.0,9600
2020-09-30,2509.348876953125,2640.0,2772.0,2626.0,2759.0,9800
2020-10-02,2433.30810546875,2560.0,2660.0,2560.0,2640.0,5800
2020-10-05,2466.576171875,2595.0,2603.0,2517.0,2517.0,4300
2020-10-06,2446.615234375,2574.0,2576.0,2551.0,2551.0,2600
2020-10-07,2457.07080078125,2585.0,2585.0,2565.0,2579.0,3600
2020-10-08,2475.130615234375,2604.0,2611.0,2571.0,2572.0,3800
2020-10-09,2464.6748046875,2593.0,2617.0,2571.0,2617.0,4300
2020-10-12,2447.56591796875,2575.0,2616.0,2571.0,2599.0,3400
2020-10-13,2438.060791015625,2565.0,2592.0,2561.0,2561.0,1300
2020-10-14,2455.169921875,2583.0,2583.0,2562.0,2581.0,3100
2020-10-15,2433.30810546875,2560.0,2586.0,2560.0,2568.0,3200
2020-10-16,2452.318359375,2580.0,2580.0,2569.0,2576.0,2900
2020-10-19,2462.77392578125,2591.0,2600.0,2571.0,2571.0,2300
2020-10-20,2423.802978515625,2550.0,2606.0,2550.0,2606.0,2100
2020-10-21,2434.258544921875,2561.0,2567.0,2550.0,2550.0,2600
2020-10-22,2439.01123046875,2566.0,2571.0,2540.0,2567.0,4300
2020-10-23,2403.84228515625,2529.0,2565.0,2529.0,2546.0,5300
2020-10-26,2380.079345703125,2504.0,2537.0,2495.0,2529.0,2700
2020-10-27,2466.576171875,2595.0,2595.0,2501.0,2504.0,5600
2020-10-28,2383.881591796875,2508.0,2575.0,2502.0,2575.0,3400
2020-10-29,2357.26708984375,2480.0,2508.0,2457.0,2508.0,4300
2020-10-30,2331.603515625,2453.0,2519.0,2452.0,2519.0,6200
2020-11-02,2357.26708984375,2480.0,2521.0,2464.0,2470.0,4500
2020-11-04,2366.772216796875,2490.0,2509.0,2457.0,2457.0,3200
2020-11-05,2393.38671875,2518.0,2518.0,2452.0,2452.0,3900
2020-11-06,2430.45654296875,2557.0,2557.0,2480.0,2501.0,5900
2020-11-09,2441.86279296875,2569.0,2569.0,2512.0,2560.0,5400
2020-11-10,2661.4306640625,2800.0,2806.0,2729.0,2798.0,18700
2020-11-11,2699.451171875,2840.0,2840.0,2742.0,2789.0,17600
2020-11-12,2696.599609375,2837.0,2850.0,2804.0,2850.0,8700
2020-11-13,2660.480224609375,2799.0,2837.0,2755.0,2837.0,8900
2020-11-16,2775.4921875,2920.0,2925.0,2758.0,2841.0,17900
2020-11-17,2775.4921875,2920.0,2925.0,2880.0,2925.0,16700
2020-11-18,2771.68994140625,2916.0,2937.0,2872.0,2920.0,9900
2020-11-19,2791.65087890625,2937.0,2951.0,2915.0,2916.0,8000
2020-11-20,2775.4921875,2920.0,2937.0,2903.0,2937.0,7000
2020-11-24,2836.32470703125,2984.0,3000.0,2934.0,2971.0,14400
2020-11-25,2803.056884765625,2949.0,3020.0,2935.0,2984.0,14200
2020-11-26,2865.79052734375,3015.0,3015.0,2949.0,2949.0,4300
2020-11-27,2861.0380859375,3010.0,3045.0,3010.0,3030.0,14900
2020-11-30,2773.5908203125,2918.0,3000.0,2914.0,3000.0,13900
2020-12-01,2845.829833984375,2994.0,3020.0,2945.0,2945.0,21800
2020-12-02,2884.80078125,3035.0,3035.0,2972.0,2996.0,14300
2020-12-03,2884.80078125,3035.0,3050.0,2991.0,2991.0,11500
2020-12-04,2946.583984375,3100.0,3120.0,3040.0,3040.0,17000
2020-12-07,2903.81103515625,3055.0,3085.0,3030.0,3080.0,12700
2020-12-08,2937.078857421875,3090.0,3130.0,3055.0,3055.0,12700
2020-12-09,2994.109619140625,3150.0,3150.0,3050.0,3135.0,14900
2020-12-10,2918.068603515625,3070.0,3150.0,3070.0,3150.0,10100
2020-12-11,2884.80078125,3035.0,3230.0,3015.0,3070.0,29700
2020-12-14,2922.821044921875,3075.0,3145.0,3035.0,3035.0,9400
2020-12-15,3027.37744140625,3185.0,3185.0,3045.0,3045.0,15800
2020-12-16,2941.83154296875,3095.0,3175.0,3095.0,3160.0,11700
2020-12-17,2998.862060546875,3155.0,3160.0,3045.0,3075.0,9000
2020-12-18,2998.862060546875,3155.0,3165.0,3090.0,3120.0,8800
2020-12-21,2965.59423828125,3120.0,3135.0,3055.0,3085.0,8800
2020-12-22,2870.543212890625,3020.0,3080.0,3015.0,3080.0,13500
2020-12-23,2894.3056640625,3045.0,3050.0,2981.0,2998.0,7000
2020-12-24,2799.2548828125,2945.0,3055.0,2901.0,3025.0,8800
2020-12-25,2790.700439453125,2936.0,2946.0,2913.0,2917.0,5500
2020-12-28,2746.0263671875,2889.0,2924.0,2822.0,2886.0,9800
2020-12-29,2823.017578125,2970.0,2985.0,2851.0,2857.0,6800
2020-12-30,2752.679931640625,2896.0,2990.0,2895.0,2990.0,11200
2021-01-04,2824.918701171875,2972.0,3000.0,2915.0,2930.0,11200
2021-01-05,2875.295654296875,3025.0,3040.0,2925.0,2925.0,13900
2021-01-06,2932.326171875,3085.0,3095.0,3025.0,3055.0,6200
2021-01-07,3013.119873046875,3170.0,3170.0,3090.0,3090.0,15700
2021-01-08,3070.150634765625,3230.0,3230.0,3110.0,3135.0,23600
2021-01-12,3089.16064453125,3250.0,3280.0,3200.0,3220.0,20100
2021-01-13,3141.438720703125,3305.0,3310.0,3220.0,3225.0,21300
2021-01-14,3207.974365234375,3375.0,3385.0,3270.0,3275.0,32800
2021-01-15,3260.252685546875,3430.0,3470.0,3340.0,3385.0,39400
2021-01-18,3193.716796875,3360.0,3415.0,3295.0,3385.0,39700
2021-01-19,3231.7373046875,3400.0,3425.0,3310.0,3310.0,21200
2021-01-20,3245.994873046875,3415.0,3465.0,3365.0,3365.0,21900
2021-01-21,3350.551025390625,3525.0,3535.0,3390.0,3390.0,27400
2021-01-22,3388.571533203125,3565.0,3625.0,3495.0,3495.0,36000
2021-01-25,3388.571533203125,3565.0,3610.0,3530.0,3545.0,17200
2021-01-26,3226.98486328125,3395.0,3545.0,3370.0,3510.0,32700
2021-01-27,3298.273193359375,3470.0,3485.0,3415.0,3420.0,12700
2021-01-28,3426.592041015625,3605.0,3640.0,3405.0,3405.0,38100
2021-01-29,3393.32421875,3570.0,3630.0,3505.0,3615.0,24800
2021-02-01,3402.829345703125,3580.0,3590.0,3515.0,3560.0,11600
2021-02-02,3360.05615234375,3535.0,3570.0,3520.0,3550.0,16800
2021-02-03,3379.06640625,3555.0,3570.0,3475.0,3530.0,18400
2021-02-04,3445.602294921875,3625.0,3670.0,3550.0,3550.0,33400
2021-02-05,3407.581787109375,3585.0,3635.0,3520.0,3625.0,13400
2021-02-08,3493.1279296875,3675.0,3715.0,3585.0,3585.0,41900
2021-02-09,3388.571533203125,3565.0,3660.0,3550.0,3660.0,23900
2021-02-10,3279.2626953125,3450.0,3520.0,3435.0,3520.0,13400
2021-02-12,3198.469482421875,3365.0,3450.0,3345.0,3415.0,18200
2021-02-15,3188.964111328125,3355.0,3375.0,3290.0,3345.0,10200
2021-02-16,3188.964111328125,3355.0,3390.0,3320.0,3320.0,7800
2021-02-17,3127.18115234375,3290.0,3385.0,3275.0,3335.0,8400
2021-02-18,2989.35693359375,3145.0,3285.0,3115.0,3270.0,19300
2021-02-19,2979.851806640625,3135.0,3170.0,3075.0,3100.0,11200
2021-02-22,2946.583984375,3100.0,3170.0,3065.0,3120.0,10600
2021-02-24,2851.532958984375,3000.0,3095.0,2981.0,3065.0,17100
2021-02-25,2994.109619140625,3150.0,3155.0,2998.0,2998.0,14600
2021-02-26,2865.79052734375,3015.0,3090.0,2990.0,3080.0,12900
2021-03-01,2865.79052734375,3015.0,3050.0,2969.0,3015.0,18200
2021-03-02,2865.79052734375,3015.0,3070.0,2949.0,3065.0,17700
2021-03-03,2830.62158203125,2978.0,2980.0,2923.0,2945.0,18700
2021-03-04,2823.968017578125,2971.0,2978.0,2906.0,2978.0,11500
2021-03-05,2782.1455078125,2927.0,2935.0,2883.0,2911.0,18900
2021-03-08,2777.393310546875,2922.0,2977.0,2907.0,2943.0,11300
2021-03-09,2805.90869140625,2952.0,2962.0,2914.0,2950.0,16200
2021-03-10,2889.553466796875,3040.0,3060.0,2922.0,2966.0,15900
2021-03-11,2937.078857421875,3090.0,3120.0,3005.0,3005.0,15300
2021-03-12,2922.821044921875,3075.0,3115.0,3030.0,3090.0,13600
2021-03-15,2989.35693359375,3145.0,3160.0,3090.0,3105.0,10200
2021-03-16,3008.366943359375,3165.0,3190.0,3135.0,3175.0,8800
2021-03-17,3013.119873046875,3170.0,3170.0,3125.0,3165.0,8500
2021-03-18,3036.88232421875,3195.0,3220.0,3165.0,3200.0,13700
2021-03-19,3108.1708984375,3270.0,3285.0,3210.0,3215.0,21100
2021-03-22,3046.3876953125,3205.0,3230.0,3160.0,3230.0,11200
2021-03-23,2984.6044921875,3140.0,3240.0,3120.0,3150.0,14500
2021-03-24,2965.59423828125,3120.0,3185.0,3105.0,3125.0,5900
2021-03-25,3008.366943359375,3165.0,3215.0,3120.0,3180.0,8100
2021-03-26,3022.624755859375,3180.0,3200.0,3130.0,3165.0,8500
2021-03-29,3046.3876953125,3205.0,3250.0,3135.0,3250.0,21300
2021-03-30,2983.625244140625,3090.0,3190.0,3060.0,3190.0,20000
2021-03-31,2882.239990234375,2985.0,3115.0,2985.0,3095.0,12200
2021-04-01,2916.03515625,3020.0,3070.0,2910.0,3035.0,9200
2021-04-02,2964.313720703125,3070.0,3090.0,3020.0,3020.0,4100
2021-04-05,2954.657958984375,3060.0,3070.0,2994.0,3070.0,3100
2021-04-06,2911.207275390625,3015.0,3070.0,2992.0,3035.0,7300
2021-04-07,2964.313720703125,3070.0,3070.0,2971.0,2971.0,3800
2021-04-08,2861.962890625,2964.0,3040.0,2931.0,3030.0,10400
2021-04-09,2792.441650390625,2892.0,2977.0,2892.0,2970.0,9700
2021-04-12,2814.64990234375,2915.0,2942.0,2885.0,2942.0,7100
2021-04-13,2840.72021484375,2942.0,2998.0,2887.0,2915.0,8700
2021-04-14,2826.236572265625,2927.0,2950.0,2879.0,2942.0,5800
2021-04-15,2839.754638671875,2941.0,2948.0,2931.0,2947.0,2000
2021-04-16,2834.927001953125,2936.0,2945.0,2928.0,2943.0,1800
2021-04-19,2882.239990234375,2985.0,2986.0,2936.0,2936.0,2200
2021-04-20,2809.82177734375,2910.0,2991.0,2910.0,2969.0,8900
2021-04-21,2796.303955078125,2896.0,2919.0,2862.0,2913.0,5600
2021-04-22,2784.717041015625,2884.0,2919.0,2850.0,2865.0,9900
2021-04-23,2785.6826171875,2885.0,2901.0,2875.0,2889.0,4000
2021-04-26,2740.300537109375,2838.0,2890.0,2832.0,2890.0,6300
2021-04-27,2681.400634765625,2777.0,2900.0,2761.0,2887.0,17200
2021-04-28,2664.985595703125,2760.0,2797.0,2712.0,2771.0,18100
2021-04-30,2607.05126953125,2700.0,2817.0,2700.0,2785.0,11700
2021-05-06,2631.190673828125,2725.0,2763.0,2700.0,2700.0,9900
2021-05-07,2664.985595703125,2760.0,2761.0,2717.0,2728.0,3800
2021-05-10,2683.331787109375,2779.0,2829.0,2729.0,2788.0,10500
2021-05-11,2625.397216796875,2719.0,2780.0,2719.0,2779.0,7600
2021-05-12,2642.77734375,2737.0,2758.0,2680.0,2707.0,12900
2021-05-13,2559.73828125,2651.0,2755.0,2651.0,2755.0,10500
2021-05-14,2626.362548828125,2720.0,2849.0,2666.0,2701.0,11000
2021-05-17,2764.439697265625,2863.0,2889.0,2757.0,2770.0,10100
2021-05-18,2730.644775390625,2828.0,2870.0,2810.0,2813.0,6600
2021-05-19,2718.09228515625,2815.0,2834.0,2783.0,2828.0,7200
2021-05-20,2694.91845703125,2791.0,2859.0,2791.0,2832.0,10100
2021-05-21,2671.74462890625,2767.0,2821.0,2767.0,2795.0,5500
2021-05-24,2723.8857421875,2821.0,2834.0,2766.0,2817.0,6300
2021-05-25,2623.466064453125,2717.0,2840.0,2704.0,2821.0,10000
2021-05-26,2635.052734375,2729.0,2729.0,2694.0,2713.0,6900
2021-05-27,2646.639892578125,2741.0,2756.0,2733.0,2745.0,3300
2021-05-28,2688.159423828125,2784.0,2790.0,2738.0,2748.0,7300
2021-05-31,2709.402099609375,2806.0,2834.0,2746.0,2834.0,9700
2021-06-01,2673.676025390625,2769.0,2798.0,2752.0,2798.0,4100
2021-06-02,2640.84619140625,2735.0,2778.0,2735.0,2748.0,4600
2021-06-03,2636.0185546875,2730.0,2744.0,2700.0,2700.0,5100
2021-06-04,2638.915283203125,2733.0,2784.0,2727.0,2730.0,7100
2021-06-07,2596.429931640625,2689.0,2723.0,2687.0,2719.0,8100
2021-06-08,2656.29541015625,2751.0,2752.0,2689.0,2690.0,7600
2021-06-09,2654.364501953125,2749.0,2768.0,2739.0,2751.0,3300
2021-06-10,2639.880859375,2734.0,2781.0,2716.0,2781.0,8900
2021-06-11,2600.292236328125,2693.0,2726.0,2691.0,2711.0,10300
2021-06-14,2595.46435546875,2688.0,2712.0,2688.0,2690.0,4000
2021-06-15,2593.533203125,2686.0,2721.0,2671.0,2688.0,9000
2021-06-16,2574.221923828125,2666.0,2685.0,2660.0,2674.0,8900
2021-06-17,2602.223388671875,2695.0,2723.0,2665.0,2666.0,9900
2021-06-18,2571.324951171875,2663.0,2695.0,2663.0,2695.0,3800
2021-06-21,2533.66748046875,2624.0,2665.0,2616.0,2650.0,15700
2021-06-22,2616.70703125,2710.0,2710.0,2640.0,2654.0,9000
2021-06-23,2603.18896484375,2696.0,2710.0,2662.0,2710.0,6600
2021-06-24,2596.429931640625,2689.0,2699.0,2659.0,2696.0,2700
2021-06-25,2637.94970703125,2732.0,2738.0,2689.0,2689.0,5900
2021-06-28,2627.328125,2721.0,2782.0,2704.0,2782.0,8100
2021-06-29,2617.672607421875,2711.0,2721.0,2672.0,2721.0,7200
2021-06-30,2558.7724609375,2650.0,2711.0,2650.0,2711.0,14100
2021-07-01,2617.672607421875,2711.0,2731.0,2677.0,2700.0,14300
2021-07-02,2641.811767578125,2736.0,2753.0,2713.0,2737.0,8100
2021-07-05,2641.811767578125,2736.0,2764.0,2723.0,2764.0,5900
2021-07-06,2646.639892578125,2741.0,2767.0,2725.0,2740.0,4400
2021-07-07,2608.016845703125,2701.0,2728.0,2661.0,2728.0,11700
2021-07-08,2558.7724609375,2650.0,2693.0,2648.0,2693.0,16900
2021-07-09,2610.91357421875,2704.0,2708.0,2622.0,2630.0,20600
2021-07-12,2645.67431640625,2740.0,2780.0,2715.0,2780.0,13400
2021-07-13,2689.125244140625,2785.0,2785.0,2738.0,2775.0,6000
2021-07-14,2657.260986328125,2752.0,2769.0,2738.0,2743.0,5100
2021-07-15,2638.915283203125,2733.0,2768.0,2726.0,2768.0,5500
2021-07-16,2621.534912109375,2715.0,2749.0,2706.0,2733.0,2200
2021-07-19,2558.7724609375,2650.0,2682.0,2643.0,2680.0,10100
2021-07-20,2546.22021484375,2637.0,2659.0,2620.0,2640.0,13600
2021-07-21,2549.11669921875,2640.0,2668.0,2631.0,2650.0,4900
2021-07-26,2578.083984375,2670.0,2690.0,2656.0,2690.0,4300
2021-07-27,2636.0185546875,2730.0,2732.0,2696.0,2720.0,7000
2021-07-28,2581.946533203125,2674.0,2739.0,2674.0,2720.0,3300
2021-07-29,2590.636474609375,2683.0,2683.0,2667.0,2674.0,6700
2021-07-30,2541.39208984375,2632.0,2692.0,2630.0,2690.0,11700
2021-08-02,2641.811767578125,2736.0,2755.0,2649.0,2649.0,10400
2021-08-03,2545.254638671875,2636.0,2718.0,2636.0,2710.0,6200
2021-08-04,2546.22021484375,2637.0,2679.0,2630.0,2679.0,5500
2021-08-05,2540.426513671875,2631.0,2650.0,2620.0,2637.0,7800
2021-08-06,2578.083984375,2670.0,2670.0,2622.0,2622.0,3300
2021-08-10,2553.944580078125,2645.0,2720.0,2637.0,2720.0,5200
2021-08-11,2558.7724609375,2650.0,2675.0,2636.0,2647.0,4000
2021-08-12,2540.426513671875,2631.0,2650.0,2630.0,2633.0,2300
2021-08-13,2559.73828125,2651.0,2662.0,2630.0,2630.0,2500
2021-08-16,2555.875732421875,2647.0,2647.0,2620.0,2629.0,8000
2021-08-17,2525.94287109375,2616.0,2639.0,2616.0,2639.0,2400
2021-08-18,2524.977294921875,2615.0,2632.0,2615.0,2616.0,34100
2021-08-19,2511.459228515625,2601.0,2623.0,2601.0,2614.0,34600
2021-08-20,2510.49365234375,2600.0,2617.0,2600.0,2617.0,15600
2021-08-23,2526.908447265625,2617.0,2637.0,2608.0,2637.0,4700
2021-08-24,2541.39208984375,2632.0,2694.0,2600.0,2600.0,7300
2021-08-25,2520.1494140625,2610.0,2670.0,2600.0,2624.0,5400
2021-08-26,2524.011962890625,2614.0,2637.0,2601.0,2629.0,4600
2021-08-27,2537.530029296875,2628.0,2628.0,2602.0,2627.0,4500
2021-08-30,2552.979248046875,2644.0,2644.0,2614.0,2637.0,2400
2021-08-31,2541.39208984375,2632.0,2646.0,2613.0,2613.0,5000
2021-09-01,2529.805419921875,2620.0,2645.0,2613.0,2645.0,3400
2021-09-02,2534.633056640625,2625.0,2646.0,2619.0,2619.0,4600
2021-09-03,2578.083984375,2670.0,2723.0,2624.0,2625.0,14100
2021-09-06,2563.600341796875,2655.0,2688.0,2640.0,2667.0,5500
2021-09-07,2603.18896484375,2696.0,2704.0,2643.0,2650.0,8900
2021-09-08,2650.501953125,2745.0,2745.0,2702.0,2703.0,7400
2021-09-09,2668.84814453125,2764.0,2771.0,2719.0,2719.0,7800
2021-09-10,2715.195556640625,2812.0,2817.0,2763.0,2789.0,16300
2021-09-13,2691.056396484375,2787.0,2792.0,2732.0,2792.0,8500
2021-09-14,2732.575927734375,2830.0,2830.0,2759.0,2787.0,16000
2021-09-15,2669.8134765625,2765.0,2780.0,2721.0,2780.0,7000
2021-09-16,2692.9873046875,2789.0,2789.0,2732.0,2739.0,7800
2021-09-17,2722.920166015625,2820.0,2820.0,2737.0,2772.0,17400
2021-09-21,2686.228271484375,2782.0,2800.0,2731.0,2748.0,11200
2021-09-22,2620.5693359375,2714.0,2786.0,2714.0,2762.0,9400
2021-09-24,2713.2646484375,2810.0,2810.0,2731.0,2731.0,9500
2021-09-27,2692.9873046875,2789.0,2827.0,2742.0,2827.0,8600
2021-09-28,2732.575927734375,2830.0,2850.0,2717.0,2789.0,17300
2021-09-29,2642.145263671875,2688.0,2765.0,2676.0,2730.0,15200
2021-09-30,2578.254150390625,2623.0,2735.0,2623.0,2735.0,12300
2021-10-01,2567.44189453125,2612.0,2644.0,2612.0,2623.0,9200
2021-10-04,2582.18603515625,2627.0,2662.0,2619.0,2662.0,4700
2021-10-05,2551.71484375,2596.0,2617.0,2590.0,2615.0,10300
2021-10-06,2564.492919921875,2609.0,2632.0,2590.0,2601.0,12800
2021-10-07,2547.782958984375,2592.0,2637.0,2581.0,2627.0,8700
2021-10-08,2625.435302734375,2671.0,2671.0,2601.0,2601.0,6100
2021-10-11,2623.469482421875,2669.0,2695.0,2654.0,2695.0,4900
2021-10-12,2571.37353515625,2616.0,2684.0,2613.0,2670.0,5300
2021-10-13,2592.998291015625,2638.0,2652.0,2602.0,2616.0,10300
2021-10-14,2607.742431640625,2653.0,2653.0,2602.0,2653.0,6000
2021-10-15,2594.964111328125,2640.0,2706.0,2615.0,2678.0,15400
2021-10-18,2634.28173828125,2680.0,2682.0,2640.0,2640.0,5600
2021-10-19,2624.452392578125,2670.0,2684.0,2663.0,2670.0,4200
2021-10-20,2592.998291015625,2638.0,2662.0,2636.0,2654.0,1600
2021-10-21,2564.492919921875,2609.0,2626.0,2609.0,2626.0,2100
2021-10-22,2571.37353515625,2616.0,2625.0,2609.0,2610.0,2100
2021-10-25,2567.44189453125,2612.0,2635.0,2611.0,2611.0,2600
2021-10-26,2571.37353515625,2616.0,2636.0,2616.0,2618.0,1600
2021-10-27,2572.3564453125,2617.0,2639.0,2610.0,2634.0,4400
2021-10-28,2590.049560546875,2635.0,2641.0,2617.0,2617.0,5300
2021-10-29,2567.44189453125,2612.0,2649.0,2595.0,2624.0,7500
2021-11-01,2638.213623046875,2684.0,2684.0,2633.0,2660.0,5700
2021-11-02,2594.964111328125,2640.0,2657.0,2628.0,2651.0,4900
2021-11-04,2619.53759765625,2665.0,2665.0,2630.0,2633.0,5200
2021-11-05,2579.237060546875,2624.0,2642.0,2624.0,2640.0,1200
2021-11-08,2575.305419921875,2620.0,2641.0,2601.0,2624.0,3500
2021-11-09,2730.610107421875,2778.0,2792.0,2688.0,2792.0,24300
2021-11-10,2693.25830078125,2740.0,2790.0,2698.0,2787.0,10300
2021-11-11,2699.156005859375,2746.0,2784.0,2728.0,2750.0,10000
2021-11-12,2720.780517578125,2768.0,2790.0,2732.0,2766.0,9300
2021-11-15,2693.25830078125,2740.0,2800.0,2710.0,2768.0,16100
2021-11-16,2755.18359375,2803.0,2810.0,2740.0,2790.0,20800
2021-11-17,2708.00244140625,2755.0,2802.0,2748.0,2802.0,17900
2021-11-18,2719.797607421875,2767.0,2799.0,2745.0,2794.0,19800
2021-11-19,2718.814697265625,2766.0,2769.0,2732.0,2767.0,13500
2021-11-22,2717.831787109375,2765.0,2777.0,2721.0,2766.0,10400
2021-11-24,2707.01953125,2754.0,2785.0,2754.0,2772.0,12500
2021-11-25,2718.814697265625,2766.0,2768.0,2750.0,2754.0,3700
2021-11-26,2708.00244140625,2755.0,2783.0,2747.0,2774.0,18900
2021-11-29,2687.360595703125,2734.0,2768.0,2710.0,2755.0,26500
2021-11-30,2713.89990234375,2761.0,2812.0,2749.0,2797.0,34600
2021-12-01,2750.268798828125,2798.0,2810.0,2728.0,2761.0,24500
2021-12-02,2722.74658203125,2770.0,2810.0,2758.0,2798.0,24300
2021-12-03,2791.55224609375,2840.0,2843.0,2743.0,2769.0,27900
2021-12-06,2806.29638671875,2855.0,2870.0,2814.0,2863.0,31800
2021-12-07,2917.368896484375,2968.0,2968.0,2872.0,2880.0,35900
2021-12-08,2925.232421875,2976.0,2989.0,2937.0,2978.0,29000
2021-12-09,2988.140625,3040.0,3040.0,2957.0,3000.0,32400
2021-12-10,2933.095947265625,2984.0,3105.0,2968.0,3040.0,35300
2021-12-13,2978.31103515625,3030.0,3040.0,2984.0,2984.0,17900
2021-12-14,2978.31103515625,3030.0,3040.0,2982.0,3030.0,30800
2021-12-15,3061.861083984375,3115.0,3140.0,3030.0,3035.0,35100
2021-12-16,3056.946533203125,3110.0,3125.0,3060.0,3115.0,28200
2021-12-17,3091.349365234375,3145.0,3175.0,3095.0,3100.0,39800
2021-12-20,3071.6904296875,3125.0,3175.0,3110.0,3145.0,42400
2021-12-21,3160.1552734375,3215.0,3235.0,3130.0,3130.0,47500
2021-12-22,3125.752197265625,3180.0,3265.0,3180.0,3215.0,44700
2021-12-23,2953.737548828125,3005.0,3170.0,3005.0,3160.0,22500
2021-12-24,2844.631103515625,2894.0,2990.0,2854.0,2956.0,38100
2021-12-27,2786.6376953125,2835.0,2888.0,2824.0,2888.0,23100
2021-12-28,2783.688720703125,2832.0,2859.0,2801.0,2835.0,24700
2021-12-29,2818.091796875,2867.0,2882.0,2823.0,2882.0,40200
2021-12-30,2816.1259765625,2865.0,2867.0,2827.0,2845.0,9600
2022-01-04,2874.119384765625,2924.0,2934.0,2815.0,2815.0,14100
2022-01-05,2795.484130859375,2844.0,2924.0,2838.0,2924.0,10800
2022-01-06,2799.415771484375,2848.0,2887.0,2822.0,2844.0,14000
2022-01-07,2799.415771484375,2848.0,2874.0,2820.0,2858.0,12600
2022-01-11,2809.245361328125,2858.0,2898.0,2825.0,2898.0,16600
2022-01-12,2788.603515625,2837.0,2864.0,2828.0,2843.0,13200
2022-01-13,2767.961669921875,2816.0,2867.0,2811.0,2849.0,7800
2022-01-14,2720.780517578125,2768.0,2816.0,2743.0,2816.0,18600
2022-01-17,2705.053466796875,2752.0,2800.0,2750.0,2750.0,9200
2022-01-18,2672.616455078125,2719.0,2771.0,2710.0,2759.0,8000
2022-01-19,2595.947021484375,2641.0,2715.0,2634.0,2705.0,24300
2022-01-20,2634.28173828125,2680.0,2707.0,2642.0,2642.0,14600
2022-01-21,2644.111328125,2690.0,2699.0,2669.0,2683.0,7900
2022-01-24,2691.29248046875,2738.0,2738.0,2670.0,2694.0,8400
2022-01-25,2680.47998046875,2727.0,2744.0,2687.0,2744.0,9500
2022-01-26,2605.776611328125,2651.0,2719.0,2641.0,2705.0,9500
2022-01-27,2560.561279296875,2605.0,2672.0,2593.0,2672.0,20600
2022-01-28,2609.708251953125,2655.0,2667.0,2597.0,2631.0,15100
2022-01-31,2624.452392578125,2670.0,2690.0,2636.0,2690.0,12200
2022-02-01,2592.015380859375,2637.0,2692.0,2637.0,2692.0,7500
2022-02-02,2677.53125,2724.0,2728.0,2634.0,2637.0,12800
2022-02-03,2662.787109375,2709.0,2739.0,2675.0,2725.0,3000
2022-02-04,2685.394775390625,2732.0,2733.0,2678.0,2717.0,6400
2022-02-07,2666.71875,2713.0,2749.0,2688.0,2749.0,3800
2022-02-08,2685.394775390625,2732.0,2766.0,2719.0,2719.0,9000
2022-02-09,2700.138916015625,2747.0,2749.0,2703.0,2748.0,7300
2022-02-10,2702.104736328125,2749.0,2780.0,2718.0,2780.0,6800
2022-02-14,2705.053466796875,2752.0,2762.0,2727.0,2749.0,5800
2022-02-15,2705.053466796875,2752.0,2760.0,2739.0,2754.0,6500
2022-02-16,2752.234619140625,2800.0,2800.0,2752.0,2752.0,10500
2022-02-17,2733.558837890625,2781.0,2809.0,2762.0,2784.0,7900
2022-02-18,2736.507568359375,2784.0,2786.0,2770.0,2781.0,5500
2022-02-21,2785.65478515625,2834.0,2838.0,2787.0,2800.0,7500
2022-02-22,2786.6376953125,2835.0,2835.0,2784.0,2800.0,12600
2022-02-24,2800.39892578125,2849.0,2849.0,2800.0,2820.0,15500
2022-02-25,2694.2412109375,2741.0,2851.0,2734.0,2851.0,18600
2022-02-28,2799.415771484375,2848.0,2856.0,2812.0,2841.0,18000
2022-03-01,2749.285888671875,2797.0,2861.0,2797.0,2830.0,10800
2022-03-02,2712.9169921875,2760.0,2794.0,2749.0,2794.0,8000
2022-03-03,2721.763671875,2769.0,2796.0,2751.0,2764.0,8900
2022-03-04,2691.29248046875,2738.0,2780.0,2738.0,2763.0,8200
2022-03-07,2668.684814453125,2715.0,2759.0,2700.0,2739.0,15200
2022-03-08,2669.667724609375,2716.0,2769.0,2691.0,2703.0,12600
2022-03-09,2686.377685546875,2733.0,2766.0,2726.0,2766.0,14600
2022-03-10,2798.432861328125,2847.0,2848.0,2783.0,2783.0,11600
2022-03-11,2789.58642578125,2838.0,2840.0,2787.0,2797.0,15000
2022-03-14,2750.268798828125,2798.0,2838.0,2777.0,2838.0,8700
2022-03-15,2766.978759765625,2815.0,2826.0,2768.0,2787.0,11400
2022-03-16,2797.449951171875,2846.0,2862.0,2802.0,2815.0,10600
2022-03-17,2862.32421875,2912.0,2916.0,2808.0,2846.0,11700
2022-03-18,2884.931640625,2935.0,2945.0,2912.0,2924.0,11300
2022-03-22,2930.14697265625,2981.0,3000.0,2904.0,2941.0,17000
2022-03-23,2948.822998046875,3000.0,3030.0,2978.0,2981.0,12000
2022-03-24,2973.396484375,3025.0,3025.0,2945.0,2993.0,10400
2022-03-25,2940.95947265625,2992.0,3025.0,2986.0,3010.0,11200
2022-03-28,2917.368896484375,2968.0,3030.0,2968.0,3030.0,10900
2022-03-29,2881.0,2931.0,2950.0,2883.0,2950.0,22100
2022-03-30,2835.0,2835.0,2901.0,2758.0,2881.0,12200
2022-03-31,2761.0,2761.0,2804.0,2742.0,2785.0,12400
2022-04-01,2803.0,2803.0,2817.0,2724.0,2766.0,11000
2022-04-04,2857.0,2857.0,2861.0,2793.0,2793.0,4700
2022-04-05,2837.0,2837.0,2865.0,2798.0,2857.0,9700
2022-04-06,2776.0,2776.0,2850.0,2774.0,2850.0,8200
2022-04-07,2743.0,2743.0,2776.0,2670.0,2776.0,9900
2022-04-08,2776.0,2776.0,2776.0,2708.0,2735.0,11800
2022-04-11,2704.0,2704.0,2776.0,2686.0,2776.0,7500
2022-04-12,2664.0,2664.0,2695.0,2619.0,2691.0,7000
2022-04-13,2733.0,2733.0,2744.0,2653.0,2664.0,11200
2022-04-14,2750.0,2750.0,2760.0,2691.0,2727.0,5900
2022-04-15,2728.0,2728.0,2750.0,2728.0,2750.0,1100
2022-04-18,2688.0,2688.0,2706.0,2667.0,2681.0,5000
2022-04-19,2652.0,2652.0,2695.0,2652.0,2680.0,3900
2022-04-20,2686.0,2686.0,2695.0,2648.0,2654.0,7300
2022-04-21,2704.0,2704.0,2704.0,2666.0,2700.0,8200
2022-04-22,2711.0,2711.0,2727.0,2647.0,2654.0,8400
2022-04-25,2693.0,2693.0,2708.0,2665.0,2671.0,2800
2022-04-26,2717.0,2717.0,2717.0,2690.0,2690.0,2400
2022-04-27,2652.0,2652.0,2716.0,2652.0,2716.0,14400
2022-04-28,2695.0,2695.0,2695.0,2617.0,2618.0,8800
2022-05-02,2672.0,2672.0,2706.0,2671.0,2706.0,1000
2022-05-06,2733.0,2733.0,2733.0,2688.0,2688.0,5900
2022-05-09,2743.0,2743.0,2767.0,2727.0,2749.0,5000
2022-05-10,2739.0,2739.0,2749.0,2718.0,2742.0,3600
2022-05-11,2643.0,2643.0,2706.0,2643.0,2689.0,3600
2022-05-12,2611.0,2611.0,2643.0,2605.0,2643.0,7900
2022-05-13,2777.0,2777.0,2778.0,2660.0,2660.0,6700
2022-05-16,2695.0,2695.0,2800.0,2695.0,2773.0,6700
2022-05-17,2725.0,2725.0,2735.0,2702.0,2714.0,6600
2022-05-18,2702.0,2702.0,2725.0,2686.0,2725.0,8500
2022-05-19,2674.0,2674.0,2682.0,2668.0,2668.0,2900
2022-05-20,2649.0,2649.0,2692.0,2649.0,2652.0,5400
2022-05-23,2641.0,2641.0,2672.0,2638.0,2643.0,8300
2022-05-24,2660.0,2660.0,2666.0,2605.0,2627.0,10100
2022-05-25,2658.0,2658.0,2680.0,2639.0,2639.0,5100
2022-05-26,2648.0,2648.0,2666.0,2641.0,2663.0,2100
2022-05-27,2675.0,2675.0,2690.0,2647.0,2681.0,4000
2022-05-30,2600.0,2600.0,2704.0,2600.0,2675.0,13900
2022-05-31,2633.0,2633.0,2637.0,2597.0,2632.0,7500
2022-06-01,2694.0,2694.0,2694.0,2633.0,2633.0,5800
2022-06-02,2643.0,2643.0,2673.0,2643.0,2673.0,4400
2022-06-03,2641.0,2641.0,2662.0,2634.0,2657.0,2900
2022-06-06,2638.0,2638.0,2638.0,2600.0,2605.0,7800
2022-06-07,2689.0,2689.0,2767.0,2678.0,2688.0,9800
2022-06-08,2713.0,2713.0,2727.0,2682.0,2682.0,7800
2022-06-09,2723.0,2723.0,2725.0,2699.0,2713.0,5400
2022-06-10,2645.0,2645.0,2684.0,2645.0,2680.0,8700
2022-06-13,2620.0,2620.0,2645.0,2620.0,2639.0,1800
2022-06-14,2608.0,2608.0,2645.0,2608.0,2610.0,9600
2022-06-15,2600.0,2600.0,2683.0,2600.0,2623.0,13300
2022-06-16,2606.0,2606.0,2643.0,2601.0,2602.0,7200
2022-06-17,2482.0,2482.0,2630.0,2482.0,2600.0,24700
2022-06-20,2451.0,2451.0,2530.0,2443.0,2515.0,14300
2022-06-21,2493.0,2493.0,2495.0,2460.0,2460.0,7700
2022-06-22,2465.0,2465.0,2501.0,2451.0,2493.0,7800
2022-06-23,2478.0,2478.0,2568.0,2466.0,2466.0,3400
2022-06-24,2465.0,2465.0,2536.0,2452.0,2486.0,3200
2022-06-27,2462.0,2462.0,2515.0,2456.0,2515.0,6000
2022-06-28,2578.0,2578.0,2578.0,2476.0,2476.0,5000
2022-06-29,2499.0,2499.0,2565.0,2499.0,2541.0,9300
2022-06-30,2476.0,2476.0,2530.0,2467.0,2501.0,8000
2022-07-01,2505.0,2505.0,2505.0,2435.0,2464.0,13700
2022-07-04,2524.0,2524.0,2524.0,2501.0,2505.0,5900
2022-07-05,2570.0,2570.0,2588.0,2511.0,2511.0,4400
2022-07-06,2541.0,2541.0,2556.0,2533.0,2550.0,7100
2022-07-07,2561.0,2561.0,2566.0,2537.0,2540.0,4800
2022-07-08,2522.0,2522.0,2575.0,2521.0,2552.0,11200
2022-07-11,2625.0,2625.0,2625.0,2533.0,2533.0,13100
2022-07-12,2530.0,2530.0,2619.0,2530.0,2619.0,6900
2022-07-13,2501.0,2501.0,2550.0,2500.0,2540.0,12700
2022-07-14,2481.0,2481.0,2501.0,2457.0,2501.0,10000
2022-07-15,2508.0,2508.0,2523.0,2456.0,2478.0,11700
2022-07-19,2533.0,2533.0,2543.0,2515.0,2518.0,3600
2022-07-20,2555.0,2555.0,2562.0,2534.0,2534.0,7200
2022-07-21,2565.0,2565.0,2568.0,2529.0,2529.0,4400
2022-07-22,2546.0,2546.0,2565.0,2546.0,2565.0,1700
2022-07-25,2530.0,2530.0,2555.0,2525.0,2550.0,7400
2022-07-26,2540.0,2540.0,2540.0,2528.0,2531.0,2500
2022-07-27,2533.0,2533.0,2570.0,2523.0,2540.0,3700
2022-07-28,2538.0,2538.0,2551.0,2510.0,2517.0,7400
2022-07-29,2506.0,2506.0,2538.0,2506.0,2538.0,4300
2022-08-01,2503.0,2503.0,2517.0,2492.0,2517.0,9000
2022-08-02,2457.0,2457.0,2503.0,2456.0,2503.0,14600
2022-08-03,2461.0,2461.0,2473.0,2432.0,2457.0,9900
2022-08-04,2437.0,2437.0,2473.0,2425.0,2462.0,12000
2022-08-05,2480.0,2480.0,2480.0,2446.0,2450.0,5100
2022-08-08,2443.0,2443.0,2498.0,2443.0,2491.0,8900
2022-08-09,2404.0,2404.0,2460.0,2390.0,2452.0,17100
2022-08-10,2391.0,2391.0,2420.0,2380.0,2409.0,18300
2022-08-12,2461.0,2461.0,2464.0,2400.0,2400.0,13800
2022-08-15,2478.0,2478.0,2495.0,2462.0,2462.0,9600
2022-08-16,2413.0,2413.0,2455.0,2413.0,2452.0,9800
2022-08-17,2456.0,2456.0,2456.0,2413.0,2413.0,7800
2022-08-18,2424.0,2424.0,2455.0,2424.0,2455.0,6700
2022-08-19,2441.0,2441.0,2443.0,2425.0,2425.0,3100
2022-08-22,2447.0,2447.0,2456.0,2435.0,2440.0,3200
2022-08-23,2441.0,2441.0,2448.0,2435.0,2447.0,2800
2022-08-24,2440.0,2440.0,2447.0,2432.0,2443.0,2900
2022-08-25,2446.0,2446.0,2447.0,2440.0,2440.0,1000
2022-08-26,2452.0,2452.0,2452.0,2441.0,2441.0,1400
2022-08-29,2414.0,2414.0,2452.0,2414.0,2452.0,8600
2022-08-30,2446.0,2446.0,2446.0,2422.0,2424.0,2300
2022-08-31,2411.0,2411.0,2435.0,2411.0,2418.0,3900
2022-09-01,2505.0,2505.0,2534.0,2465.0,2470.0,76900
2022-09-02,2525.0,2525.0,2529.0,2506.0,2510.0,31000
2022-09-05,2512.0,2512.0,2535.0,2511.0,2519.0,31400
2022-09-06,2506.0,2506.0,2539.0,2490.0,2511.0,30700
2022-09-07,2477.0,2477.0,2500.0,2471.0,2488.0,42600
2022-09-08,2482.0,2482.0,2495.0,2461.0,2470.0,30200
2022-09-09,2488.0,2488.0,2495.0,2469.0,2470.0,42900
2022-09-12,2496.0,2496.0,2547.0,2496.0,2524.0,17200
2022-09-13,2525.0,2525.0,2546.0,2484.0,2484.0,22000
2022-09-14,2453.631103515625,2503.0,2532.0,2489.0,2489.0,21100
2022-09-15,2441.86767578125,2491.0,2523.0,2491.0,2523.0,17200
2022-09-16,2432.06494140625,2481.0,2498.0,2481.0,2492.0,36100
2022-09-20,2479.1181640625,2529.0,2543.0,2490.0,2490.0,24800
2022-09-21,2486.96044921875,2537.0,2540.0,2504.0,2517.0,22000
2022-09-22,2471.276123046875,2521.0,2538.0,2513.0,2537.0,15100
2022-09-26,2460.492919921875,2510.0,2522.0,2492.0,2513.0,20500
2022-09-27,2454.611328125,2504.0,2523.0,2499.0,2522.0,46100
2022-09-28,2485.0,2535.0,2535.0,2484.0,2504.0,62100
2022-09-29,2462.0,2462.0,2490.0,2460.0,2489.0,32600
2022-09-30,2454.0,2454.0,2473.0,2435.0,2460.0,18000
2022-10-03,2457.0,2457.0,2457.0,2408.0,2434.0,21800
2022-10-04,2540.0,2540.0,2547.0,2476.0,2476.0,23600
2022-10-05,2561.0,2561.0,2594.0,2540.0,2540.0,15700
2022-10-06,2579.0,2579.0,2600.0,2552.0,2552.0,13800
2022-10-07,2588.0,2588.0,2594.0,2534.0,2534.0,15400
2022-10-11,2489.0,2489.0,2566.0,2486.0,2544.0,16100
2022-10-12,2515.0,2515.0,2528.0,2478.0,2488.0,19100
2022-10-13,2498.0,2498.0,2527.0,2471.0,2480.0,11100
2022-10-14,2570.0,2570.0,2573.0,2498.0,2498.0,17300
2022-10-17,2537.0,2537.0,2544.0,2532.0,2535.0,4000
2022-10-18,2577.0,2577.0,2590.0,2544.0,2544.0,7900
2022-10-19,2616.0,2616.0,2616.0,2582.0,2582.0,12700
2022-10-20,2608.0,2608.0,2608.0,2583.0,2587.0,6800
2022-10-21,2557.0,2557.0,2595.0,2557.0,2593.0,5700
2022-10-24,2540.0,2540.0,2577.0,2526.0,2560.0,8600
2022-10-25,2570.0,2570.0,2585.0,2540.0,2556.0,8500
2022-10-26,2606.0,2606.0,2609.0,2580.0,2580.0,6200
2022-10-27,2583.0,2583.0,2609.0,2583.0,2609.0,5700
2022-10-28,2460.0,2460.0,2575.0,2460.0,2574.0,44600
2022-10-31,2526.0,2526.0,2538.0,2506.0,2510.0,13600
2022-11-01,2553.0,2553.0,2568.0,2528.0,2528.0,4200
2022-11-02,2553.0,2553.0,2575.0,2553.0,2561.0,4400
2022-11-04,2523.0,2523.0,2563.0,2523.0,2563.0,7100
2022-11-07,2502.0,2502.0,2545.0,2502.0,2540.0,7200
2022-11-08,2520.0,2520.0,2531.0,2508.0,2531.0,6700
2022-11-09,2859.0,2859.0,2877.0,2720.0,2720.0,118300
2022-11-10,2889.0,2889.0,2924.0,2850.0,2857.0,59200
2022-11-11,2917.0,2917.0,2948.0,2890.0,2900.0,35100
2022-11-14,2883.0,2883.0,2929.0,2881.0,2915.0,16600
2022-11-15,2850.0,2850.0,2916.0,2843.0,2883.0,16500
2022-11-16,2911.0,2911.0,2917.0,2834.0,2843.0,18400
2022-11-17,2914.0,2914.0,2933.0,2887.0,2897.0,14800
2022-11-18,2936.0,2936.0,2973.0,2929.0,2936.0,25700
2022-11-21,2896.0,2896.0,2936.0,2896.0,2930.0,16700
2022-11-22,2888.0,2888.0,2919.0,2883.0,2911.0,16100
2022-11-24,2920.0,2920.0,2929.0,2896.0,2896.0,23900
2022-11-25,2968.0,2968.0,2986.0,2920.0,2920.0,33900
2022-11-28,2949.0,2949.0,2968.0,2923.0,2968.0,28000
2022-11-29,2919.0,2919.0,2947.0,2891.0,2919.0,29300
2022-11-30,2904.0,2904.0,2930.0,2891.0,2919.0,25500
2022-12-01,2846.0,2846.0,2905.0,2843.0,2904.0,30100
2022-12-02,2902.0,2902.0,2905.0,2829.0,2856.0,26800
2022-12-05,2843.0,2843.0,2894.0,2823.0,2894.0,23200
2022-12-06,2833.0,2833.0,2854.0,2822.0,2822.0,15900
2022-12-07,2874.0,2874.0,2874.0,2824.0,2833.0,12200
2022-12-08,2822.0,2822.0,2859.0,2811.0,2859.0,29900
2022-12-09,2785.0,2785.0,2814.0,2730.0,2787.0,43400
2022-12-12,2811.0,2811.0,2814.0,2753.0,2780.0,15100
2022-12-13,2777.0,2777.0,2824.0,2775.0,2811.0,25400
2022-12-14,2807.0,2807.0,2817.0,2790.0,2790.0,14200
2022-12-15,2802.0,2802.0,2808.0,2776.0,2807.0,14500
2022-12-16,2801.0,2801.0,2839.0,2777.0,2800.0,36500
2022-12-19,2756.0,2756.0,2784.0,2749.0,2783.0,22800
2022-12-20,2732.0,2732.0,2804.0,2701.0,2760.0,32100
2022-12-21,2692.0,2692.0,2768.0,2680.0,2762.0,27500
2022-12-22,2700.0,2700.0,2706.0,2660.0,2676.0,25500
2022-12-23,2685.0,2685.0,2695.0,2655.0,2694.0,15200
2022-12-26,2675.0,2675.0,2681.0,2657.0,2678.0,7700
2022-12-27,2690.0,2690.0,2690.0,2652.0,2675.0,11000
2022-12-28,2687.0,2687.0,2690.0,2660.0,2690.0,12800
2022-12-29,2765.0,2765.0,2767.0,2667.0,2679.0,26300
2022-12-30,2748.0,2748.0,2771.0,2741.0,2766.0,7100
2023-01-04,2716.0,2716.0,2774.0,2692.0,2774.0,16400
2023-01-05,2754.0,2754.0,2758.0,2711.0,2716.0,21300
2023-01-06,2754.0,2754.0,2785.0,2745.0,2754.0,14600
2023-01-10,2727.0,2727.0,2777.0,2704.0,2777.0,18800
2023-01-11,2745.0,2745.0,2745.0,2710.0,2742.0,13000
2023-01-12,2691.0,2691.0,2755.0,2681.0,2748.0,20000
2023-01-13,2678.0,2678.0,2691.0,2656.0,2691.0,19000
2023-01-16,2692.0,2692.0,2722.0,2672.0,2711.0,18700
2023-01-17,2717.0,2717.0,2738.0,2668.0,2697.0,22100
2023-01-18,2728.0,2728.0,2747.0,2708.0,2740.0,14500
2023-01-19,2714.0,2714.0,2744.0,2704.0,2728.0,21100
2023-01-20,2758.0,2758.0,2766.0,2714.0,2714.0,13400
2023-01-23,2765.0,2765.0,2774.0,2745.0,2764.0,12700
2023-01-24,2808.0,2808.0,2820.0,2774.0,2777.0,23000
2023-01-25,2860.0,2860.0,2862.0,2808.0,2808.0,17800
2023-01-26,2847.0,2847.0,2855.0,2822.0,2849.0,12500
2023-01-27,2873.0,2873.0,2882.0,2847.0,2864.0,22100
2023-01-30,2877.0,2877.0,2890.0,2871.0,2873.0,21000
2023-01-31,2872.0,2872.0,2899.0,2850.0,2877.0,15000
2023-02-01,2890.0,2890.0,2890.0,2860.0,2882.0,13800
2023-02-02,2844.0,2844.0,2890.0,2844.0,2890.0,22000
2023-02-03,2856.0,2856.0,2856.0,2751.0,2827.0,18800
2023-02-06,2871.0,2871.0,2878.0,2856.0,2856.0,12100
2023-02-07,2838.0,2838.0,2880.0,2760.0,2869.0,19000
2023-02-08,2839.0,2839.0,2845.0,2800.0,2800.0,11900
2023-02-09,2868.0,2868.0,2886.0,2837.0,2839.0,13400
2023-02-10,2909.0,2909.0,2935.0,2864.0,2867.0,29800
2023-02-13,2926.0,2926.0,2939.0,2900.0,2919.0,19800
2023-02-14,2958.0,2958.0,2963.0,2926.0,2926.0,20900
2023-02-15,2963.0,2963.0,2979.0,2954.0,2968.0,18000
2023-02-16,2944.0,2944.0,2985.0,2943.0,2948.0,14300
2023-02-17,2935.0,2935.0,2944.0,2920.0,2944.0,13800
2023-02-20,2941.0,2941.0,2968.0,2934.0,2935.0,12400
2023-02-21,2956.0,2956.0,2983.0,2939.0,2941.0,12100
2023-02-22,2951.0,2951.0,2951.0,2912.0,2931.0,16800
2023-02-24,2964.0,2964.0,2973.0,2942.0,2951.0,17100
2023-02-27,3000.0,3000.0,3000.0,2964.0,2971.0,21000
2023-02-28,2951.0,2951.0,3000.0,2951.0,3000.0,13100
2023-03-01,2981.0,2981.0,2992.0,2959.0,2961.0,9100
2023-03-02,2905.0,2905.0,2994.0,2901.0,2981.0,14000
2023-03-03,2936.0,2936.0,2937.0,2901.0,2905.0,13400
2023-03-06,2928.0,2928.0,2950.0,2917.0,2949.0,10400
2023-03-07,2909.0,2909.0,2925.0,2902.0,2925.0,12700
2023-03-08,2895.0,2895.0,2904.0,2880.0,2889.0,9000
2023-03-09,2892.0,2892.0,2907.0,2882.0,2890.0,9400
2023-03-10,2819.0,2819.0,2932.0,2805.0,2876.0,45800
2023-03-13,2815.0,2815.0,2820.0,2745.0,2813.0,21400
2023-03-14,2740.0,2740.0,2784.0,2702.0,2775.0,22100
2023-03-15,2770.0,2770.0,2779.0,2726.0,2740.0,13100
2023-03-16,2718.0,2718.0,2723.0,2687.0,2710.0,13900
2023-03-17,2707.0,2707.0,2751.0,2698.0,2710.0,13500
2023-03-20,2634.0,2634.0,2714.0,2634.0,2714.0,14600
2023-03-22,2673.0,2673.0,2680.0,2650.0,2651.0,8000
2023-03-23,2662.0,2662.0,2662.0,2635.0,2635.0,7700
2023-03-29,2762.0,2762.0,2764.0,2708.0,2719.0,22200
2023-03-24,2678.0,2678.0,2689.0,2641.0,2652.0,16100
2023-03-27,2728.0,2728.0,2734.0,2677.0,2699.0,15400
2023-03-28,2700.0,2700.0,2719.0,2700.0,2717.0,9800
2023-03-27,2678.615478515625,2728.0,2734.0,2677.0,2699.0,15400
2023-03-28,2651.122314453125,2700.0,2719.0,2700.0,2717.0,9800
2023-03-29,2712.0,2762.0,2764.0,2708.0,2719.0,22200
2023-03-30,2721.0,2721.0,2726.0,2705.0,2712.0,11700
2023-03-31,2750.0,2750.0,2760.0,2715.0,2716.0,9700
2023-04-03,2777.0,2777.0,2794.0,2764.0,2777.0,10700
2023-04-04,2821.0,2821.0,2829.0,2774.0,2777.0,11600
2023-04-05,2779.0,2779.0,2798.0,2750.0,2791.0,11400
2023-04-06,2722.0,2722.0,2772.0,2710.0,2772.0,9600
2023-04-07,2761.0,2761.0,2778.0,2729.0,2747.0,10900
2023-04-10,2755.0,2755.0,2770.0,2740.0,2761.0,6000
2023-04-11,2762.0,2762.0,2770.0,2751.0,2768.0,5800
2023-04-12,2809.0,2809.0,2817.0,2764.0,2767.0,5600
2023-04-18,2810.0,2810.0,2842.0,2789.0,2842.0,6500
2023-04-13,2813.0,2813.0,2815.0,2799.0,2809.0,4500
2023-04-14,2839.0,2839.0,2851.0,2796.0,2809.0,7200
2023-04-17,2797.0,2797.0,2820.0,2781.0,2820.0,5300
2023-04-21,2789.0,2789.0,2789.0,2766.0,2766.0,5100
2023-04-18,2810.0,2810.0,2842.0,2772.0,2842.0,6500
2023-04-19,2795.0,2795.0,2800.0,2775.0,2797.0,4200
2023-04-20,2796.0,2796.0,2811.0,2786.0,2795.0,4700
2023-04-21,2789.0,2789.0,2810.0,2766.0,2766.0,5100
2023-04-24,2778.0,2778.0,2789.0,2762.0,2789.0,5100
2023-04-28,2831.0,2831.0,2835.0,2771.0,2771.0,5500
2023-04-25,2813.0,2813.0,2813.0,2779.0,2790.0,5400
2023-04-26,2782.0,2782.0,2799.0,2763.0,2780.0,5800
2023-04-27,2771.0,2771.0,2780.0,2766.0,2769.0,7200
2023-04-28,2831.0,2831.0,2835.0,2771.0,2771.0,7100
2023-05-01,2820.0,2820.0,2837.0,2802.0,2827.0,6600
2023-05-02,2811.0,2811.0,2811.0,2776.0,2811.0,10400
2023-05-08,2823.0,2823.0,2837.0,2805.0,2812.0,5800
2023-05-09,2858.0,2858.0,2859.0,2818.0,2823.0,8200
2023-05-10,2838.0,2838.0,2862.0,2832.0,2858.0,4700
2023-05-11,2817.0,2817.0,2844.0,2807.0,2813.0,2200
2023-05-12,2812.0,2812.0,2837.0,2799.0,2837.0,7800
2023-05-15,2800.0,2800.0,2825.0,2768.0,2811.0,8000
2023-05-16,2759.0,2759.0,2800.0,2750.0,2800.0,9000
2023-05-17,2776.0,2776.0,2780.0,2749.0,2779.0,10100
2023-05-18,2742.0,2742.0,2782.0,2742.0,2782.0,7500
2023-05-19,2752.0,2752.0,2771.0,2749.0,2749.0,6400
2023-05-22,2796.0,2796.0,2799.0,2752.0,2773.0,5600
2023-05-23,2766.0,2766.0,2796.0,2754.0,2796.0,9600
2023-05-24,2798.0,2798.0,2799.0,2747.0,2747.0,6100
2023-05-25,2765.0,2765.0,2798.0,2763.0,2798.0,4900
2023-05-26,2761.0,2761.0,2767.0,2745.0,2765.0,7000
2023-05-29,2809.0,2809.0,2841.0,2769.0,2803.0,11500
2023-05-30,2799.0,2799.0,2820.0,2790.0,2818.0,9100
2023-05-31,2730.0,2730.0,2809.0,2726.0,2809.0,20300
2023-06-01,2762.0,2762.0,2770.0,2731.0,2731.0,8100
2023-06-02,2800.0,2800.0,2801.0,2754.0,2754.0,9400
2023-06-05,2862.0,2862.0,2870.0,2827.0,2838.0,13000
2023-06-06,2869.0,2869.0,2872.0,2830.0,2830.0,9100
2023-06-07,2860.0,2860.0,2909.0,2855.0,2855.0,15700
2023-06-08,2872.0,2872.0,2896.0,2860.0,2886.0,13600
2023-06-09,2900.0,2900.0,2930.0,2885.0,2885.0,18200
2023-06-12,2959.0,2959.0,2959.0,2900.0,2900.0,10900
2023-06-13,2972.0,2972.0,2991.0,2954.0,2959.0,16800
2023-06-14,3005.0,3005.0,3030.0,2970.0,2972.0,16900
2023-06-15,3030.0,3030.0,3045.0,3000.0,3010.0,10500
2023-06-16,3060.0,3060.0,3080.0,2990.0,3015.0,21500
2023-06-19,3100.0,3100.0,3100.0,3060.0,3060.0,4800
2023-06-20,3100.0,3100.0,3100.0,3065.0,3070.0,6300
2023-06-21,3115.0,3115.0,3150.0,3095.0,3100.0,9800
2023-06-22,3095.0,3095.0,3125.0,3080.0,3095.0,15400
2023-06-23,3080.0,3080.0,3165.0,3050.0,3105.0,13300
2023-06-26,3080.0,3080.0,3110.0,3040.0,3075.0,4400
2023-06-27,3115.0,3115.0,3115.0,3055.0,3080.0,5100
2023-06-28,3215.0,3215.0,3215.0,3115.0,3115.0,10900
2023-06-29,3220.0,3220.0,3235.0,3160.0,3210.0,8200
2023-06-30,3165.0,3165.0,3210.0,3100.0,3190.0,13600
2023-07-03,3195.0,3195.0,3210.0,3150.0,3165.0,6600
2023-07-04,3150.0,3150.0,3175.0,3140.0,3175.0,8700
2023-07-05,3055.0,3055.0,3120.0,3045.0,3120.0,12700
2023-07-06,3110.0,3110.0,3130.0,2984.0,3045.0,13000
2023-07-07,3055.0,3055.0,3090.0,3010.0,3040.0,16000
2023-07-10,3170.0,3170.0,3200.0,3060.0,3060.0,19800
2023-07-11,3105.0,3105.0,3205.0,3090.0,3170.0,12100
2023-07-12,3125.0,3125.0,3175.0,3100.0,3145.0,7800
2023-07-13,3090.0,3090.0,3125.0,3065.0,3100.0,13100
2023-07-14,3050.0,3050.0,3105.0,3050.0,3105.0,6700
2023-07-18,3110.0,3110.0,3110.0,3030.0,3040.0,4200
2023-07-19,3145.0,3145.0,3150.0,3110.0,3110.0,5800
2023-07-20,3060.0,3060.0,3135.0,3060.0,3125.0,18500
2023-07-21,3145.0,3145.0,3160.0,3030.0,3030.0,13400
2023-07-24,3215.0,3215.0,3230.0,3125.0,3145.0,9200
2023-07-25,3205.0,3205.0,3255.0,3180.0,3180.0,13600
2023-07-26,3205.0,3205.0,3230.0,3195.0,3230.0,5100
2023-08-01,3240.0,3240.0,3315.0,3235.0,3240.0,16100
2023-07-27,3195.0,3195.0,3210.0,3175.0,3210.0,6500
2023-07-28,3180.0,3180.0,3205.0,3155.0,3190.0,8100
2023-07-31,3235.0,3235.0,3250.0,3200.0,3200.0,5600
2023-08-04,3185.0,3185.0,3190.0,3120.0,3150.0,14400
2023-08-01,3240.0,3240.0,3315.0,3235.0,3240.0,17000
2023-08-02,3285.0,3285.0,3305.0,3215.0,3245.0,13900
2023-08-03,3165.0,3165.0,3270.0,3150.0,3270.0,19900
2023-08-04,3185.0,3185.0,3190.0,3120.0,3150.0,15300
2023-08-07,3230.0,3230.0,3255.0,3120.0,3120.0,12200
2023-08-08,3295.0,3295.0,3315.0,3160.0,3200.0,16900
2023-08-09,3200.0,3200.0,3300.0,3200.0,3270.0,13600
2023-08-10,3240.0,3240.0,3270.0,3165.0,3215.0,11900
2023-08-14,3200.0,3200.0,3295.0,3195.0,3225.0,9600
2023-08-15,3230.0,3230.0,3250.0,3185.0,3200.0,5100
2023-08-16,3215.0,3215.0,3225.0,3195.0,3225.0,2200
2023-08-17,3150.0,3150.0,3215.0,3095.0,3215.0,7200
2023-08-18,3145.0,3145.0,3155.0,3110.0,3135.0,5700
2023-08-21,3130.0,3130.0,3140.0,3110.0,3135.0,3000
2023-08-22,3140.0,3140.0,3155.0,3125.0,3135.0,2700
2023-08-23,3185.0,3185.0,3185.0,3130.0,3150.0,2600
2023-08-24,3215.0,3215.0,3235.0,3180.0,3180.0,4700
2023-08-25,3180.0,3180.0,3210.0,3180.0,3210.0,3600
2023-08-28,3240.0,3240.0,3250.0,3215.0,3220.0,3900
2023-08-29,3260.0,3260.0,3275.0,3240.0,3245.0,4200
2023-08-30,3205.0,3205.0,3255.0,3205.0,3255.0,6900
2023-08-31,3250.0,3250.0,3260.0,3220.0,3220.0,5600
2023-09-06,3310.0,3310.0,3335.0,3300.0,3320.0,8700
2023-09-01,3280.0,3280.0,3315.0,3245.0,3255.0,13200
2023-09-04,3290.0,3290.0,3325.0,3285.0,3295.0,12800
2023-09-05,3320.0,3320.0,3340.0,3250.0,3315.0,11100
2023-09-06,3310.0,3310.0,3340.0,3300.0,3320.0,8700
2023-09-07,3270.0,3270.0,3340.0,3265.0,3310.0,11500
2023-09-08,3255.0,3255.0,3280.0,3230.0,3230.0,11400
